t_1	1_1_1
t_2	1_1_1
t_3	1_1_1
t_4	1_1_1
t_5	1_1_1
t_6	1_1_1
t_7	1_1_1
t_8	1_1_1
t_9	1_1_1
t_10	1_2_1
t_11	1_2_1
t_12	1_2_1
t_13	1_2_1
t_14	1_2_1
t_15	1_2_1
t_16	1_2_1
t_17	1_2_1
t_18	1_2_1
t_19	1_2_1
t_20	1_2_1
t_21	1_2_1
t_22	1_2_1
t_23	1_2_1
t_24	1_3_1
t_25	1_3_1
t_26	1_3_1
t_27	1_3_1
t_28	1_3_1
t_29	1_3_1
t_30	1_3_1
t_31	1_3_1
t_32	1_3_1
t_33	1_3_1
t_34	1_3_1
t_35	1_3_1
t_36	1_3_1
t_37	1_3_1
t_38	1_3_1
t_39	1_3_1
t_40	1_3_1
t_41	1_3_1
t_42	1_3_1
t_43	1_3_1
t_44	1_3_1
t_45	1_3_1
t_46	1_3_1
t_47	1_3_1
t_48	1_3_1
t_49	1_3_1
t_50	1_3_1
t_51	1_3_1
t_52	1_3_1
t_53	1_3_1
t_54	1_3_1
t_55	1_3_1
t_56	1_3_1
t_57	1_3_1
t_58	1_3_1
t_59	1_4_1
t_60	1_4_1
t_61	1_4_1
t_62	1_4_1
t_63	1_4_1
t_64	1_4_1
t_65	1_4_1
t_66	1_4_1
t_67	1_4_1
t_68	1_4_1
t_69	1_4_1
t_70	1_4_1
t_71	1_4_1
t_72	1_4_1
t_73	1_4_1
t_74	1_4_1
t_75	1_4_1
t_76	1_4_1
t_77	1_4_1
t_78	1_4_1
t_79	1_4_1
t_80	1_4_1
t_81	1_4_1
t_82	1_4_1
t_83	1_4_1
t_84	1_4_1
t_85	1_4_1
t_86	1_5_1
t_87	1_5_1
t_88	1_5_1
t_89	1_5_1
t_90	1_5_1
t_91	1_5_1
t_92	1_5_1
t_93	1_5_1
t_94	1_5_1
t_95	1_5_1
t_96	1_5_1
t_97	1_5_1
t_98	1_5_1
t_99	1_5_1
t_100	1_5_1
t_101	1_5_1
t_102	1_5_1
t_103	1_5_1
t_104	1_5_1
t_105	1_5_1
t_106	1_5_1
t_107	1_5_1
t_108	1_5_1
t_109	1_5_1
t_110	1_5_1
t_111	1_5_1
t_112	1_5_1
t_113	1_5_1
t_114	1_5_1
t_115	1_5_1
t_116	1_5_1
t_117	1_5_1
t_118	1_5_1
t_119	1_5_1
t_120	1_6_1
t_121	1_6_1
t_122	1_6_1
t_123	1_6_1
t_124	1_6_1
t_125	1_6_1
t_126	1_6_1
t_127	1_6_1
t_128	1_6_1
t_129	1_6_1
t_130	1_6_1
t_131	1_6_1
t_132	1_6_1
t_133	1_6_1
t_134	1_6_1
t_135	1_6_1
t_136	1_6_1
t_137	1_6_1
t_138	1_6_1
t_139	1_6_1
t_140	1_6_1
t_141	1_6_1
t_142	1_6_1
t_143	1_6_1
t_144	1_6_1
t_145	1_6_1
t_146	1_6_1
t_147	1_6_1
t_148	1_6_1
t_149	1_6_1
t_150	1_6_1
t_151	1_6_1
t_152	1_6_1
t_153	1_6_1
t_154	1_6_1
t_155	1_6_1
t_156	1_6_1
t_157	1_6_1
t_158	1_6_1
t_159	1_6_1
t_160	1_6_1
t_161	1_6_1
t_162	1_6_1
t_163	1_6_1
t_164	1_6_1
t_165	1_6_1
t_166	1_6_1
t_167	1_6_1
t_168	1_6_1
t_169	1_6_1
t_170	1_6_1
t_171	1_6_1
t_172	1_6_1
t_173	1_6_1
t_174	1_6_1
t_175	1_6_1
t_176	1_6_1
t_177	1_6_1
t_178	1_6_1
t_179	1_6_1
t_180	1_6_1
t_181	1_6_1
t_182	1_6_1
t_183	1_6_1
t_184	1_6_1
t_185	1_6_1
t_186	1_6_1
t_187	1_6_1
t_188	1_6_1
t_189	1_6_1
t_190	1_6_1
t_191	1_6_1
t_192	1_6_1
t_193	1_6_1
t_194	1_6_1
t_195	1_6_1
t_196	1_6_1
t_197	1_6_1
t_198	1_7_1
t_199	1_7_1
t_200	1_7_1
t_201	1_7_1
t_202	1_7_1
t_203	1_7_1
t_204	1_7_1
t_205	1_7_1
t_206	1_7_1
t_207	1_7_1
t_208	1_7_1
t_209	1_7_1
t_210	1_7_1
t_211	1_7_1
t_212	1_7_1
t_213	1_7_1
t_214	1_7_1
t_215	1_7_1
t_216	1_7_1
t_217	1_7_1
t_218	1_7_1
t_219	1_7_1
t_220	1_7_1
t_221	1_7_1
t_222	1_7_1
t_223	1_7_1
t_224	1_7_1
t_225	1_7_1
t_226	1_7_1
t_227	1_7_1
t_228	1_7_1
t_229	1_7_1
t_230	1_7_1
t_231	1_7_1
t_232	1_7_1
t_233	1_7_1
t_234	1_7_1
t_235	1_7_1
t_236	1_7_1
t_237	1_7_1
t_238	1_7_1
t_239	1_7_1
t_240	1_7_1
t_241	1_7_1
t_242	1_7_2
t_243	1_7_2
t_244	1_7_2
t_245	1_7_2
t_246	1_7_2
t_247	1_7_2
t_248	1_7_2
t_249	1_7_2
t_250	1_7_2
t_251	1_7_2
t_252	1_7_2
t_253	1_7_2
t_254	1_7_2
t_255	1_7_2
t_256	1_7_2
t_257	1_7_2
t_258	1_7_2
t_259	1_7_2
t_260	1_7_2
t_261	1_7_2
t_262	1_7_2
t_263	1_7_2
t_264	1_7_2
t_265	1_7_2
t_266	1_7_2
t_267	1_7_2
t_268	1_7_2
t_269	1_7_2
t_270	1_7_2
t_271	1_7_2
t_272	1_7_2
t_273	1_7_2
t_274	1_7_2
t_275	1_7_2
t_276	1_7_2
t_277	1_7_2
t_278	1_7_2
t_279	1_7_2
t_280	1_7_2
t_281	1_7_2
t_282	1_7_2
t_283	1_7_2
t_284	1_7_3
t_285	1_7_3
t_286	1_7_3
t_287	1_7_3
t_288	1_7_3
t_289	1_7_3
t_290	1_7_3
t_291	1_7_3
t_292	1_7_3
t_293	1_7_3
t_294	1_7_3
t_295	1_7_3
t_296	1_7_3
t_297	1_7_3
t_298	1_7_3
t_299	1_7_3
t_300	1_7_3
t_301	1_7_3
t_302	1_7_3
t_303	1_7_3
t_304	1_7_3
t_305	1_7_3
t_306	1_7_3
t_307	1_7_3
t_308	1_7_3
t_309	1_7_3
t_310	1_7_3
t_311	1_7_3
t_312	1_7_3
t_313	1_7_3
t_314	1_7_3
t_315	1_7_3
t_316	1_7_3
t_317	1_7_3
t_318	1_7_3
t_319	1_7_3
t_320	1_7_3
t_321	1_7_3
t_322	1_7_3
t_323	1_7_3
t_324	1_7_3
t_325	1_7_3
t_326	1_7_3
t_327	1_7_3
t_328	1_7_3
t_329	1_7_3
t_330	1_8_1
t_331	1_8_1
t_332	1_8_1
t_333	1_8_1
t_334	1_8_1
t_335	1_8_1
t_336	1_8_1
t_337	1_8_1
t_338	1_8_1
t_339	1_8_1
t_340	1_8_1
t_341	1_8_1
t_342	1_8_1
t_343	1_8_1
t_344	1_8_1
t_345	1_8_1
t_346	1_8_1
t_347	1_8_1
t_348	1_8_1
t_349	1_8_1
t_350	1_8_1
t_351	1_8_1
t_352	1_8_1
t_353	1_8_1
t_354	1_8_1
t_355	1_8_1
t_356	1_8_1
t_357	1_8_1
t_358	1_8_1
t_359	1_8_1
t_360	1_8_1
t_361	1_8_1
t_362	1_8_1
t_363	1_8_1
t_364	1_8_1
t_365	1_8_1
t_366	1_8_1
t_367	1_8_1
t_368	1_8_1
t_369	1_8_1
t_370	1_8_1
t_371	1_8_1
t_372	1_8_1
t_373	1_8_1
t_374	1_8_1
t_375	1_8_1
t_376	1_8_1
t_377	1_8_1
t_378	1_8_1
t_379	1_8_1
t_380	1_8_1
t_381	1_8_1
t_382	1_8_1
t_383	1_8_1
t_384	1_8_2
t_385	1_8_2
t_386	1_8_2
t_387	1_8_2
t_388	1_8_2
t_389	1_8_2
t_390	1_8_2
t_391	1_8_2
t_392	1_8_2
t_393	1_8_2
t_394	1_8_2
t_395	1_8_2
t_396	1_8_2
t_397	1_8_2
t_398	1_8_2
t_399	1_8_2
t_400	1_8_2
t_401	1_8_2
t_402	1_8_2
t_403	1_8_2
t_404	1_8_2
t_405	1_8_2
t_406	1_8_2
t_407	1_8_2
t_408	1_8_2
t_409	1_8_2
t_410	1_8_2
t_411	1_8_2
t_412	1_8_2
t_413	1_8_2
t_414	1_8_2
t_415	1_8_2
t_416	1_8_2
t_417	1_8_2
t_418	1_8_2
t_419	1_8_2
t_420	1_8_2
t_421	1_8_2
t_422	1_8_2
t_423	1_8_2
t_424	1_8_2
t_425	1_8_2
t_426	1_8_2
t_427	1_8_2
t_428	1_8_2
t_429	1_8_2
t_430	1_8_2
t_431	1_8_2
t_432	1_8_2
t_433	1_8_2
t_434	1_8_2
t_435	1_8_2
t_436	1_9_1
t_437	1_9_1
t_438	1_9_1
t_439	1_9_1
t_440	1_9_1
t_441	1_9_1
t_442	1_9_1
t_443	1_9_1
t_444	1_9_1
t_445	1_9_1
t_446	1_9_1
t_447	1_9_1
t_448	1_9_1
t_449	1_9_1
t_450	1_9_1
t_451	1_9_1
t_452	1_9_1
t_453	1_9_1
t_454	1_9_1
t_455	1_9_1
t_456	1_9_1
t_457	1_9_1
t_458	1_9_1
t_459	1_9_1
t_460	1_9_1
t_461	1_9_1
t_462	1_9_1
t_463	1_9_1
t_464	1_9_1
t_465	1_9_1
t_466	1_9_1
t_467	1_9_1
t_468	1_9_1
t_469	1_9_1
t_470	1_9_1
t_471	1_9_1
t_472	1_9_1
t_473	1_9_1
t_474	1_9_1
t_475	1_9_1
t_476	1_9_1
t_477	1_9_1
t_478	1_9_1
t_479	1_9_2
t_480	1_9_2
t_481	1_9_2
t_482	1_9_2
t_483	1_9_2
t_484	1_9_2
t_485	1_9_2
t_486	1_9_2
t_487	1_9_2
t_488	1_9_2
t_489	1_9_2
t_490	1_9_2
t_491	1_9_2
t_492	1_9_2
t_493	1_9_2
t_494	1_9_2
t_495	1_9_2
t_496	1_9_2
t_497	1_9_2
t_498	1_9_2
t_499	1_9_2
t_500	1_9_2
t_501	1_9_2
t_502	1_9_2
t_503	1_9_2
t_504	1_9_2
t_505	1_9_2
t_506	1_9_2
t_507	1_9_2
t_508	1_9_2
t_509	1_9_2
t_510	1_9_2
t_511	1_9_2
t_512	1_9_2
t_513	1_9_2
t_514	1_9_2
t_515	1_9_2
t_516	1_9_2
t_517	1_9_2
t_518	1_9_2
t_519	1_9_2
t_520	1_9_2
t_521	1_9_3
t_522	1_9_3
t_523	1_9_3
t_524	1_9_3
t_525	1_9_3
t_526	1_9_3
t_527	1_9_3
t_528	1_9_3
t_529	1_9_3
t_530	1_9_3
t_531	1_9_3
t_532	1_9_3
t_533	1_9_3
t_534	1_9_3
t_535	1_9_3
t_536	1_9_3
t_537	1_9_3
t_538	1_9_3
t_539	1_9_3
t_540	1_9_3
t_541	1_9_3
t_542	1_9_3
t_543	1_9_3
t_544	1_9_3
t_545	1_9_3
t_546	1_9_3
t_547	1_9_3
t_548	1_9_3
t_549	1_9_3
t_550	1_9_3
t_551	1_9_3
t_552	1_9_3
t_553	1_10_1
t_554	1_10_1
t_555	1_10_1
t_556	1_10_1
t_557	1_10_1
t_558	1_10_1
t_559	1_10_1
t_560	1_10_1
t_561	1_10_1
t_562	1_10_1
t_563	1_10_1
t_564	1_10_1
t_565	1_10_1
t_566	1_10_1
t_567	1_10_1
t_568	1_10_1
t_569	1_10_1
t_570	1_10_1
t_571	1_10_1
t_572	1_10_1
t_573	1_10_1
t_574	1_10_1
t_575	1_10_1
t_576	1_10_1
t_577	1_10_1
t_578	1_10_1
t_579	1_10_1
t_580	1_10_1
t_581	1_10_1
t_582	1_10_1
t_583	1_10_1
t_584	1_10_1
t_585	1_10_1
t_586	1_10_1
t_587	1_10_1
t_588	1_10_1
t_589	1_10_1
t_590	1_10_1
t_591	1_10_1
t_592	1_10_1
t_593	1_10_1
t_594	1_10_1
t_595	1_10_1
t_596	1_10_1
t_597	1_10_1
t_598	1_10_1
t_599	1_10_1
t_600	1_10_1
t_601	1_10_1
t_602	1_10_1
t_603	1_10_1
t_604	1_10_1
t_605	1_10_1
t_606	1_10_1
t_607	1_11_1
t_608	1_11_1
t_609	1_11_1
t_610	1_11_1
t_611	1_11_1
t_612	1_11_1
t_613	1_11_1
t_614	1_11_1
t_615	1_11_1
t_616	1_11_1
t_617	1_11_1
t_618	1_11_1
t_619	1_11_1
t_620	1_11_1
t_621	1_11_1
t_622	1_11_1
t_623	1_11_1
t_624	1_11_1
t_625	1_11_1
t_626	1_11_1
t_627	1_11_1
t_628	1_11_1
t_629	1_11_1
t_630	1_11_1
t_631	1_11_1
t_632	1_11_1
t_633	1_11_1
t_634	1_12_1
t_635	1_12_1
t_636	1_12_1
t_637	1_12_1
t_638	1_12_1
t_639	1_12_1
t_640	1_12_1
t_641	1_12_1
t_642	1_12_1
t_643	1_12_1
t_644	1_12_1
t_645	1_12_1
t_646	1_12_1
t_647	1_12_1
t_648	1_12_1
t_649	1_12_1
t_650	1_12_1
t_651	1_12_1
t_652	1_12_1
t_653	1_12_1
t_654	1_12_1
t_655	1_12_1
t_656	1_12_1
t_657	1_12_1
t_658	1_12_1
t_659	1_12_1
t_660	1_12_1
t_661	1_12_1
t_662	1_12_1
t_663	1_12_1
t_664	1_12_1
t_665	1_12_1
t_666	1_12_1
t_667	1_12_1
t_668	1_12_1
t_669	1_12_1
t_670	1_12_1
t_671	1_12_1
t_672	1_12_1
t_673	1_12_1
t_674	1_12_1
t_675	1_12_1
t_676	1_12_1
t_677	1_12_1
t_678	1_13_1
t_679	1_13_1
t_680	1_13_1
t_681	1_13_1
t_682	1_13_1
t_683	1_13_1
t_684	1_13_1
t_685	1_13_1
t_686	1_13_1
t_687	1_13_1
t_688	1_13_1
t_689	1_13_1
t_690	1_13_1
t_691	1_13_1
t_692	1_13_1
t_693	1_13_1
t_694	1_13_1
t_695	1_13_1
t_696	1_13_1
t_697	1_13_1
t_698	1_13_1
t_699	1_13_1
t_700	1_13_1
t_701	1_13_1
t_702	1_13_1
t_703	1_13_1
t_704	1_13_1
t_705	1_13_1
t_706	1_13_1
t_707	1_13_1
t_708	1_13_1
t_709	1_13_1
t_710	1_13_1
t_711	1_13_1
t_712	1_13_1
t_713	1_13_1
t_714	1_13_1
t_715	1_13_1
t_716	1_13_1
t_717	1_13_1
t_718	1_13_1
t_719	1_13_1
t_720	1_13_1
t_721	1_13_1
t_722	1_13_1
t_723	1_13_1
t_724	1_13_1
t_725	1_14_1
t_726	1_14_1
t_727	1_14_1
t_728	1_14_1
t_729	1_14_1
t_730	1_14_1
t_731	1_14_1
t_732	1_14_1
t_733	1_14_1
t_734	1_14_1
t_735	1_14_1
t_736	1_14_1
t_737	1_14_1
t_738	1_14_1
t_739	1_14_1
t_740	1_14_1
t_741	1_14_1
t_742	1_14_1
t_743	1_14_1
t_744	1_14_1
t_745	1_14_1
t_746	1_14_1
t_747	1_14_1
t_748	1_14_1
t_749	1_14_1
t_750	1_14_1
t_751	1_14_1
t_752	1_14_1
t_753	1_14_1
t_754	1_14_1
t_755	1_14_1
t_756	1_14_1
t_757	1_14_1
t_758	1_14_1
t_759	1_14_1
t_760	1_14_1
t_761	1_14_1
t_762	1_14_1
t_763	1_14_1
t_764	1_14_1
t_765	1_14_1
t_766	1_14_1
t_767	1_14_1
t_768	1_14_1
t_769	1_14_1
t_770	1_14_1
t_771	1_14_1
t_772	1_14_1
t_773	1_14_1
t_774	1_14_2
t_775	1_14_2
t_776	1_14_2
t_777	1_14_2
t_778	1_14_2
t_779	1_14_2
t_780	1_14_2
t_781	1_14_2
t_782	1_14_2
t_783	1_14_2
t_784	1_14_2
t_785	1_14_2
t_786	1_14_2
t_787	1_14_2
t_788	1_14_2
t_789	1_14_2
t_790	1_14_2
t_791	1_14_2
t_792	1_14_2
t_793	1_14_2
t_794	1_14_2
t_795	1_14_2
t_796	1_14_2
t_797	1_14_2
t_798	1_14_2
t_799	1_14_2
t_800	1_14_2
t_801	1_14_2
t_802	1_14_2
t_803	1_14_2
t_804	1_14_2
t_805	1_14_2
t_806	1_14_2
t_807	1_14_2
t_808	1_14_2
t_809	1_14_2
t_810	1_14_2
t_811	1_14_2
t_812	1_14_2
t_813	1_14_2
t_814	1_14_2
t_815	1_14_2
t_816	1_14_2
t_817	1_14_2
t_818	1_14_2
t_819	1_14_2
t_820	1_14_2
t_821	1_14_2
t_822	1_14_2
t_823	1_14_2
t_824	1_14_2
t_825	1_14_2
t_826	1_14_2
t_827	1_14_2
t_828	1_14_2
t_829	1_14_2
t_830	1_14_2
t_831	1_14_2
t_832	1_14_2
t_833	1_14_2
t_834	1_14_2
t_835	1_14_2
t_836	1_14_2
t_837	1_14_2
t_838	1_14_2
t_839	1_15_1
t_840	1_15_1
t_841	1_15_1
t_842	1_15_1
t_843	1_15_1
t_844	1_15_1
t_845	1_15_1
t_846	1_15_1
t_847	1_15_1
t_848	1_15_1
t_849	1_15_1
t_850	1_15_1
t_851	1_15_1
t_852	1_15_1
t_853	1_15_1
t_854	1_15_1
t_855	1_15_1
t_856	1_15_1
t_857	1_15_1
t_858	1_15_1
t_859	1_15_1
t_860	1_15_1
t_861	1_15_1
t_862	1_15_1
t_863	1_15_1
t_864	1_15_1
t_865	1_15_1
t_866	1_15_1
t_867	1_15_1
t_868	1_15_1
t_869	1_15_1
t_870	1_15_1
t_871	1_15_1
t_872	1_15_1
t_873	1_15_1
t_874	1_15_1
t_875	1_15_1
t_876	1_15_1
t_877	1_15_1
t_878	1_15_1
t_879	1_15_1
t_880	1_15_1
t_881	1_15_2
t_882	1_15_2
t_883	1_15_2
t_884	1_15_2
t_885	1_15_2
t_886	1_15_2
t_887	1_15_2
t_888	1_15_2
t_889	1_15_2
t_890	1_15_2
t_891	1_15_2
t_892	1_15_2
t_893	1_15_2
t_894	1_15_2
t_895	1_15_2
t_896	1_15_2
t_897	1_15_2
t_898	1_15_2
t_899	1_15_2
t_900	1_15_2
t_901	1_15_2
t_902	1_15_2
t_903	1_15_2
t_904	1_15_2
t_905	1_15_2
t_906	1_15_2
t_907	1_15_2
t_908	1_15_2
t_909	1_15_2
t_910	1_15_2
t_911	1_15_2
t_912	1_15_2
t_913	1_15_2
t_914	1_15_2
t_915	1_15_2
t_916	1_15_2
t_917	1_15_2
t_918	1_15_2
t_919	1_15_2
t_920	1_15_2
t_921	1_15_2
t_922	1_15_2
t_923	1_15_2
t_924	1_15_2
t_925	1_15_3
t_926	1_15_3
t_927	1_15_3
t_928	1_15_3
t_929	1_15_3
t_930	1_15_3
t_931	1_15_3
t_932	1_15_3
t_933	1_15_3
t_934	1_15_3
t_935	1_15_3
t_936	1_15_3
t_937	1_15_3
t_938	1_15_3
t_939	1_15_3
t_940	1_15_3
t_941	1_15_3
t_942	1_15_3
t_943	1_15_3
t_944	1_15_3
t_945	1_15_3
t_946	1_15_3
t_947	1_15_3
t_948	1_15_3
t_949	1_15_3
t_950	1_15_3
t_951	1_15_3
t_952	1_15_3
t_953	1_15_3
t_954	1_15_3
t_955	1_15_3
t_956	1_15_3
t_957	1_15_3
t_958	1_15_3
t_959	1_15_3
t_960	1_15_3
t_961	1_15_3
t_962	1_15_3
t_963	1_15_3
t_964	1_15_3
t_965	1_15_3
t_966	1_15_3
t_967	1_15_3
t_968	1_16_1
t_969	1_16_1
t_970	1_16_1
t_971	1_16_1
t_972	1_16_1
t_973	1_16_1
t_974	1_16_1
t_975	1_16_1
t_976	1_16_1
t_977	1_16_1
t_978	1_16_1
t_979	1_16_1
t_980	1_16_1
t_981	1_16_1
t_982	1_16_1
t_983	1_16_1
t_984	1_16_1
t_985	1_16_1
t_986	1_16_1
t_987	1_16_1
t_988	1_16_1
t_989	1_16_1
t_990	1_16_1
t_991	1_16_1
t_992	1_16_1
t_993	1_16_1
t_994	1_16_1
t_995	1_16_1
t_996	1_16_1
t_997	1_16_1
t_998	1_16_1
t_999	1_16_1
t_1000	1_16_1
t_1001	1_16_1
t_1002	1_16_1
t_1003	1_16_1
t_1004	1_16_1
t_1005	1_16_1
t_1006	1_16_1
t_1007	1_16_1
t_1008	1_16_1
t_1009	1_16_1
t_1010	1_16_1
t_1011	1_16_1
t_1012	1_16_1
t_1013	1_16_1
t_1014	1_16_1
t_1015	1_16_1
t_1016	1_16_1
t_1017	1_16_1
t_1018	1_16_1
t_1019	1_16_1
t_1020	1_16_1
t_1021	1_16_1
t_1022	1_16_1
t_1023	1_16_1
t_1024	1_16_1
t_1025	1_16_2
t_1026	1_16_2
t_1027	1_16_2
t_1028	1_16_2
t_1029	1_16_2
t_1030	1_16_2
t_1031	1_16_2
t_1032	1_16_2
t_1033	1_16_2
t_1034	1_16_2
t_1035	1_16_2
t_1036	1_16_2
t_1037	1_16_2
t_1038	1_16_2
t_1039	1_16_2
t_1040	1_16_2
t_1041	1_16_2
t_1042	1_16_2
t_1043	1_16_2
t_1044	1_16_2
t_1045	1_16_2
t_1046	1_16_2
t_1047	1_16_2
t_1048	1_16_2
t_1049	1_16_2
t_1050	1_16_2
t_1051	1_16_2
t_1052	1_16_2
t_1053	1_16_2
t_1054	1_16_2
t_1055	1_16_2
t_1056	1_16_2
t_1057	1_16_2
t_1058	1_16_2
t_1059	1_16_2
t_1060	1_16_2
t_1061	1_16_2
t_1062	1_16_2
t_1063	1_16_2
t_1064	1_16_2
t_1065	1_16_2
t_1066	1_16_2
t_1067	1_16_2
t_1068	1_16_2
t_1069	1_16_2
t_1070	1_16_2
t_1071	1_16_2
t_1072	1_16_2
t_1073	1_16_2
t_1074	1_16_2
t_1075	1_16_2
t_1076	1_16_2
t_1077	1_16_2
t_1078	1_16_2
t_1079	1_16_2
t_1080	1_16_2
t_1081	1_16_2
t_1082	1_16_2
t_1083	1_16_2
t_1084	1_16_2
t_1085	1_16_2
t_1086	1_16_2
t_1087	1_16_2
t_1088	1_16_2
t_1089	1_16_2
t_1090	1_16_2
t_1091	1_16_2
t_1092	1_16_2
t_1093	1_16_2
t_1094	1_16_2
t_1095	1_16_2
t_1096	1_16_2
t_1097	1_16_2
t_1098	1_16_2
t_1099	1_16_2
t_1100	1_16_2
t_1101	1_16_2
t_1102	1_16_2
t_1103	1_16_2
t_1104	1_16_2
t_1105	1_16_2
t_1106	1_16_2
t_1107	1_16_2
t_1108	1_16_2
t_1109	1_16_3
t_1110	1_16_3
t_1111	1_16_3
t_1112	1_16_3
t_1113	1_16_3
t_1114	1_16_3
t_1115	1_16_3
t_1116	1_16_3
t_1117	1_16_3
t_1118	1_16_3
t_1119	1_16_3
t_1120	1_16_3
t_1121	1_16_3
t_1122	1_16_3
t_1123	1_16_3
t_1124	1_16_3
t_1125	1_16_3
t_1126	1_16_3
t_1127	1_16_3
t_1128	1_16_3
t_1129	1_16_3
t_1130	1_16_3
t_1131	1_16_3
t_1132	1_16_3
t_1133	1_16_3
t_1134	1_16_3
t_1135	1_16_3
t_1136	1_16_3
t_1137	1_16_3
t_1138	1_16_3
t_1139	1_16_3
t_1140	1_16_3
t_1141	1_16_3
t_1142	1_16_3
t_1143	1_16_3
t_1144	1_16_3
t_1145	1_16_3
t_1146	1_16_3
t_1147	1_16_3
t_1148	1_16_3
t_1149	1_16_3
t_1150	1_16_3
t_1151	1_16_3
t_1152	1_16_3
t_1153	1_16_3
t_1154	1_16_3
t_1155	1_16_3
t_1156	1_16_3
t_1157	1_16_3
t_1158	1_16_3
t_1159	1_16_3
t_1160	1_16_3
t_1161	1_16_3
t_1162	1_16_3
t_1163	1_16_3
t_1164	1_16_3
t_1165	1_16_3
t_1166	1_16_3
t_1167	1_16_3
t_1168	1_16_3
t_1169	1_16_3
t_1170	1_16_3
t_1171	1_16_3
t_1172	1_16_3
t_1173	1_16_3
t_1174	1_16_3
t_1175	1_16_3
t_1176	1_16_3
t_1177	1_16_3
t_1178	1_16_3
t_1179	1_16_3
t_1180	1_16_4
t_1181	1_16_4
t_1182	1_16_4
t_1183	1_16_4
t_1184	1_16_4
t_1185	1_16_4
t_1186	1_16_4
t_1187	1_16_4
t_1188	1_16_4
t_1189	1_16_4
t_1190	1_16_4
t_1191	1_16_4
t_1192	1_16_4
t_1193	1_16_4
t_1194	1_16_4
t_1195	1_16_4
t_1196	1_16_4
t_1197	1_16_4
t_1198	1_16_4
t_1199	1_16_4
t_1200	1_16_4
t_1201	1_16_4
t_1202	1_16_4
t_1203	1_16_4
t_1204	1_16_4
t_1205	1_16_4
t_1206	1_16_4
t_1207	1_16_4
t_1208	1_16_4
t_1209	1_16_4
t_1210	1_16_4
t_1211	1_16_4
t_1212	1_16_4
t_1213	1_16_4
t_1214	1_16_4
t_1215	1_16_4
t_1216	1_16_4
t_1217	1_16_4
t_1218	1_16_4
t_1219	1_16_4
t_1220	1_16_4
t_1221	1_16_4
t_1222	1_16_4
t_1223	1_16_4
t_1224	1_16_4
t_1225	1_16_4
t_1226	1_16_4
t_1227	1_16_4
t_1228	1_16_4
t_1229	1_16_4
t_1230	1_16_4
t_1231	1_16_4
t_1232	1_16_4
t_1233	1_16_4
t_1234	1_16_4
t_1235	1_16_4
t_1236	1_16_4
t_1237	1_16_4
t_1238	1_16_4
t_1239	1_16_4
t_1240	1_16_4
t_1241	1_16_4
t_1242	1_16_4
t_1243	1_16_4
t_1244	1_16_4
t_1245	1_16_4
t_1246	1_16_4
t_1247	1_16_4
t_1248	1_16_4
t_1249	1_16_5
t_1250	1_16_5
t_1251	1_16_5
t_1252	1_16_5
t_1253	1_16_5
t_1254	1_16_5
t_1255	1_16_5
t_1256	1_16_5
t_1257	1_16_5
t_1258	1_16_5
t_1259	1_16_5
t_1260	1_16_5
t_1261	1_16_5
t_1262	1_16_5
t_1263	1_16_5
t_1264	1_16_5
t_1265	1_16_5
t_1266	1_16_5
t_1267	1_16_5
t_1268	1_16_5
t_1269	1_16_5
t_1270	1_16_5
t_1271	1_16_5
t_1272	1_16_5
t_1273	1_16_5
t_1274	1_16_5
t_1275	1_16_5
t_1276	1_16_5
t_1277	1_16_5
t_1278	1_16_5
t_1279	1_16_5
t_1280	1_16_5
t_1281	1_16_5
t_1282	1_16_5
t_1283	1_16_5
t_1284	1_16_5
t_1285	1_16_5
t_1286	1_16_5
t_1287	1_16_5
t_1288	1_16_5
t_1289	1_16_5
t_1290	1_16_5
t_1291	1_16_5
t_1292	1_16_5
t_1293	1_16_5
t_1294	1_16_5
t_1295	1_16_5
t_1296	1_16_5
t_1297	1_16_5
t_1298	1_16_5
t_1299	1_16_5
t_1300	1_16_5
t_1301	1_16_5
t_1302	1_16_5
t_1303	1_16_5
t_1304	1_16_5
t_1305	1_16_5
t_1306	1_16_5
t_1307	1_16_5
t_1308	1_16_5
t_1309	1_16_5
t_1310	1_16_5
t_1311	1_16_5
t_1312	1_16_5
t_1313	1_16_5
t_1314	1_16_5
t_1315	1_16_5
t_1316	1_16_5
t_1317	1_16_5
t_1318	1_16_5
t_1319	1_16_6
t_1320	1_16_6
t_1321	1_16_6
t_1322	1_16_6
t_1323	1_16_6
t_1324	1_16_6
t_1325	1_16_6
t_1326	1_16_6
t_1327	1_16_6
t_1328	1_16_6
t_1329	1_16_6
t_1330	1_16_6
t_1331	1_16_6
t_1332	1_16_6
t_1333	1_16_6
t_1334	1_16_6
t_1335	1_16_6
t_1336	1_16_6
t_1337	1_16_6
t_1338	1_16_6
t_1339	1_16_6
t_1340	1_16_6
t_1341	1_16_6
t_1342	1_16_6
t_1343	1_16_6
t_1344	1_16_6
t_1345	1_16_6
t_1346	1_16_6
t_1347	1_16_6
t_1348	1_16_6
t_1349	1_16_6
t_1350	1_16_6
t_1351	1_16_6
t_1352	1_16_6
t_1353	1_16_6
t_1354	1_16_6
t_1355	1_16_6
t_1356	1_16_6
t_1357	1_16_6
t_1358	1_16_6
t_1359	1_16_6
t_1360	1_16_6
t_1361	1_16_6
t_1362	1_16_6
t_1363	1_16_6
t_1364	1_16_6
t_1365	1_16_6
t_1366	1_16_6
t_1367	1_16_6
t_1368	1_16_6
t_1369	1_16_6
t_1370	1_16_6
t_1371	1_16_6
t_1372	1_16_6
t_1373	1_16_6
t_1374	1_16_6
t_1375	1_16_7
t_1376	1_16_7
t_1377	1_16_7
t_1378	1_16_7
t_1379	1_16_7
t_1380	1_16_7
t_1381	1_16_7
t_1382	1_16_7
t_1383	1_16_7
t_1384	1_16_7
t_1385	1_16_7
t_1386	1_16_7
t_1387	1_16_7
t_1388	1_16_7
t_1389	1_16_7
t_1390	1_16_7
t_1391	1_16_7
t_1392	1_16_7
t_1393	1_16_7
t_1394	1_16_7
t_1395	1_16_7
t_1396	1_16_7
t_1397	1_16_7
t_1398	1_16_7
t_1399	1_16_7
t_1400	1_16_7
t_1401	1_16_7
t_1402	1_16_7
t_1403	1_16_7
t_1404	1_16_7
t_1405	1_16_7
t_1406	1_16_7
t_1407	1_16_7
t_1408	1_16_7
t_1409	1_16_7
t_1410	1_16_7
t_1411	1_16_7
t_1412	1_16_7
t_1413	1_16_7
t_1414	1_16_7
t_1415	1_16_7
t_1416	1_16_7
t_1417	1_16_7
t_1418	1_16_7
t_1419	1_16_7
t_1420	1_16_7
t_1421	1_16_7
t_1422	1_16_7
t_1423	1_16_7
t_1424	1_16_7
t_1425	1_16_7
t_1426	1_16_7
t_1427	1_16_7
t_1428	1_16_7
t_1429	1_16_7
t_1430	1_16_7
t_1431	1_16_7
t_1432	1_16_7
t_1433	1_16_7
t_1434	1_16_7
t_1435	1_16_7
t_1436	1_16_7
t_1437	1_16_7
t_1438	1_16_7
t_1439	1_16_7
t_1440	1_16_7
t_1441	1_16_7
t_1442	1_16_7
t_1443	1_16_7
t_1444	1_16_7
t_1445	1_16_7
t_1446	1_16_7
t_1447	1_16_7
t_1448	1_16_7
t_1449	1_16_7
t_1450	1_16_7
t_1451	1_16_7
t_1452	1_16_7
t_1453	1_16_7
t_1454	1_16_7
t_1455	1_16_7
t_1456	1_16_7
t_1457	1_16_7
t_1458	1_16_7
t_1459	1_16_7
t_1460	1_16_7
t_1461	1_16_7
t_1462	1_16_7
t_1463	1_16_7
t_1464	1_16_8
t_1465	1_16_8
t_1466	1_16_8
t_1467	1_16_8
t_1468	1_16_8
t_1469	1_16_8
t_1470	1_16_8
t_1471	1_16_8
t_1472	1_16_8
t_1473	1_16_8
t_1474	1_16_8
t_1475	1_16_8
t_1476	1_16_8
t_1477	1_16_8
t_1478	1_16_8
t_1479	1_16_8
t_1480	1_16_8
t_1481	1_16_8
t_1482	1_16_8
t_1483	1_16_8
t_1484	1_16_8
t_1485	1_16_8
t_1486	1_16_8
t_1487	1_16_8
t_1488	1_16_8
t_1489	1_16_8
t_1490	1_16_8
t_1491	1_16_8
t_1492	1_16_8
t_1493	1_16_8
t_1494	1_16_8
t_1495	1_16_8
t_1496	1_16_8
t_1497	1_16_8
t_1498	1_16_8
t_1499	1_16_8
t_1500	1_16_8
t_1501	1_16_8
t_1502	1_16_8
t_1503	1_16_8
t_1504	1_16_8
t_1505	1_16_8
t_1506	1_16_8
t_1507	1_16_8
t_1508	1_16_8
t_1509	1_16_8
t_1510	1_16_8
t_1511	1_16_8
t_1512	1_16_8
t_1513	1_16_8
t_1514	1_16_8
t_1515	1_16_8
t_1516	1_16_8
t_1517	1_16_8
t_1518	1_16_9
t_1519	1_16_9
t_1520	1_16_9
t_1521	1_16_9
t_1522	1_16_9
t_1523	1_16_9
t_1524	1_16_9
t_1525	1_16_9
t_1526	1_16_9
t_1527	1_16_9
t_1528	1_16_9
t_1529	1_16_9
t_1530	1_16_9
t_1531	1_16_9
t_1532	1_16_9
t_1533	1_16_9
t_1534	1_16_9
t_1535	1_16_9
t_1536	1_16_9
t_1537	1_16_9
t_1538	1_16_9
t_1539	1_16_9
t_1540	1_16_9
t_1541	1_16_9
t_1542	1_16_9
t_1543	1_16_9
t_1544	1_16_9
t_1545	1_16_9
t_1546	1_16_9
t_1547	1_16_9
t_1548	1_16_9
t_1549	1_16_9
t_1550	1_16_9
t_1551	1_16_9
t_1552	1_16_9
t_1553	1_16_9
t_1554	1_16_9
t_1555	1_16_9
t_1556	1_16_9
t_1557	1_16_9
t_1558	1_16_9
t_1559	1_16_9
t_1560	1_16_9
t_1561	1_16_9
t_1562	1_16_9
t_1563	1_16_9
t_1564	1_16_9
t_1565	1_16_9
t_1566	1_16_9
t_1567	1_16_9
t_1568	1_16_9
t_1569	1_16_9
t_1570	1_16_9
t_1571	1_16_9
t_1572	1_16_9
t_1573	1_16_9
t_1574	1_16_9
t_1575	1_16_9
t_1576	1_16_9
t_1577	1_16_9
t_1578	1_16_9
t_1579	1_16_9
t_1580	1_16_9
t_1581	1_16_9
t_1582	1_16_9
t_1583	1_16_9
t_1584	1_16_9
t_1585	1_16_9
t_1586	1_16_9
t_1587	1_16_9
t_1588	1_16_10
t_1589	1_16_10
t_1590	1_16_10
t_1591	1_16_10
t_1592	1_16_10
t_1593	1_16_10
t_1594	1_16_10
t_1595	1_16_10
t_1596	1_16_10
t_1597	1_16_10
t_1598	1_16_10
t_1599	1_16_10
t_1600	1_16_10
t_1601	1_16_10
t_1602	1_16_10
t_1603	1_16_10
t_1604	1_16_10
t_1605	1_16_10
t_1606	1_16_10
t_1607	1_16_10
t_1608	1_16_10
t_1609	1_16_10
t_1610	1_16_10
t_1611	1_17_1
t_1612	1_17_1
t_1613	1_17_1
t_1614	1_17_1
t_1615	1_17_1
t_1616	1_17_1
t_1617	1_17_1
t_1618	1_17_1
t_1619	1_17_1
t_1620	1_17_1
t_1621	1_17_1
t_1622	1_17_1
t_1623	1_17_1
t_1624	1_17_1
t_1625	1_17_1
t_1626	1_17_1
t_1627	1_17_1
t_1628	1_17_1
t_1629	1_17_1
t_1630	1_17_1
t_1631	1_17_1
t_1632	1_17_1
t_1633	1_17_1
t_1634	1_17_1
t_1635	1_17_1
t_1636	1_17_1
t_1637	1_17_1
t_1638	1_17_1
t_1639	1_17_1
t_1640	1_17_1
t_1641	1_17_1
t_1642	1_17_1
t_1643	1_17_1
t_1644	1_17_1
t_1645	1_17_1
t_1646	1_17_1
t_1647	1_17_1
t_1648	1_17_1
t_1649	1_17_1
t_1650	1_17_1
t_1651	1_17_1
t_1652	1_17_1
t_1653	1_17_1
t_1654	1_17_1
t_1655	1_17_1
t_1656	1_17_1
t_1657	1_17_1
t_1658	1_17_1
t_1659	1_17_1
t_1660	1_17_1
t_1661	1_17_1
t_1662	1_17_1
t_1663	1_17_1
t_1664	1_17_1
t_1665	1_17_1
t_1666	1_17_1
t_1667	1_17_1
t_1668	1_17_1
t_1669	1_17_1
t_1670	1_17_1
t_1671	1_17_1
t_1672	1_17_1
t_1673	1_17_1
t_1674	1_17_1
t_1675	1_17_1
t_1676	1_17_1
t_1677	1_17_1
t_1678	1_17_2
t_1679	1_17_2
t_1680	1_17_2
t_1681	1_17_2
t_1682	1_17_2
t_1683	1_17_2
t_1684	1_17_2
t_1685	1_17_2
t_1686	1_17_2
t_1687	1_17_2
t_1688	1_17_2
t_1689	1_17_2
t_1690	1_17_2
t_1691	1_17_2
t_1692	1_17_2
t_1693	1_17_2
t_1694	1_17_2
t_1695	1_17_2
t_1696	1_17_2
t_1697	1_17_2
t_1698	1_17_2
t_1699	1_17_2
t_1700	1_17_2
t_1701	1_17_2
t_1702	1_17_2
t_1703	1_17_2
t_1704	1_17_2
t_1705	1_17_2
t_1706	1_17_2
t_1707	1_17_2
t_1708	1_17_3
t_1709	1_17_3
t_1710	1_17_3
t_1711	1_17_3
t_1712	1_17_3
t_1713	1_17_3
t_1714	1_17_3
t_1715	1_17_3
t_1716	1_17_3
t_1717	1_17_3
t_1718	1_17_3
t_1719	1_17_3
t_1720	1_17_3
t_1721	1_17_3
t_1722	1_17_3
t_1723	1_17_3
t_1724	1_17_3
t_1725	1_17_3
t_1726	1_17_3
t_1727	1_17_3
t_1728	1_17_3
t_1729	1_17_3
t_1730	1_17_3
t_1731	1_17_3
t_1732	1_17_3
t_1733	1_17_3
t_1734	1_17_3
t_1735	1_17_3
t_1736	1_17_3
t_1737	1_17_3
t_1738	1_17_3
t_1739	1_17_3
t_1740	1_17_3
t_1741	1_17_3
t_1742	1_17_3
t_1743	1_17_3
t_1744	1_17_3
t_1745	1_17_3
t_1746	1_17_3
t_1747	1_17_3
t_1748	1_17_3
t_1749	1_17_3
t_1750	1_17_3
t_1751	1_17_3
t_1752	1_17_3
t_1753	1_17_3
t_1754	1_17_3
t_1755	1_17_3
t_1756	1_17_3
t_1757	1_17_3
t_1758	1_17_3
t_1759	1_17_3
t_1760	1_17_3
t_1761	1_17_3
t_1762	1_17_3
t_1763	1_17_3
t_1764	1_17_3
t_1765	1_17_3
t_1766	1_17_3
t_1767	1_17_3
t_1768	1_17_3
t_1769	1_17_3
t_1770	1_17_3
t_1771	1_17_3
t_1772	1_17_3
t_1773	1_17_3
t_1774	1_17_3
t_1775	1_17_4
t_1776	1_17_4
t_1777	1_17_4
t_1778	1_17_4
t_1779	1_17_4
t_1780	1_17_4
t_1781	1_17_4
t_1782	1_17_4
t_1783	1_17_4
t_1784	1_17_4
t_1785	1_17_4
t_1786	1_17_4
t_1787	1_17_4
t_1788	1_17_4
t_1789	1_17_4
t_1790	1_17_4
t_1791	1_17_4
t_1792	1_17_4
t_1793	1_17_4
t_1794	1_17_4
t_1795	1_17_4
t_1796	1_17_4
t_1797	1_17_4
t_1798	1_17_4
t_1799	1_17_4
t_1800	1_17_4
t_1801	1_17_4
t_1802	1_17_4
t_1803	1_17_4
t_1804	1_17_4
t_1805	1_17_4
t_1806	1_17_4
t_1807	1_17_4
t_1808	1_17_4
t_1809	1_17_4
t_1810	1_17_4
t_1811	1_17_4
t_1812	1_17_4
t_1813	1_17_4
t_1814	1_17_4
t_1815	1_17_4
t_1816	1_17_4
t_1817	1_17_4
t_1818	1_17_4
t_1819	1_17_4
t_1820	1_17_4
t_1821	1_17_4
t_1822	1_17_4
t_1823	1_17_4
t_1824	1_17_4
t_1825	1_17_4
t_1826	1_17_4
t_1827	1_17_4
t_1828	1_17_4
t_1829	1_17_4
t_1830	1_17_4
t_1831	1_17_4
t_1832	1_17_4
t_1833	1_17_4
t_1834	1_17_4
t_1835	1_17_4
t_1836	1_17_4
t_1837	1_17_4
t_1838	1_17_4
t_1839	1_17_5
t_1840	1_17_5
t_1841	1_17_5
t_1842	1_17_5
t_1843	1_17_5
t_1844	1_17_5
t_1845	1_17_5
t_1846	1_17_5
t_1847	1_17_5
t_1848	1_17_5
t_1849	1_17_5
t_1850	1_17_5
t_1851	1_17_5
t_1852	1_17_5
t_1853	1_17_5
t_1854	1_17_5
t_1855	1_17_5
t_1856	1_17_5
t_1857	1_17_5
t_1858	1_17_5
t_1859	1_17_5
t_1860	1_17_5
t_1861	1_17_5
t_1862	1_17_5
t_1863	1_17_5
t_1864	1_17_5
t_1865	1_17_5
t_1866	1_17_5
t_1867	1_17_5
t_1868	1_17_5
t_1869	1_17_5
t_1870	1_17_5
t_1871	1_17_5
t_1872	1_17_5
t_1873	1_17_5
t_1874	1_17_5
t_1875	1_17_5
t_1876	1_17_5
t_1877	1_17_6
t_1878	1_17_6
t_1879	1_17_6
t_1880	1_17_6
t_1881	1_17_6
t_1882	1_17_6
t_1883	1_17_6
t_1884	1_17_6
t_1885	1_17_6
t_1886	1_17_6
t_1887	1_17_6
t_1888	1_17_6
t_1889	1_17_6
t_1890	1_17_6
t_1891	1_17_6
t_1892	1_17_6
t_1893	1_17_6
t_1894	1_17_6
t_1895	1_17_6
t_1896	1_17_6
t_1897	1_17_6
t_1898	1_17_6
t_1899	1_17_6
t_1900	1_17_6
t_1901	1_17_6
t_1902	1_17_6
t_1903	1_17_6
t_1904	1_17_6
t_1905	1_17_6
t_1906	1_17_6
t_1907	1_17_6
t_1908	1_17_6
t_1909	1_17_6
t_1910	1_17_6
t_1911	1_17_6
t_1912	1_17_6
t_1913	1_17_6
t_1914	1_17_6
t_1915	1_17_6
t_1916	1_17_6
t_1917	1_17_6
t_1918	1_17_6
t_1919	1_17_6
t_1920	1_17_6
t_1921	1_17_6
t_1922	1_17_6
t_1923	1_17_6
t_1924	1_17_6
t_1925	1_17_6
t_1926	1_17_6
t_1927	1_17_6
t_1928	1_17_6
t_1929	1_17_6
t_1930	1_17_6
t_1931	1_17_6
t_1932	1_17_6
t_1933	1_17_6
t_1934	1_17_6
t_1935	1_17_6
t_1936	1_17_7
t_1937	1_17_7
t_1938	1_17_7
t_1939	1_17_7
t_1940	1_17_7
t_1941	1_17_7
t_1942	1_17_7
t_1943	1_17_7
t_1944	1_17_7
t_1945	1_17_7
t_1946	1_17_7
t_1947	1_17_7
t_1948	1_17_7
t_1949	1_17_7
t_1950	1_17_7
t_1951	1_17_7
t_1952	1_17_7
t_1953	1_17_7
t_1954	1_17_7
t_1955	1_17_7
t_1956	1_17_7
t_1957	1_17_7
t_1958	1_17_7
t_1959	1_17_7
t_1960	1_17_7
t_1961	1_17_7
t_1962	1_17_7
t_1963	1_17_7
t_1964	1_17_7
t_1965	1_17_7
t_1966	1_17_7
t_1967	1_17_7
t_1968	1_17_7
t_1969	1_17_7
t_1970	1_17_7
t_1971	1_17_7
t_1972	1_17_7
t_1973	1_17_7
t_1974	1_17_7
t_1975	1_17_7
t_1976	1_17_7
t_1977	1_17_7
t_1978	1_17_7
t_1979	1_17_7
t_1980	1_17_7
t_1981	1_17_7
t_1982	1_17_7
t_1983	1_17_7
t_1984	1_17_7
t_1985	1_17_7
t_1986	1_17_7
t_1987	1_17_7
t_1988	1_17_7
t_1989	1_17_7
t_1990	1_17_7
t_1991	1_17_7
t_1992	1_17_8
t_1993	1_17_8
t_1994	1_17_8
t_1995	1_17_8
t_1996	1_17_8
t_1997	1_17_8
t_1998	1_17_8
t_1999	1_17_8
t_2000	1_17_8
t_2001	1_17_8
t_2002	1_17_8
t_2003	1_17_8
t_2004	1_17_8
t_2005	1_17_8
t_2006	1_17_8
t_2007	1_17_8
t_2008	1_17_8
t_2009	1_17_8
t_2010	1_17_8
t_2011	1_17_8
t_2012	1_17_8
t_2013	1_17_8
t_2014	1_17_8
t_2015	1_17_8
t_2016	1_17_8
t_2017	1_17_8
t_2018	1_17_8
t_2019	1_17_8
t_2020	1_17_8
t_2021	1_17_8
t_2022	1_17_8
t_2023	1_17_8
t_2024	1_17_8
t_2025	1_17_8
t_2026	1_17_8
t_2027	1_17_8
t_2028	1_17_8
t_2029	1_17_8
t_2030	1_17_8
t_2031	1_17_8
t_2032	1_17_8
t_2033	1_17_8
t_2034	1_17_8
t_2035	1_17_8
t_2036	1_17_8
t_2037	1_17_8
t_2038	1_17_8
t_2039	1_17_8
t_2040	1_17_8
t_2041	1_17_8
t_2042	1_17_8
t_2043	1_17_8
t_2044	1_17_8
t_2045	1_17_8
t_2046	1_17_8
t_2047	1_17_8
t_2048	1_17_8
t_2049	1_17_8
t_2050	1_17_8
t_2051	1_17_8
t_2052	1_17_8
t_2053	1_17_8
t_2054	1_17_8
t_2055	1_17_8
t_2056	1_17_8
t_2057	1_17_8
t_2058	1_17_9
t_2059	1_17_9
t_2060	1_17_9
t_2061	1_17_9
t_2062	1_17_9
t_2063	1_17_9
t_2064	1_17_9
t_2065	1_17_9
t_2066	1_17_9
t_2067	1_17_9
t_2068	1_17_9
t_2069	1_17_9
t_2070	1_17_9
t_2071	1_17_9
t_2072	1_17_9
t_2073	1_17_9
t_2074	1_17_9
t_2075	1_17_9
t_2076	1_17_9
t_2077	1_17_9
t_2078	1_17_9
t_2079	1_17_9
t_2080	1_17_9
t_2081	1_17_9
t_2082	1_17_9
t_2083	1_17_9
t_2084	1_17_9
t_2085	1_17_9
t_2086	1_17_9
t_2087	1_17_9
t_2088	1_17_9
t_2089	1_17_9
t_2090	1_17_9
t_2091	1_17_9
t_2092	1_17_9
t_2093	1_17_9
t_2094	1_17_9
t_2095	1_17_9
t_2096	1_17_9
t_2097	1_17_9
t_2098	1_17_9
t_2099	1_17_9
t_2100	1_17_9
t_2101	1_17_9
t_2102	1_17_9
t_2103	1_17_9
t_2104	1_17_9
t_2105	1_17_9
t_2106	1_17_9
t_2107	1_17_9
t_2108	1_17_9
t_2109	1_17_9
t_2110	1_17_9
t_2111	1_17_9
t_2112	1_17_9
t_2113	1_17_9
t_2114	1_17_9
t_2115	1_17_9
t_2116	1_17_9
t_2117	1_17_9
t_2118	1_17_9
t_2119	1_17_9
t_2120	1_17_9
t_2121	1_17_9
t_2122	1_17_9
t_2123	2_1_1
t_2124	2_1_1
t_2125	2_1_1
t_2126	2_1_1
t_2127	2_1_1
t_2128	2_1_1
t_2129	2_1_1
t_2130	2_1_1
t_2131	2_1_1
t_2132	2_1_1
t_2133	2_1_1
t_2134	2_1_1
t_2135	2_1_1
t_2136	2_1_1
t_2137	2_1_1
t_2138	2_1_1
t_2139	2_1_1
t_2140	2_1_1
t_2141	2_1_1
t_2142	2_1_1
t_2143	2_1_1
t_2144	2_1_1
t_2145	2_1_1
t_2146	2_1_1
t_2147	2_1_1
t_2148	2_1_1
t_2149	2_1_1
t_2150	2_1_1
t_2151	2_1_1
t_2152	2_1_1
t_2153	2_1_1
t_2154	2_1_1
t_2155	2_1_1
t_2156	2_1_1
t_2157	2_1_1
t_2158	2_1_1
t_2159	2_1_1
t_2160	2_1_1
t_2161	2_1_1
t_2162	2_1_1
t_2163	2_1_1
t_2164	2_1_1
t_2165	2_1_1
t_2166	2_1_1
t_2167	2_1_1
t_2168	2_1_1
t_2169	2_1_1
t_2170	2_1_1
t_2171	2_1_1
t_2172	2_1_1
t_2173	2_1_1
t_2174	2_1_1
t_2175	2_1_1
t_2176	2_1_1
t_2177	2_1_1
t_2178	2_1_1
t_2179	2_1_1
t_2180	2_1_1
t_2181	2_1_1
t_2182	2_1_1
t_2183	2_1_1
t_2184	2_1_1
t_2185	2_1_1
t_2186	2_1_1
t_2187	2_1_1
t_2188	2_1_1
t_2189	2_1_1
t_2190	2_1_1
t_2191	2_1_1
t_2192	2_1_1
t_2193	2_1_1
t_2194	2_1_1
t_2195	2_1_1
t_2196	2_1_1
t_2197	2_1_1
t_2198	2_1_1
t_2199	2_1_1
t_2200	2_1_1
t_2201	2_1_1
t_2202	2_1_1
t_2203	2_1_1
t_2204	2_1_1
t_2205	2_1_1
t_2206	2_1_1
t_2207	2_1_1
t_2208	2_1_1
t_2209	2_1_1
t_2210	2_1_1
t_2211	2_1_1
t_2212	2_1_1
t_2213	2_1_1
t_2214	2_1_1
t_2215	2_1_1
t_2216	2_1_1
t_2217	2_1_1
t_2218	2_1_1
t_2219	2_1_1
t_2220	2_1_1
t_2221	2_1_1
t_2222	2_1_1
t_2223	2_1_1
t_2224	2_1_1
t_2225	2_1_1
t_2226	2_1_1
t_2227	2_1_1
t_2228	2_1_1
t_2229	2_1_1
t_2230	2_1_1
t_2231	2_1_1
t_2232	2_1_1
t_2233	2_1_1
t_2234	2_1_1
t_2235	2_1_1
t_2236	2_1_1
t_2237	2_1_1
t_2238	2_1_1
t_2239	2_1_1
t_2240	2_1_1
t_2241	2_1_1
t_2242	2_1_1
t_2243	2_1_1
t_2244	2_1_1
t_2245	2_1_1
t_2246	2_1_1
t_2247	2_1_1
t_2248	2_1_1
t_2249	2_1_1
t_2250	2_1_1
t_2251	2_1_1
t_2252	2_1_1
t_2253	2_2_1
t_2254	2_2_1
t_2255	2_2_1
t_2256	2_2_1
t_2257	2_2_1
t_2258	2_2_1
t_2259	2_2_1
t_2260	2_2_1
t_2261	2_2_1
t_2262	2_2_1
t_2263	2_2_1
t_2264	2_2_1
t_2265	2_2_1
t_2266	2_2_1
t_2267	2_2_1
t_2268	2_2_1
t_2269	2_2_1
t_2270	2_2_1
t_2271	2_2_1
t_2272	2_2_1
t_2273	2_2_1
t_2274	2_2_1
t_2275	2_2_1
t_2276	2_2_1
t_2277	2_2_1
t_2278	2_2_1
t_2279	2_2_1
t_2280	2_2_1
t_2281	2_2_1
t_2282	2_2_1
t_2283	2_2_1
t_2284	2_2_1
t_2285	2_2_1
t_2286	2_2_1
t_2287	2_2_1
t_2288	2_2_1
t_2289	2_2_1
t_2290	2_2_1
t_2291	2_2_1
t_2292	2_2_1
t_2293	2_2_1
t_2294	2_2_1
t_2295	2_2_1
t_2296	2_2_1
t_2297	2_2_1
t_2298	2_2_1
t_2299	2_2_1
t_2300	2_2_1
t_2301	2_2_1
t_2302	2_2_1
t_2303	2_2_1
t_2304	2_2_1
t_2305	2_2_1
t_2306	2_2_1
t_2307	2_2_1
t_2308	2_2_1
t_2309	2_2_1
t_2310	2_2_1
t_2311	2_2_1
t_2312	2_2_1
t_2313	2_2_1
t_2314	2_2_1
t_2315	2_2_1
t_2316	2_2_1
t_2317	2_2_1
t_2318	2_2_1
t_2319	2_2_1
t_2320	2_2_1
t_2321	2_2_1
t_2322	2_2_1
t_2323	2_2_1
t_2324	2_2_1
t_2325	2_2_1
t_2326	2_2_1
t_2327	2_2_1
t_2328	2_2_1
t_2329	2_2_1
t_2330	2_2_1
t_2331	2_2_1
t_2332	2_2_1
t_2333	2_2_1
t_2334	2_2_1
t_2335	2_2_1
t_2336	2_2_1
t_2337	2_2_1
t_2338	2_2_1
t_2339	2_2_1
t_2340	2_2_1
t_2341	2_2_1
t_2342	2_2_1
t_2343	2_2_1
t_2344	2_3_1
t_2345	2_3_1
t_2346	2_3_1
t_2347	2_3_1
t_2348	2_3_1
t_2349	2_3_1
t_2350	2_3_1
t_2351	2_3_1
t_2352	2_3_1
t_2353	2_3_1
t_2354	2_3_1
t_2355	2_3_1
t_2356	2_3_1
t_2357	2_3_1
t_2358	2_3_1
t_2359	2_3_1
t_2360	2_3_1
t_2361	2_3_1
t_2362	2_3_1
t_2363	2_3_1
t_2364	2_3_1
t_2365	2_3_1
t_2366	2_3_1
t_2367	2_3_1
t_2368	2_3_1
t_2369	2_3_1
t_2370	2_3_1
t_2371	2_3_1
t_2372	2_3_1
t_2373	2_3_1
t_2374	2_3_1
t_2375	2_3_1
t_2376	2_3_1
t_2377	2_3_1
t_2378	2_3_1
t_2379	2_3_1
t_2380	2_3_1
t_2381	2_3_1
t_2382	2_3_1
t_2383	2_3_1
t_2384	2_3_1
t_2385	2_3_1
t_2386	2_3_1
t_2387	2_3_1
t_2388	2_3_1
t_2389	2_3_1
t_2390	2_3_1
t_2391	2_3_1
t_2392	2_3_1
t_2393	2_3_1
t_2394	2_3_1
t_2395	2_3_1
t_2396	2_3_1
t_2397	2_3_1
t_2398	2_3_1
t_2399	2_3_1
t_2400	2_3_1
t_2401	2_3_1
t_2402	2_3_1
t_2403	2_3_1
t_2404	2_3_1
t_2405	2_3_1
t_2406	2_3_1
t_2407	2_3_1
t_2408	2_3_1
t_2409	2_3_1
t_2410	2_3_1
t_2411	2_3_1
t_2412	2_3_1
t_2413	2_3_1
t_2414	2_3_1
t_2415	2_3_1
t_2416	2_3_1
t_2417	2_3_1
t_2418	2_3_1
t_2419	2_3_1
t_2420	2_3_1
t_2421	2_3_1
t_2422	2_3_1
t_2423	2_3_1
t_2424	2_3_1
t_2425	2_3_1
t_2426	2_3_1
t_2427	2_3_1
t_2428	2_3_1
t_2429	2_3_1
t_2430	2_3_1
t_2431	2_3_1
t_2432	2_3_1
t_2433	2_3_1
t_2434	2_3_1
t_2435	2_3_1
t_2436	2_3_1
t_2437	2_3_1
t_2438	2_3_1
t_2439	2_3_1
t_2440	2_3_1
t_2441	2_3_1
t_2442	2_3_1
t_2443	2_3_1
t_2444	2_3_1
t_2445	2_3_1
t_2446	2_4_1
t_2447	2_4_1
t_2448	2_4_1
t_2449	2_4_1
t_2450	2_4_1
t_2451	2_4_1
t_2452	2_4_1
t_2453	2_4_1
t_2454	2_4_1
t_2455	2_4_1
t_2456	2_4_1
t_2457	2_4_1
t_2458	2_4_1
t_2459	2_4_1
t_2460	2_4_1
t_2461	2_4_1
t_2462	2_4_1
t_2463	2_4_1
t_2464	2_4_1
t_2465	2_4_1
t_2466	2_4_1
t_2467	2_4_1
t_2468	2_4_1
t_2469	2_4_1
t_2470	2_4_1
t_2471	2_4_1
t_2472	2_4_1
t_2473	2_4_1
t_2474	2_4_1
t_2475	2_4_1
t_2476	2_4_1
t_2477	2_4_1
t_2478	2_4_1
t_2479	2_4_1
t_2480	2_4_1
t_2481	2_4_1
t_2482	2_4_1
t_2483	2_4_1
t_2484	2_4_1
t_2485	2_4_1
t_2486	2_4_1
t_2487	2_4_1
t_2488	2_4_1
t_2489	2_4_1
t_2490	2_4_1
t_2491	2_4_1
t_2492	2_4_1
t_2493	2_4_1
t_2494	2_4_1
t_2495	2_4_1
t_2496	2_4_1
t_2497	2_4_1
t_2498	2_4_1
t_2499	2_4_1
t_2500	2_4_1
t_2501	2_5_1
t_2502	2_5_1
t_2503	2_5_1
t_2504	2_5_1
t_2505	2_5_1
t_2506	2_5_1
t_2507	2_5_1
t_2508	2_5_1
t_2509	2_5_1
t_2510	2_5_1
t_2511	2_5_1
t_2512	2_5_1
t_2513	2_5_1
t_2514	2_5_1
t_2515	2_5_1
t_2516	2_5_1
t_2517	2_5_1
t_2518	2_5_1
t_2519	2_5_1
t_2520	2_5_1
t_2521	2_5_1
t_2522	2_5_1
t_2523	2_5_1
t_2524	2_5_1
t_2525	2_5_1
t_2526	2_5_1
t_2527	2_5_1
t_2528	2_5_1
t_2529	2_5_1
t_2530	2_5_1
t_2531	2_5_1
t_2532	2_5_1
t_2533	2_5_1
t_2534	2_5_1
t_2535	2_5_1
t_2536	2_5_1
t_2537	2_5_1
t_2538	2_5_1
t_2539	2_5_1
t_2540	2_5_1
t_2541	2_5_1
t_2542	2_5_1
t_2543	2_5_1
t_2544	2_5_1
t_2545	2_5_1
t_2546	2_5_1
t_2547	2_5_1
t_2548	2_5_1
t_2549	2_5_1
t_2550	2_5_1
t_2551	2_5_1
t_2552	2_5_1
t_2553	2_5_1
t_2554	2_5_1
t_2555	2_5_1
t_2556	2_5_1
t_2557	2_5_1
t_2558	2_5_1
t_2559	2_5_1
t_2560	2_5_1
t_2561	2_5_1
t_2562	2_5_1
t_2563	2_5_1
t_2564	2_5_1
t_2565	2_5_1
t_2566	2_5_1
t_2567	2_5_1
t_2568	2_5_1
t_2569	2_5_1
t_2570	2_5_1
t_2571	2_5_1
t_2572	2_5_1
t_2573	2_5_1
t_2574	2_5_1
t_2575	2_5_1
t_2576	2_5_1
t_2577	2_5_1
t_2578	2_5_1
t_2579	2_5_1
t_2580	2_5_1
t_2581	2_5_1
t_2582	2_5_1
t_2583	2_5_1
t_2584	2_5_1
t_2585	2_5_1
t_2586	2_5_1
t_2587	2_5_1
t_2588	2_5_1
t_2589	2_5_1
t_2590	2_5_1
t_2591	2_5_1
t_2592	2_5_1
t_2593	2_5_1
t_2594	2_6_1
t_2595	2_6_1
t_2596	2_6_1
t_2597	2_6_1
t_2598	2_6_1
t_2599	2_6_1
t_2600	2_6_1
t_2601	2_6_1
t_2602	2_6_1
t_2603	2_6_1
t_2604	2_6_1
t_2605	2_6_1
t_2606	2_6_1
t_2607	2_6_1
t_2608	2_6_1
t_2609	2_6_1
t_2610	2_6_1
t_2611	2_6_1
t_2612	2_6_1
t_2613	2_6_1
t_2614	2_6_1
t_2615	2_6_1
t_2616	2_6_1
t_2617	2_6_1
t_2618	2_6_1
t_2619	2_6_1
t_2620	2_6_1
t_2621	2_6_1
t_2622	2_6_1
t_2623	2_6_1
t_2624	2_6_1
t_2625	2_6_1
t_2626	2_6_1
t_2627	2_6_1
t_2628	2_6_1
t_2629	2_6_1
t_2630	2_6_1
t_2631	2_6_1
t_2632	2_6_1
t_2633	2_6_1
t_2634	2_6_1
t_2635	2_6_1
t_2636	2_7_1
t_2637	2_7_1
t_2638	2_7_1
t_2639	2_7_1
t_2640	2_7_1
t_2641	2_7_1
t_2642	2_7_1
t_2643	2_7_1
t_2644	2_7_1
t_2645	2_7_1
t_2646	2_7_1
t_2647	2_7_1
t_2648	2_7_1
t_2649	2_7_1
t_2650	2_7_1
t_2651	2_7_1
t_2652	2_7_1
t_2653	2_7_1
t_2654	2_7_1
t_2655	2_7_1
t_2656	2_7_1
t_2657	2_7_1
t_2658	2_7_1
t_2659	2_7_1
t_2660	2_7_1
t_2661	2_7_1
t_2662	2_7_1
t_2663	2_7_1
t_2664	2_7_1
t_2665	2_7_1
t_2666	2_7_1
t_2667	2_7_1
t_2668	2_7_1
t_2669	2_7_1
t_2670	2_7_1
t_2671	2_7_1
t_2672	2_7_1
t_2673	2_7_1
t_2674	2_7_1
t_2675	2_7_1
t_2676	2_7_1
t_2677	2_7_1
t_2678	2_7_1
t_2679	2_7_1
t_2680	2_7_1
t_2681	2_7_1
t_2682	2_7_1
t_2683	2_7_1
t_2684	2_7_1
t_2685	2_7_1
t_2686	2_8_1
t_2687	2_8_1
t_2688	2_8_1
t_2689	2_8_1
t_2690	2_8_1
t_2691	2_8_1
t_2692	2_8_1
t_2693	2_8_1
t_2694	2_8_1
t_2695	2_8_1
t_2696	2_8_1
t_2697	2_8_1
t_2698	2_8_1
t_2699	2_8_1
t_2700	2_8_1
t_2701	2_8_1
t_2702	2_8_1
t_2703	2_8_1
t_2704	2_8_1
t_2705	2_8_1
t_2706	2_8_1
t_2707	2_8_1
t_2708	2_8_1
t_2709	2_8_1
t_2710	2_8_1
t_2711	2_8_1
t_2712	2_8_1
t_2713	2_8_1
t_2714	2_8_1
t_2715	2_8_1
t_2716	2_8_1
t_2717	2_9_1
t_2718	2_9_1
t_2719	2_9_1
t_2720	2_9_1
t_2721	2_9_1
t_2722	2_9_1
t_2723	2_9_1
t_2724	2_9_1
t_2725	2_9_1
t_2726	2_9_1
t_2727	2_9_1
t_2728	2_9_1
t_2729	2_9_1
t_2730	2_9_1
t_2731	2_9_1
t_2732	2_9_1
t_2733	2_9_1
t_2734	2_9_1
t_2735	2_9_1
t_2736	2_9_1
t_2737	2_9_1
t_2738	2_9_1
t_2739	2_9_1
t_2740	2_9_1
t_2741	2_9_1
t_2742	2_9_1
t_2743	2_9_1
t_2744	2_9_1
t_2745	2_9_1
t_2746	2_9_1
t_2747	2_9_1
t_2748	2_9_1
t_2749	2_9_1
t_2750	2_9_1
t_2751	2_9_1
t_2752	2_9_1
t_2753	2_9_1
t_2754	2_9_1
t_2755	2_9_1
t_2756	2_9_1
t_2757	2_9_1
t_2758	2_9_1
t_2759	2_9_1
t_2760	2_9_1
t_2761	2_9_1
t_2762	2_9_1
t_2763	2_9_1
t_2764	2_9_1
t_2765	2_10_1
t_2766	2_10_1
t_2767	2_10_1
t_2768	2_10_1
t_2769	2_10_1
t_2770	2_10_1
t_2771	2_10_1
t_2772	2_10_1
t_2773	2_10_1
t_2774	2_10_1
t_2775	2_10_1
t_2776	2_10_1
t_2777	2_10_1
t_2778	2_10_1
t_2779	2_10_1
t_2780	2_10_1
t_2781	2_10_1
t_2782	2_10_1
t_2783	2_10_1
t_2784	2_10_1
t_2785	2_10_1
t_2786	2_10_1
t_2787	2_10_1
t_2788	2_10_1
t_2789	2_10_1
t_2790	2_10_1
t_2791	2_10_1
t_2792	2_10_1
t_2793	2_10_1
t_2794	2_10_1
t_2795	2_10_1
t_2796	2_10_1
t_2797	2_10_1
t_2798	2_10_1
t_2799	2_10_1
t_2800	2_10_1
t_2801	2_10_1
t_2802	2_10_1
t_2803	2_10_1
t_2804	2_10_1
t_2805	2_10_1
t_2806	2_10_1
t_2807	2_10_1
t_2808	2_10_1
t_2809	2_10_1
t_2810	2_10_1
t_2811	2_10_1
t_2812	2_10_1
t_2813	2_10_1
t_2814	2_10_1
t_2815	2_10_1
t_2816	2_10_1
t_2817	2_10_1
t_2818	2_10_1
t_2819	2_10_1
t_2820	2_10_1
t_2821	2_10_1
t_2822	2_10_1
t_2823	2_10_1
t_2824	2_10_1
t_2825	2_10_1
t_2826	2_10_1
t_2827	2_10_1
t_2828	2_10_1
t_2829	2_10_1
t_2830	2_10_1
t_2831	2_10_1
t_2832	2_10_1
t_2833	2_10_1
t_2834	2_10_1
t_2835	2_10_1
t_2836	2_10_1
t_2837	2_10_1
t_2838	2_10_1
t_2839	2_10_1
t_2840	2_10_1
t_2841	2_10_1
t_2842	2_10_1
t_2843	2_10_1
t_2844	2_10_1
t_2845	2_10_1
t_2846	2_10_1
t_2847	2_10_1
t_2848	2_10_1
t_2849	2_10_1
t_2850	2_10_1
t_2851	2_10_1
t_2852	2_10_1
t_2853	2_10_1
t_2854	2_10_1
t_2855	2_10_1
t_2856	2_10_1
t_2857	2_10_1
t_2858	2_10_1
t_2859	2_10_1
t_2860	2_10_1
t_2861	2_10_1
t_2862	2_10_1
t_2863	2_10_1
t_2864	2_10_1
t_2865	2_10_1
t_2866	2_10_1
t_2867	2_10_1
t_2868	2_10_1
t_2869	2_10_1
t_2870	2_10_1
t_2871	2_10_1
t_2872	2_11_1
t_2873	2_11_1
t_2874	2_11_1
t_2875	2_11_1
t_2876	2_11_1
t_2877	2_11_1
t_2878	2_11_1
t_2879	2_11_1
t_2880	2_11_1
t_2881	2_11_1
t_2882	2_11_1
t_2883	2_11_1
t_2884	2_11_1
t_2885	2_11_1
t_2886	2_11_1
t_2887	2_11_1
t_2888	2_11_1
t_2889	2_11_1
t_2890	2_11_1
t_2891	2_11_1
t_2892	2_11_1
t_2893	2_11_1
t_2894	2_11_1
t_2895	2_11_1
t_2896	2_11_1
t_2897	2_11_1
t_2898	2_11_1
t_2899	2_11_1
t_2900	2_11_1
t_2901	2_11_1
t_2902	2_11_1
t_2903	2_11_1
t_2904	2_11_1
t_2905	2_11_1
t_2906	2_11_1
t_2907	2_11_1
t_2908	2_11_1
t_2909	2_11_1
t_2910	2_11_1
t_2911	2_11_1
t_2912	2_11_1
t_2913	2_11_1
t_2914	2_11_1
t_2915	2_11_1
t_2916	2_11_1
t_2917	2_11_1
t_2918	2_11_1
t_2919	2_11_1
t_2920	2_11_1
t_2921	2_11_1
t_2922	2_11_1
t_2923	2_11_1
t_2924	2_11_1
t_2925	2_11_1
t_2926	2_11_1
t_2927	2_11_1
t_2928	2_11_1
t_2929	2_11_1
t_2930	2_11_1
t_2931	2_11_1
t_2932	2_11_2
t_2933	2_11_2
t_2934	2_11_2
t_2935	2_11_2
t_2936	2_11_2
t_2937	2_11_2
t_2938	2_11_2
t_2939	2_11_2
t_2940	2_11_2
t_2941	2_11_2
t_2942	2_11_2
t_2943	2_11_2
t_2944	2_11_2
t_2945	2_11_2
t_2946	2_11_2
t_2947	2_11_2
t_2948	2_11_2
t_2949	2_11_2
t_2950	2_11_2
t_2951	2_11_2
t_2952	2_11_2
t_2953	2_11_2
t_2954	2_11_2
t_2955	2_11_2
t_2956	2_11_2
t_2957	2_11_2
t_2958	2_11_2
t_2959	2_11_2
t_2960	2_11_2
t_2961	2_11_2
t_2962	2_11_2
t_2963	2_11_2
t_2964	2_11_2
t_2965	2_11_2
t_2966	2_11_2
t_2967	2_11_2
t_2968	2_11_2
t_2969	2_11_2
t_2970	2_11_2
t_2971	2_11_2
t_2972	2_11_2
t_2973	2_11_2
t_2974	2_11_2
t_2975	2_11_2
t_2976	2_11_2
t_2977	2_11_2
t_2978	2_11_2
t_2979	2_11_2
t_2980	2_11_2
t_2981	2_11_2
t_2982	2_11_2
t_2983	2_11_2
t_2984	2_11_2
t_2985	2_11_2
t_2986	2_11_2
t_2987	2_11_2
t_2988	2_11_2
t_2989	2_11_2
t_2990	2_11_2
t_2991	2_11_2
t_2992	2_11_2
t_2993	2_11_2
t_2994	2_11_2
t_2995	2_11_3
t_2996	2_11_3
t_2997	2_11_3
t_2998	2_11_3
t_2999	2_11_3
t_3000	2_11_3
t_3001	2_11_3
t_3002	2_11_3
t_3003	2_11_3
t_3004	2_11_3
t_3005	2_11_3
t_3006	2_11_3
t_3007	2_11_3
t_3008	2_11_3
t_3009	2_11_3
t_3010	2_11_3
t_3011	2_11_3
t_3012	2_11_3
t_3013	2_11_3
t_3014	2_11_3
t_3015	2_11_3
t_3016	2_11_3
t_3017	2_11_3
t_3018	2_11_3
t_3019	2_11_3
t_3020	2_11_3
t_3021	2_11_3
t_3022	2_11_3
t_3023	2_11_3
t_3024	2_11_3
t_3025	2_11_3
t_3026	2_11_3
t_3027	2_11_3
t_3028	2_11_3
t_3029	2_11_3
t_3030	2_11_3
t_3031	2_11_3
t_3032	2_11_3
t_3033	2_11_3
t_3034	2_11_3
t_3035	2_11_3
t_3036	2_11_3
t_3037	2_11_3
t_3038	2_11_3
t_3039	2_11_3
t_3040	2_11_3
t_3041	2_11_3
t_3042	2_11_3
t_3043	2_11_3
t_3044	2_11_3
t_3045	2_11_3
t_3046	2_11_3
t_3047	2_11_3
t_3048	2_11_4
t_3049	2_11_4
t_3050	2_11_4
t_3051	2_11_4
t_3052	2_11_4
t_3053	2_11_4
t_3054	2_11_4
t_3055	2_11_4
t_3056	2_11_4
t_3057	2_11_4
t_3058	2_11_4
t_3059	2_11_4
t_3060	2_11_4
t_3061	2_11_4
t_3062	2_11_4
t_3063	2_11_4
t_3064	2_11_4
t_3065	2_11_4
t_3066	2_11_4
t_3067	2_11_4
t_3068	2_11_4
t_3069	2_11_4
t_3070	2_11_4
t_3071	2_11_4
t_3072	2_11_4
t_3073	2_11_4
t_3074	2_11_4
t_3075	2_11_4
t_3076	2_11_4
t_3077	2_11_4
t_3078	2_11_4
t_3079	2_11_4
t_3080	2_11_4
t_3081	2_11_4
t_3082	2_11_4
t_3083	2_11_4
t_3084	2_11_4
t_3085	2_11_4
t_3086	2_11_4
t_3087	2_11_4
t_3088	2_11_4
t_3089	2_11_4
t_3090	2_11_4
t_3091	2_11_4
t_3092	2_11_4
t_3093	2_11_4
t_3094	2_11_4
t_3095	2_11_4
t_3096	2_12_1
t_3097	2_12_1
t_3098	2_12_1
t_3099	2_12_1
t_3100	2_12_1
t_3101	2_12_1
t_3102	2_12_1
t_3103	2_12_1
t_3104	2_12_1
t_3105	2_12_1
t_3106	2_12_1
t_3107	2_12_1
t_3108	2_12_1
t_3109	2_12_1
t_3110	2_12_1
t_3111	2_12_1
t_3112	2_12_1
t_3113	2_12_1
t_3114	2_12_1
t_3115	2_12_1
t_3116	2_12_1
t_3117	2_12_1
t_3118	2_12_1
t_3119	2_12_1
t_3120	2_12_1
t_3121	2_12_1
t_3122	2_12_1
t_3123	2_12_1
t_3124	2_12_1
t_3125	2_12_1
t_3126	2_12_1
t_3127	2_12_1
t_3128	2_12_1
t_3129	2_12_1
t_3130	2_12_1
t_3131	2_12_1
t_3132	2_12_1
t_3133	2_12_1
t_3134	2_12_1
t_3135	2_12_1
t_3136	2_12_1
t_3137	2_12_1
t_3138	2_12_1
t_3139	2_12_1
t_3140	2_12_1
t_3141	2_12_1
t_3142	2_12_1
t_3143	2_12_1
t_3144	2_12_1
t_3145	2_12_1
t_3146	2_12_1
t_3147	2_12_1
t_3148	2_12_1
t_3149	2_12_1
t_3150	2_12_1
t_3151	2_12_1
t_3152	2_12_1
t_3153	2_12_1
t_3154	2_12_1
t_3155	2_12_1
t_3156	2_12_1
t_3157	2_12_1
t_3158	2_12_1
t_3159	2_12_1
t_3160	2_12_1
t_3161	2_12_1
t_3162	2_12_1
t_3163	2_12_1
t_3164	2_12_1
t_3165	2_12_1
t_3166	2_12_1
t_3167	2_12_1
t_3168	2_12_1
t_3169	2_12_1
t_3170	2_12_1
t_3171	2_12_1
t_3172	2_12_1
t_3173	2_12_1
t_3174	2_12_1
t_3175	2_12_1
t_3176	2_12_1
t_3177	2_12_1
t_3178	2_12_1
t_3179	2_12_1
t_3180	2_12_1
t_3181	2_12_1
t_3182	2_12_1
t_3183	2_12_1
t_3184	2_12_1
t_3185	2_12_1
t_3186	2_12_1
t_3187	2_12_1
t_3188	2_12_1
t_3189	2_12_1
t_3190	2_12_1
t_3191	2_12_1
t_3192	2_12_1
t_3193	2_12_1
t_3194	2_12_1
t_3195	2_12_1
t_3196	2_12_1
t_3197	2_12_1
t_3198	2_12_1
t_3199	2_12_1
t_3200	2_12_1
t_3201	2_12_1
t_3202	2_12_1
t_3203	2_12_1
t_3204	2_12_1
t_3205	2_12_1
t_3206	2_12_1
t_3207	2_12_1
t_3208	2_12_1
t_3209	2_12_1
t_3210	2_12_1
t_3211	2_12_1
t_3212	2_12_1
t_3213	2_12_1
t_3214	2_12_1
t_3215	2_12_1
t_3216	2_12_1
t_3217	2_12_1
t_3218	2_12_1
t_3219	2_12_1
t_3220	2_12_1
t_3221	2_12_1
t_3222	2_12_1
t_3223	2_12_1
t_3224	2_12_1
t_3225	2_12_1
t_3226	2_12_1
t_3227	2_12_1
t_3228	2_12_1
t_3229	2_12_1
t_3230	2_12_1
t_3231	2_12_1
t_3232	2_12_1
t_3233	2_12_1
t_3234	2_12_1
t_3235	2_12_1
t_3236	2_12_1
t_3237	2_12_1
t_3238	2_13_1
t_3239	2_13_1
t_3240	2_13_1
t_3241	2_13_1
t_3242	2_13_1
t_3243	2_13_1
t_3244	2_13_1
t_3245	2_13_1
t_3246	2_13_1
t_3247	2_13_1
t_3248	2_13_1
t_3249	2_13_1
t_3250	2_13_1
t_3251	2_13_1
t_3252	2_13_1
t_3253	2_13_1
t_3254	2_13_1
t_3255	2_13_1
t_3256	2_13_1
t_3257	2_13_1
t_3258	2_13_1
t_3259	2_13_1
t_3260	2_13_1
t_3261	2_13_1
t_3262	2_13_1
t_3263	2_13_1
t_3264	2_13_1
t_3265	2_13_1
t_3266	2_13_1
t_3267	2_13_1
t_3268	2_13_1
t_3269	2_13_1
t_3270	2_13_1
t_3271	2_13_1
t_3272	2_13_1
t_3273	2_13_1
t_3274	2_13_1
t_3275	2_13_1
t_3276	2_13_1
t_3277	2_13_1
t_3278	2_13_1
t_3279	2_13_1
t_3280	2_13_1
t_3281	2_13_1
t_3282	2_13_1
t_3283	2_13_1
t_3284	2_13_1
t_3285	2_13_1
t_3286	2_13_1
t_3287	2_13_1
t_3288	2_13_1
t_3289	2_13_1
t_3290	2_13_1
t_3291	2_13_1
t_3292	2_13_1
t_3293	2_13_1
t_3294	2_13_1
t_3295	2_13_1
t_3296	2_13_1
t_3297	2_13_1
t_3298	2_13_1
t_3299	2_13_1
t_3300	2_13_1
t_3301	2_13_1
t_3302	2_13_1
t_3303	2_13_1
t_3304	2_13_1
t_3305	2_13_1
t_3306	2_13_1
t_3307	2_13_1
t_3308	2_13_1
t_3309	2_13_1
t_3310	2_13_1
t_3311	2_13_1
t_3312	2_13_1
t_3313	2_13_1
t_3314	2_13_1
t_3315	2_13_1
t_3316	2_13_1
t_3317	2_13_1
t_3318	2_13_1
t_3319	2_13_1
t_3320	2_13_1
t_3321	2_13_1
t_3322	2_13_1
t_3323	2_13_1
t_3324	2_13_1
t_3325	2_13_1
t_3326	2_13_1
t_3327	2_13_1
t_3328	2_13_1
t_3329	2_13_1
t_3330	2_13_1
t_3331	2_13_1
t_3332	2_13_1
t_3333	2_13_1
t_3334	2_13_1
t_3335	2_13_1
t_3336	2_13_1
t_3337	2_13_1
t_3338	2_13_1
t_3339	2_13_1
t_3340	2_13_1
t_3341	2_13_1
t_3342	2_13_1
t_3343	2_13_1
t_3344	2_13_1
t_3345	2_14_1
t_3346	2_14_1
t_3347	2_14_1
t_3348	2_14_1
t_3349	2_14_1
t_3350	2_14_1
t_3351	2_14_1
t_3352	2_14_1
t_3353	2_14_1
t_3354	2_14_1
t_3355	2_14_1
t_3356	2_14_1
t_3357	2_14_1
t_3358	2_14_1
t_3359	2_14_1
t_3360	2_14_1
t_3361	2_14_1
t_3362	2_14_1
t_3363	2_14_1
t_3364	2_14_1
t_3365	2_14_1
t_3366	2_14_1
t_3367	2_14_1
t_3368	2_14_1
t_3369	2_14_1
t_3370	2_14_1
t_3371	2_14_1
t_3372	2_14_1
t_3373	2_14_1
t_3374	2_14_1
t_3375	2_14_1
t_3376	2_14_1
t_3377	2_14_1
t_3378	2_14_1
t_3379	2_14_1
t_3380	2_14_1
t_3381	2_14_1
t_3382	2_14_1
t_3383	2_14_1
t_3384	2_14_1
t_3385	2_14_1
t_3386	2_14_1
t_3387	2_14_1
t_3388	2_14_1
t_3389	2_14_1
t_3390	2_14_1
t_3391	2_14_1
t_3392	2_14_1
t_3393	2_14_1
t_3394	2_14_1
t_3395	2_14_1
t_3396	2_14_1
t_3397	2_14_1
t_3398	2_14_1
t_3399	2_14_1
t_3400	2_14_1
t_3401	2_14_1
t_3402	2_14_1
t_3403	2_14_1
t_3404	2_14_1
t_3405	2_14_1
t_3406	2_14_1
t_3407	2_14_1
t_3408	2_14_1
t_3409	2_14_1
t_3410	2_14_1
t_3411	2_14_1
t_3412	2_14_1
t_3413	2_14_1
t_3414	2_14_1
t_3415	2_14_1
t_3416	2_14_1
t_3417	2_14_1
t_3418	2_14_1
t_3419	2_14_1
t_3420	2_14_1
t_3421	2_14_1
t_3422	2_14_1
t_3423	2_14_1
t_3424	2_14_1
t_3425	2_14_1
t_3426	2_14_1
t_3427	2_14_1
t_3428	2_14_1
t_3429	2_14_1
t_3430	2_14_2
t_3431	2_14_2
t_3432	2_14_2
t_3433	2_14_2
t_3434	2_14_2
t_3435	2_14_2
t_3436	2_14_2
t_3437	2_14_2
t_3438	2_14_2
t_3439	2_14_2
t_3440	2_14_2
t_3441	2_14_2
t_3442	2_14_2
t_3443	2_14_2
t_3444	2_14_2
t_3445	2_14_2
t_3446	2_14_2
t_3447	2_14_2
t_3448	2_14_2
t_3449	2_14_2
t_3450	2_14_2
t_3451	2_14_2
t_3452	2_14_2
t_3453	2_14_2
t_3454	2_14_2
t_3455	2_14_2
t_3456	2_14_2
t_3457	2_14_2
t_3458	2_14_2
t_3459	2_14_2
t_3460	2_14_2
t_3461	2_14_2
t_3462	2_14_2
t_3463	2_14_2
t_3464	2_14_2
t_3465	2_14_2
t_3466	2_14_2
t_3467	2_14_2
t_3468	2_14_2
t_3469	2_14_2
t_3470	2_14_2
t_3471	2_14_2
t_3472	2_14_2
t_3473	2_14_2
t_3474	2_14_2
t_3475	2_14_2
t_3476	2_14_2
t_3477	2_14_2
t_3478	2_14_2
t_3479	2_14_2
t_3480	2_14_2
t_3481	2_14_2
t_3482	2_14_2
t_3483	2_14_2
t_3484	2_14_2
t_3485	2_14_2
t_3486	2_14_2
t_3487	2_14_2
t_3488	2_14_2
t_3489	2_14_2
t_3490	2_14_2
t_3491	2_14_2
t_3492	2_14_2
t_3493	2_14_2
t_3494	2_14_2
t_3495	2_14_2
t_3496	2_14_2
t_3497	2_14_2
t_3498	2_14_2
t_3499	2_14_2
t_3500	2_14_2
t_3501	2_14_2
t_3502	2_14_2
t_3503	2_14_2
t_3504	2_14_2
t_3505	2_14_2
t_3506	2_15_1
t_3507	2_15_1
t_3508	2_15_1
t_3509	2_15_1
t_3510	2_15_1
t_3511	2_15_1
t_3512	2_15_1
t_3513	2_15_1
t_3514	2_15_1
t_3515	2_15_1
t_3516	2_15_1
t_3517	2_15_1
t_3518	2_15_1
t_3519	2_15_1
t_3520	2_15_1
t_3521	2_15_1
t_3522	2_15_1
t_3523	2_15_1
t_3524	2_15_1
t_3525	2_15_1
t_3526	2_15_1
t_3527	2_15_1
t_3528	2_15_1
t_3529	2_15_1
t_3530	2_15_1
t_3531	2_15_1
t_3532	2_15_1
t_3533	2_15_1
t_3534	2_15_1
t_3535	2_15_1
t_3536	2_15_1
t_3537	2_15_1
t_3538	2_16_1
t_3539	2_16_1
t_3540	2_16_1
t_3541	2_16_1
t_3542	2_16_1
t_3543	2_16_1
t_3544	2_16_1
t_3545	2_16_1
t_3546	2_16_1
t_3547	2_16_1
t_3548	2_16_1
t_3549	2_16_1
t_3550	2_16_1
t_3551	2_16_1
t_3552	2_16_1
t_3553	2_16_1
t_3554	2_16_1
t_3555	2_16_1
t_3556	2_16_1
t_3557	2_16_1
t_3558	2_16_1
t_3559	2_16_1
t_3560	2_16_1
t_3561	2_16_1
t_3562	2_16_1
t_3563	2_16_1
t_3564	2_16_1
t_3565	2_16_1
t_3566	2_16_1
t_3567	2_16_1
t_3568	2_16_1
t_3569	2_16_1
t_3570	2_16_1
t_3571	2_16_1
t_3572	2_16_1
t_3573	2_16_1
t_3574	2_16_1
t_3575	2_16_1
t_3576	2_16_1
t_3577	2_16_1
t_3578	2_16_1
t_3579	2_16_1
t_3580	2_16_1
t_3581	2_16_1
t_3582	2_16_1
t_3583	2_16_1
t_3584	2_16_1
t_3585	2_16_1
t_3586	2_16_1
t_3587	2_16_1
t_3588	2_16_1
t_3589	2_16_1
t_3590	2_16_1
t_3591	2_16_1
t_3592	2_16_1
t_3593	2_16_1
t_3594	2_16_1
t_3595	2_16_1
t_3596	2_16_1
t_3597	2_16_1
t_3598	2_16_1
t_3599	2_16_1
t_3600	2_16_1
t_3601	2_16_1
t_3602	2_16_1
t_3603	2_16_1
t_3604	2_16_1
t_3605	2_16_1
t_3606	2_16_1
t_3607	2_16_1
t_3608	2_16_1
t_3609	2_16_1
t_3610	2_16_1
t_3611	2_16_1
t_3612	2_16_1
t_3613	2_16_1
t_3614	2_16_1
t_3615	2_16_1
t_3616	2_16_1
t_3617	2_16_1
t_3618	2_16_1
t_3619	2_16_1
t_3620	2_16_1
t_3621	2_16_1
t_3622	2_16_1
t_3623	2_16_1
t_3624	2_16_1
t_3625	2_16_1
t_3626	2_16_1
t_3627	2_16_1
t_3628	2_16_1
t_3629	2_16_1
t_3630	2_16_1
t_3631	2_16_1
t_3632	2_16_1
t_3633	2_16_1
t_3634	2_16_1
t_3635	2_16_1
t_3636	2_16_1
t_3637	2_16_1
t_3638	2_16_1
t_3639	2_16_1
t_3640	2_16_1
t_3641	2_16_1
t_3642	2_16_1
t_3643	2_16_1
t_3644	2_16_1
t_3645	2_16_1
t_3646	2_16_1
t_3647	2_16_1
t_3648	2_16_1
t_3649	2_16_1
t_3650	2_16_1
t_3651	2_16_1
t_3652	2_16_1
t_3653	2_16_1
t_3654	2_16_1
t_3655	2_16_1
t_3656	2_16_1
t_3657	2_16_1
t_3658	2_16_1
t_3659	2_16_1
t_3660	2_16_1
t_3661	2_16_1
t_3662	2_16_1
t_3663	2_16_1
t_3664	2_16_1
t_3665	2_16_1
t_3666	2_16_1
t_3667	2_16_1
t_3668	2_16_1
t_3669	2_16_1
t_3670	2_16_1
t_3671	2_16_1
t_3672	2_16_1
t_3673	2_16_1
t_3674	2_17_1
t_3675	2_17_1
t_3676	2_17_1
t_3677	2_17_1
t_3678	2_17_1
t_3679	2_17_1
t_3680	2_17_1
t_3681	2_17_1
t_3682	2_17_1
t_3683	2_17_1
t_3684	2_17_1
t_3685	2_17_1
t_3686	2_17_1
t_3687	2_17_1
t_3688	2_17_1
t_3689	2_17_1
t_3690	2_17_1
t_3691	2_17_1
t_3692	2_17_1
t_3693	2_17_1
t_3694	2_17_1
t_3695	2_17_1
t_3696	2_17_1
t_3697	2_17_1
t_3698	2_17_1
t_3699	2_17_1
t_3700	2_17_1
t_3701	2_17_1
t_3702	2_17_1
t_3703	2_17_1
t_3704	2_17_1
t_3705	2_17_1
t_3706	2_17_1
t_3707	2_17_1
t_3708	2_17_1
t_3709	2_17_1
t_3710	2_17_1
t_3711	2_17_1
t_3712	2_17_1
t_3713	2_17_1
t_3714	2_17_1
t_3715	2_17_1
t_3716	2_17_1
t_3717	2_17_1
t_3718	2_17_1
t_3719	2_17_1
t_3720	2_17_1
t_3721	2_17_1
t_3722	2_17_1
t_3723	2_17_1
t_3724	2_17_1
t_3725	2_17_1
t_3726	2_17_1
t_3727	2_17_1
t_3728	2_17_1
t_3729	2_17_1
t_3730	2_17_1
t_3731	2_17_1
t_3732	2_17_1
t_3733	2_17_1
t_3734	2_17_1
t_3735	2_17_1
t_3736	2_17_1
t_3737	2_17_1
t_3738	2_17_1
t_3739	2_17_1
t_3740	2_17_1
t_3741	2_17_1
t_3742	2_17_1
t_3743	2_17_1
t_3744	2_17_1
t_3745	2_17_1
t_3746	2_17_1
t_3747	2_17_2
t_3748	2_17_2
t_3749	2_17_2
t_3750	2_17_2
t_3751	2_17_2
t_3752	2_17_2
t_3753	2_17_2
t_3754	2_17_2
t_3755	2_17_2
t_3756	2_17_2
t_3757	2_17_2
t_3758	2_17_2
t_3759	2_17_2
t_3760	2_17_2
t_3761	2_17_2
t_3762	2_17_2
t_3763	2_17_2
t_3764	2_17_2
t_3765	2_17_2
t_3766	2_17_2
t_3767	2_17_2
t_3768	2_17_2
t_3769	2_17_2
t_3770	2_17_2
t_3771	2_17_2
t_3772	2_17_2
t_3773	2_17_2
t_3774	2_17_2
t_3775	2_17_2
t_3776	2_17_2
t_3777	2_17_2
t_3778	2_17_2
t_3779	2_17_2
t_3780	2_17_2
t_3781	2_17_2
t_3782	2_17_2
t_3783	2_17_2
t_3784	2_17_2
t_3785	2_17_2
t_3786	2_17_2
t_3787	2_17_2
t_3788	2_17_2
t_3789	2_17_2
t_3790	2_17_2
t_3791	2_17_2
t_3792	2_17_2
t_3793	2_17_2
t_3794	2_17_2
t_3795	2_17_2
t_3796	2_17_2
t_3797	2_17_2
t_3798	2_17_2
t_3799	2_17_2
t_3800	2_17_2
t_3801	2_17_2
t_3802	2_17_2
t_3803	2_17_2
t_3804	2_17_2
t_3805	2_17_2
t_3806	2_17_2
t_3807	2_17_2
t_3808	2_17_2
t_3809	2_17_2
t_3810	2_17_2
t_3811	2_17_2
t_3812	2_17_2
t_3813	2_17_2
t_3814	2_17_2
t_3815	2_17_2
t_3816	2_17_2
t_3817	2_17_2
t_3818	2_17_2
t_3819	2_17_2
t_3820	2_17_2
t_3821	2_17_2
t_3822	2_17_2
t_3823	2_17_2
t_3824	2_17_2
t_3825	2_17_2
t_3826	2_17_2
t_3827	2_17_2
t_3828	2_17_2
t_3829	2_17_2
t_3830	2_17_2
t_3831	2_17_2
t_3832	2_17_2
t_3833	2_17_2
t_3834	2_17_2
t_3835	2_17_2
t_3836	2_17_2
t_3837	2_17_2
t_3838	2_17_2
t_3839	2_17_2
t_3840	2_17_2
t_3841	2_17_2
t_3842	2_17_2
t_3843	2_17_2
t_3844	2_17_2
t_3845	2_17_2
t_3846	2_17_2
t_3847	2_17_2
t_3848	2_17_2
t_3849	2_17_2
t_3850	2_17_2
t_3851	2_17_2
t_3852	2_17_2
t_3853	2_17_2
t_3854	2_17_2
t_3855	2_17_2
t_3856	2_17_2
t_3857	2_17_2
t_3858	2_17_2
t_3859	2_17_2
t_3860	2_17_2
t_3861	2_17_2
t_3862	2_17_2
t_3863	2_17_2
t_3864	2_17_2
t_3865	2_17_2
t_3866	2_17_2
t_3867	2_17_2
t_3868	2_17_2
t_3869	2_17_2
t_3870	2_17_2
t_3871	2_17_2
t_3872	3_1_1
t_3873	3_1_1
t_3874	3_1_1
t_3875	3_1_1
t_3876	3_1_1
t_3877	3_1_1
t_3878	3_1_1
t_3879	3_1_1
t_3880	3_1_1
t_3881	3_1_1
t_3882	3_1_1
t_3883	3_1_1
t_3884	3_1_1
t_3885	3_1_1
t_3886	3_1_1
t_3887	3_1_1
t_3888	3_1_1
t_3889	3_1_1
t_3890	3_1_1
t_3891	3_1_1
t_3892	3_1_1
t_3893	3_1_1
t_3894	3_1_1
t_3895	3_1_1
t_3896	3_1_1
t_3897	3_1_1
t_3898	3_1_1
t_3899	3_1_1
t_3900	3_1_1
t_3901	3_1_1
t_3902	3_1_1
t_3903	3_1_1
t_3904	3_1_1
t_3905	3_1_1
t_3906	3_1_1
t_3907	3_1_1
t_3908	3_1_1
t_3909	3_1_1
t_3910	3_1_1
t_3911	3_1_1
t_3912	3_1_1
t_3913	3_1_1
t_3914	3_1_1
t_3915	3_1_1
t_3916	3_1_1
t_3917	3_1_1
t_3918	3_1_1
t_3919	3_1_1
t_3920	3_1_1
t_3921	3_1_1
t_3922	3_1_1
t_3923	3_1_1
t_3924	3_1_1
t_3925	3_1_1
t_3926	3_1_1
t_3927	3_1_1
t_3928	3_1_1
t_3929	3_1_1
t_3930	3_1_1
t_3931	3_1_1
t_3932	3_1_1
t_3933	3_1_1
t_3934	3_1_1
t_3935	3_1_1
t_3936	3_1_1
t_3937	3_1_1
t_3938	3_1_1
t_3939	3_1_1
t_3940	3_1_1
t_3941	3_1_1
t_3942	3_1_1
t_3943	3_1_1
t_3944	3_1_1
t_3945	3_1_1
t_3946	3_1_1
t_3947	3_1_1
t_3948	3_1_1
t_3949	3_1_1
t_3950	3_1_1
t_3951	3_1_1
t_3952	3_1_1
t_3953	3_1_1
t_3954	3_1_1
t_3955	3_1_1
t_3956	3_1_1
t_3957	3_1_1
t_3958	3_1_1
t_3959	3_1_1
t_3960	3_1_1
t_3961	3_1_1
t_3962	3_1_1
t_3963	3_1_1
t_3964	3_1_1
t_3965	3_1_1
t_3966	3_1_1
t_3967	3_1_1
t_3968	3_1_1
t_3969	3_1_1
t_3970	3_1_1
t_3971	3_1_1
t_3972	3_1_1
t_3973	3_1_1
t_3974	3_1_1
t_3975	3_1_1
t_3976	3_1_1
t_3977	3_1_1
t_3978	3_1_1
t_3979	3_1_1
t_3980	3_1_1
t_3981	3_1_1
t_3982	3_1_1
t_3983	3_1_1
t_3984	3_1_1
t_3985	3_1_1
t_3986	3_1_1
t_3987	3_1_1
t_3988	3_1_1
t_3989	3_1_1
t_3990	3_1_1
t_3991	3_1_1
t_3992	3_1_1
t_3993	3_1_1
t_3994	3_1_1
t_3995	3_1_1
t_3996	3_1_1
t_3997	3_1_1
t_3998	3_1_1
t_3999	3_1_1
t_4000	3_1_1
t_4001	3_1_1
t_4002	3_1_1
t_4003	3_1_1
t_4004	3_1_1
t_4005	3_1_1
t_4006	3_1_1
t_4007	3_1_1
t_4008	3_1_1
t_4009	3_1_1
t_4010	3_1_1
t_4011	3_1_1
t_4012	3_1_1
t_4013	3_1_1
t_4014	3_2_1
t_4015	3_2_1
t_4016	3_2_1
t_4017	3_2_1
t_4018	3_2_1
t_4019	3_2_1
t_4020	3_2_1
t_4021	3_2_1
t_4022	3_2_1
t_4023	3_2_1
t_4024	3_2_1
t_4025	3_2_1
t_4026	3_2_1
t_4027	3_2_1
t_4028	3_2_1
t_4029	3_2_1
t_4030	3_2_1
t_4031	3_2_1
t_4032	3_2_1
t_4033	3_2_1
t_4034	3_2_1
t_4035	3_2_1
t_4036	3_2_1
t_4037	3_2_1
t_4038	3_2_1
t_4039	3_2_1
t_4040	3_2_1
t_4041	3_2_1
t_4042	3_2_1
t_4043	3_2_1
t_4044	3_2_1
t_4045	3_2_1
t_4046	3_2_1
t_4047	3_2_1
t_4048	3_2_1
t_4049	3_2_1
t_4050	3_2_1
t_4051	3_2_1
t_4052	3_2_1
t_4053	3_2_1
t_4054	3_2_1
t_4055	3_2_1
t_4056	3_2_1
t_4057	3_2_1
t_4058	3_2_1
t_4059	3_2_1
t_4060	3_2_1
t_4061	3_2_1
t_4062	3_2_1
t_4063	3_2_1
t_4064	3_2_1
t_4065	3_2_2
t_4066	3_2_2
t_4067	3_2_2
t_4068	3_2_2
t_4069	3_2_2
t_4070	3_2_2
t_4071	3_2_2
t_4072	3_2_2
t_4073	3_2_2
t_4074	3_2_2
t_4075	3_2_2
t_4076	3_2_2
t_4077	3_2_2
t_4078	3_2_2
t_4079	3_2_2
t_4080	3_2_2
t_4081	3_2_2
t_4082	3_2_2
t_4083	3_2_2
t_4084	3_2_2
t_4085	3_2_2
t_4086	3_2_2
t_4087	3_2_2
t_4088	3_2_2
t_4089	3_2_2
t_4090	3_2_2
t_4091	3_2_2
t_4092	3_2_2
t_4093	3_2_2
t_4094	3_2_2
t_4095	3_2_2
t_4096	3_2_2
t_4097	3_2_2
t_4098	3_2_2
t_4099	3_2_2
t_4100	3_2_2
t_4101	3_2_2
t_4102	3_2_2
t_4103	3_2_2
t_4104	3_2_2
t_4105	3_2_2
t_4106	3_2_2
t_4107	3_2_2
t_4108	3_2_2
t_4109	3_2_2
t_4110	3_2_2
t_4111	3_2_2
t_4112	3_2_2
t_4113	3_2_2
t_4114	3_2_2
t_4115	3_2_2
t_4116	3_2_2
t_4117	3_2_2
t_4118	3_2_2
t_4119	3_2_2
t_4120	3_2_2
t_4121	3_2_2
t_4122	3_2_2
t_4123	3_2_2
t_4124	3_2_2
t_4125	3_2_2
t_4126	3_2_2
t_4127	3_2_2
t_4128	3_2_2
t_4129	3_2_2
t_4130	3_2_2
t_4131	3_2_2
t_4132	3_2_2
t_4133	3_2_2
t_4134	3_2_2
t_4135	3_2_2
t_4136	3_2_3
t_4137	3_2_3
t_4138	3_2_3
t_4139	3_2_3
t_4140	3_2_3
t_4141	3_2_3
t_4142	3_2_3
t_4143	3_2_3
t_4144	3_2_3
t_4145	3_2_3
t_4146	3_2_3
t_4147	3_2_3
t_4148	3_2_3
t_4149	3_2_3
t_4150	3_2_3
t_4151	3_2_3
t_4152	3_2_3
t_4153	3_2_3
t_4154	3_2_3
t_4155	3_2_3
t_4156	3_2_3
t_4157	3_2_3
t_4158	3_2_3
t_4159	3_2_3
t_4160	3_2_3
t_4161	3_2_3
t_4162	3_2_3
t_4163	3_2_3
t_4164	3_2_3
t_4165	3_2_3
t_4166	3_2_3
t_4167	3_2_3
t_4168	3_2_3
t_4169	3_2_3
t_4170	3_2_3
t_4171	3_2_3
t_4172	3_2_3
t_4173	3_2_3
t_4174	3_2_3
t_4175	3_2_3
t_4176	3_2_3
t_4177	3_2_3
t_4178	3_2_3
t_4179	3_2_3
t_4180	3_2_3
t_4181	3_2_3
t_4182	3_2_3
t_4183	3_2_3
t_4184	3_2_3
t_4185	3_2_3
t_4186	3_2_3
t_4187	3_2_3
t_4188	3_2_3
t_4189	3_2_3
t_4190	3_2_3
t_4191	3_2_3
t_4192	3_2_3
t_4193	3_2_3
t_4194	3_2_3
t_4195	3_2_3
t_4196	3_2_3
t_4197	3_2_3
t_4198	3_2_3
t_4199	3_2_3
t_4200	3_2_3
t_4201	3_2_3
t_4202	3_2_3
t_4203	3_2_3
t_4204	3_2_3
t_4205	3_2_3
t_4206	3_2_3
t_4207	3_2_3
t_4208	3_2_3
t_4209	3_2_3
t_4210	3_2_3
t_4211	3_2_3
t_4212	3_2_3
t_4213	3_2_3
t_4214	3_2_3
t_4215	3_2_3
t_4216	3_2_3
t_4217	3_2_3
t_4218	3_2_3
t_4219	3_2_3
t_4220	3_2_3
t_4221	3_2_3
t_4222	3_2_3
t_4223	3_2_3
t_4224	3_2_3
t_4225	3_3_1
t_4226	3_3_1
t_4227	3_3_1
t_4228	3_3_1
t_4229	3_3_1
t_4230	3_3_1
t_4231	3_3_1
t_4232	3_3_1
t_4233	3_3_1
t_4234	3_3_1
t_4235	3_3_1
t_4236	3_3_1
t_4237	3_3_1
t_4238	3_3_1
t_4239	3_3_1
t_4240	3_3_1
t_4241	3_3_1
t_4242	3_3_1
t_4243	3_3_1
t_4244	3_3_1
t_4245	3_3_1
t_4246	3_3_1
t_4247	3_3_1
t_4248	3_3_1
t_4249	3_3_1
t_4250	3_3_1
t_4251	3_3_1
t_4252	3_3_1
t_4253	3_3_1
t_4254	3_3_1
t_4255	3_3_1
t_4256	3_3_1
t_4257	3_3_1
t_4258	3_3_1
t_4259	3_3_1
t_4260	3_3_1
t_4261	3_3_1
t_4262	3_3_1
t_4263	3_3_1
t_4264	3_3_1
t_4265	3_3_1
t_4266	3_3_1
t_4267	3_3_1
t_4268	3_3_1
t_4269	3_3_1
t_4270	3_3_1
t_4271	3_3_1
t_4272	3_3_1
t_4273	3_3_1
t_4274	3_3_1
t_4275	3_3_1
t_4276	3_3_1
t_4277	3_3_1
t_4278	3_3_1
t_4279	3_3_1
t_4280	3_3_1
t_4281	3_3_1
t_4282	3_3_1
t_4283	3_3_1
t_4284	3_3_1
t_4285	3_3_1
t_4286	3_3_1
t_4287	3_3_1
t_4288	3_3_1
t_4289	3_3_1
t_4290	3_3_1
t_4291	3_3_1
t_4292	3_3_1
t_4293	3_3_1
t_4294	3_3_1
t_4295	3_3_1
t_4296	3_3_1
t_4297	3_3_1
t_4298	3_3_1
t_4299	3_3_1
t_4300	3_3_1
t_4301	3_3_1
t_4302	3_3_1
t_4303	3_3_1
t_4304	3_3_1
t_4305	3_3_1
t_4306	3_3_1
t_4307	3_3_1
t_4308	3_3_1
t_4309	3_3_1
t_4310	3_3_1
t_4311	3_3_1
t_4312	3_3_1
t_4313	3_3_1
t_4314	3_3_1
t_4315	3_3_1
t_4316	3_3_1
t_4317	3_3_1
t_4318	3_3_1
t_4319	3_3_1
t_4320	3_3_1
t_4321	3_3_1
t_4322	3_3_1
t_4323	3_3_1
t_4324	3_3_1
t_4325	3_3_1
t_4326	3_3_1
t_4327	3_3_1
t_4328	3_3_1
t_4329	3_3_1
t_4330	3_3_1
t_4331	3_3_1
t_4332	3_3_1
t_4333	3_3_1
t_4334	3_3_1
t_4335	3_3_1
t_4336	3_3_1
t_4337	3_3_1
t_4338	3_3_1
t_4339	3_3_1
t_4340	3_3_1
t_4341	3_3_1
t_4342	3_3_1
t_4343	3_3_1
t_4344	3_3_1
t_4345	3_3_1
t_4346	3_3_1
t_4347	3_3_1
t_4348	3_3_1
t_4349	3_3_1
t_4350	3_3_1
t_4351	3_3_1
t_4352	3_3_1
t_4353	3_3_1
t_4354	3_3_1
t_4355	3_3_1
t_4356	3_3_1
t_4357	3_3_1
t_4358	3_3_1
t_4359	3_3_1
t_4360	3_3_1
t_4361	3_3_1
t_4362	3_4_1
t_4363	3_4_1
t_4364	3_4_1
t_4365	3_4_1
t_4366	3_4_1
t_4367	3_4_1
t_4368	3_4_1
t_4369	3_4_1
t_4370	3_4_1
t_4371	3_4_1
t_4372	3_4_1
t_4373	3_4_1
t_4374	3_4_1
t_4375	3_4_1
t_4376	3_4_1
t_4377	3_4_1
t_4378	3_4_1
t_4379	3_4_1
t_4380	3_4_1
t_4381	3_4_1
t_4382	3_4_1
t_4383	3_4_1
t_4384	3_4_1
t_4385	3_4_1
t_4386	3_4_1
t_4387	3_4_1
t_4388	3_4_1
t_4389	3_4_1
t_4390	3_4_1
t_4391	3_4_1
t_4392	3_4_1
t_4393	3_4_1
t_4394	3_4_1
t_4395	3_4_1
t_4396	3_4_1
t_4397	3_4_1
t_4398	3_4_1
t_4399	3_4_1
t_4400	3_4_1
t_4401	3_4_1
t_4402	3_4_1
t_4403	3_4_1
t_4404	3_4_1
t_4405	3_4_1
t_4406	3_4_1
t_4407	3_4_1
t_4408	3_4_1
t_4409	3_4_1
t_4410	3_4_1
t_4411	3_4_1
t_4412	3_4_1
t_4413	3_4_1
t_4414	3_4_1
t_4415	3_4_1
t_4416	3_4_1
t_4417	3_4_1
t_4418	3_4_1
t_4419	3_4_1
t_4420	3_4_2
t_4421	3_4_2
t_4422	3_4_2
t_4423	3_4_2
t_4424	3_4_2
t_4425	3_4_2
t_4426	3_4_2
t_4427	3_4_2
t_4428	3_4_2
t_4429	3_4_2
t_4430	3_4_2
t_4431	3_4_2
t_4432	3_4_2
t_4433	3_4_2
t_4434	3_4_2
t_4435	3_4_2
t_4436	3_4_2
t_4437	3_4_2
t_4438	3_4_2
t_4439	3_4_2
t_4440	3_4_2
t_4441	3_4_2
t_4442	3_4_2
t_4443	3_4_2
t_4444	3_4_2
t_4445	3_4_2
t_4446	3_4_2
t_4447	3_4_2
t_4448	3_4_2
t_4449	3_4_2
t_4450	3_4_2
t_4451	3_4_2
t_4452	3_4_2
t_4453	3_4_2
t_4454	3_4_2
t_4455	3_4_2
t_4456	3_4_2
t_4457	3_4_2
t_4458	3_4_2
t_4459	3_4_2
t_4460	3_4_2
t_4461	3_4_2
t_4462	3_4_2
t_4463	3_4_2
t_4464	3_4_2
t_4465	3_4_2
t_4466	3_4_2
t_4467	3_4_2
t_4468	3_4_2
t_4469	3_4_2
t_4470	3_4_2
t_4471	3_4_2
t_4472	3_4_2
t_4473	3_4_2
t_4474	3_4_2
t_4475	3_4_2
t_4476	3_4_2
t_4477	3_4_2
t_4478	3_4_2
t_4479	3_4_2
t_4480	3_4_2
t_4481	3_4_2
t_4482	3_4_2
t_4483	3_4_2
t_4484	3_4_2
t_4485	3_4_2
t_4486	3_4_2
t_4487	3_4_2
t_4488	3_4_2
t_4489	3_4_2
t_4490	3_4_2
t_4491	3_4_2
t_4492	3_4_2
t_4493	3_4_2
t_4494	3_4_2
t_4495	3_4_2
t_4496	3_4_2
t_4497	3_4_2
t_4498	3_4_2
t_4499	3_4_2
t_4500	3_4_2
t_4501	3_4_2
t_4502	3_4_2
t_4503	3_4_2
t_4504	3_4_2
t_4505	3_4_2
t_4506	3_4_2
t_4507	3_4_2
t_4508	3_4_2
t_4509	3_4_2
t_4510	3_4_2
t_4511	3_4_2
t_4512	3_4_2
t_4513	3_4_2
t_4514	3_4_3
t_4515	3_4_3
t_4516	3_4_3
t_4517	3_4_3
t_4518	3_4_3
t_4519	3_4_3
t_4520	3_4_3
t_4521	3_4_3
t_4522	3_4_3
t_4523	3_4_3
t_4524	3_4_3
t_4525	3_4_3
t_4526	3_4_3
t_4527	3_4_3
t_4528	3_4_3
t_4529	3_4_3
t_4530	3_4_3
t_4531	3_4_3
t_4532	3_4_3
t_4533	3_4_3
t_4534	3_4_3
t_4535	3_4_3
t_4536	3_4_3
t_4537	3_4_3
t_4538	3_4_3
t_4539	3_4_3
t_4540	3_4_3
t_4541	3_4_3
t_4542	3_4_3
t_4543	3_4_3
t_4544	3_4_3
t_4545	3_4_3
t_4546	3_4_3
t_4547	3_4_3
t_4548	3_4_3
t_4549	3_4_3
t_4550	3_4_3
t_4551	3_4_3
t_4552	3_4_3
t_4553	3_4_3
t_4554	3_4_3
t_4555	3_4_3
t_4556	3_4_3
t_4557	3_4_3
t_4558	3_4_3
t_4559	3_4_3
t_4560	3_4_3
t_4561	3_4_3
t_4562	3_4_3
t_4563	3_4_3
t_4564	3_4_3
t_4565	3_4_3
t_4566	3_4_3
t_4567	3_4_3
t_4568	3_4_3
t_4569	3_4_3
t_4570	3_4_3
t_4571	3_4_3
t_4572	3_4_3
t_4573	3_4_3
t_4574	3_4_3
t_4575	3_4_3
t_4576	3_4_3
t_4577	3_4_3
t_4578	3_4_3
t_4579	3_4_3
t_4580	3_4_3
t_4581	3_4_3
t_4582	3_4_3
t_4583	3_4_3
t_4584	3_4_3
t_4585	3_4_3
t_4586	3_4_3
t_4587	3_4_3
t_4588	3_4_3
t_4589	3_4_3
t_4590	3_4_3
t_4591	3_4_3
t_4592	3_4_3
t_4593	3_4_3
t_4594	3_4_3
t_4595	3_4_3
t_4596	3_4_3
t_4597	3_4_3
t_4598	3_4_3
t_4599	3_4_3
t_4600	3_4_3
t_4601	3_4_3
t_4602	3_4_3
t_4603	3_4_3
t_4604	3_4_3
t_4605	3_4_3
t_4606	3_4_3
t_4607	3_4_3
t_4608	3_4_3
t_4609	3_4_3
t_4610	3_4_3
t_4611	3_4_3
t_4612	3_4_3
t_4613	3_4_3
t_4614	3_4_3
t_4615	3_4_3
t_4616	3_4_3
t_4617	3_4_3
t_4618	3_4_3
t_4619	3_4_3
t_4620	3_4_3
t_4621	3_4_3
t_4622	3_4_3
t_4623	3_4_3
t_4624	3_4_3
t_4625	3_4_3
t_4626	3_4_3
t_4627	3_4_3
t_4628	3_4_3
t_4629	3_4_3
t_4630	3_4_3
t_4631	3_4_3
t_4632	3_4_3
t_4633	3_4_3
t_4634	3_4_3
t_4635	3_4_3
t_4636	3_4_3
t_4637	3_4_3
t_4638	3_4_3
t_4639	3_4_3
t_4640	3_4_3
t_4641	3_4_3
t_4642	3_4_3
t_4643	3_4_3
t_4644	3_4_3
t_4645	3_4_3
t_4646	3_4_3
t_4647	3_4_3
t_4648	3_4_3
t_4649	3_4_3
t_4650	3_4_3
t_4651	3_4_4
t_4652	3_4_4
t_4653	3_4_4
t_4654	3_4_4
t_4655	3_4_4
t_4656	3_4_4
t_4657	3_4_4
t_4658	3_4_4
t_4659	3_4_4
t_4660	3_4_4
t_4661	3_4_4
t_4662	3_4_4
t_4663	3_4_4
t_4664	3_4_4
t_4665	3_4_4
t_4666	3_4_4
t_4667	3_4_4
t_4668	3_4_4
t_4669	3_4_4
t_4670	3_4_4
t_4671	3_4_4
t_4672	3_4_4
t_4673	3_4_4
t_4674	3_4_4
t_4675	3_4_4
t_4676	3_4_4
t_4677	3_4_4
t_4678	3_4_4
t_4679	3_4_4
t_4680	3_4_4
t_4681	3_4_4
t_4682	3_4_4
t_4683	3_4_4
t_4684	3_4_4
t_4685	3_4_4
t_4686	3_4_4
t_4687	3_4_4
t_4688	3_4_4
t_4689	3_4_4
t_4690	3_4_4
t_4691	3_4_4
t_4692	3_4_4
t_4693	3_4_4
t_4694	3_4_4
t_4695	3_4_4
t_4696	3_4_4
t_4697	3_4_4
t_4698	3_4_4
t_4699	3_4_4
t_4700	3_4_4
t_4701	3_4_4
t_4702	3_4_4
t_4703	3_4_4
t_4704	3_4_4
t_4705	3_4_4
t_4706	3_4_4
t_4707	3_4_4
t_4708	3_4_4
t_4709	3_4_4
t_4710	3_4_4
t_4711	3_4_4
t_4712	3_4_4
t_4713	3_4_4
t_4714	3_4_4
t_4715	3_4_4
t_4716	3_4_4
t_4717	3_4_4
t_4718	3_4_4
t_4719	3_4_4
t_4720	3_4_4
t_4721	3_4_4
t_4722	3_4_4
t_4723	3_4_4
t_4724	3_4_4
t_4725	3_4_4
t_4726	3_4_4
t_4727	3_4_4
t_4728	3_4_4
t_4729	3_4_4
t_4730	3_4_4
t_4731	3_4_4
t_4732	3_4_4
t_4733	3_4_4
t_4734	3_4_4
t_4735	3_4_4
t_4736	3_5_1
t_4737	3_5_1
t_4738	3_5_1
t_4739	3_5_1
t_4740	3_5_1
t_4741	3_5_1
t_4742	3_5_1
t_4743	3_5_1
t_4744	3_5_1
t_4745	3_5_1
t_4746	3_5_1
t_4747	3_5_1
t_4748	3_5_1
t_4749	3_5_1
t_4750	3_5_1
t_4751	3_5_1
t_4752	3_5_1
t_4753	3_5_1
t_4754	3_5_1
t_4755	3_5_1
t_4756	3_5_1
t_4757	3_5_1
t_4758	3_5_1
t_4759	3_5_1
t_4760	3_5_1
t_4761	3_5_1
t_4762	3_5_1
t_4763	3_5_1
t_4764	3_5_1
t_4765	3_5_1
t_4766	3_5_1
t_4767	3_5_1
t_4768	3_5_1
t_4769	3_5_1
t_4770	3_5_1
t_4771	3_5_1
t_4772	3_5_1
t_4773	3_5_1
t_4774	3_5_1
t_4775	3_5_1
t_4776	3_5_1
t_4777	3_5_1
t_4778	3_5_1
t_4779	3_5_1
t_4780	3_5_1
t_4781	3_5_1
t_4782	3_5_1
t_4783	3_5_1
t_4784	3_5_1
t_4785	3_5_1
t_4786	3_5_1
t_4787	3_5_1
t_4788	3_5_1
t_4789	3_5_1
t_4790	3_5_1
t_4791	3_5_1
t_4792	3_5_1
t_4793	3_5_1
t_4794	3_5_1
t_4795	3_5_1
t_4796	3_5_1
t_4797	3_5_1
t_4798	3_5_1
t_4799	3_5_1
t_4800	3_5_1
t_4801	3_5_1
t_4802	3_5_1
t_4803	3_5_1
t_4804	3_5_1
t_4805	3_5_1
t_4806	3_5_1
t_4807	3_5_1
t_4808	3_5_1
t_4809	3_5_1
t_4810	3_5_1
t_4811	3_5_1
t_4812	3_5_1
t_4813	3_5_1
t_4814	3_5_1
t_4815	3_5_1
t_4816	3_5_1
t_4817	3_5_1
t_4818	3_5_1
t_4819	3_5_1
t_4820	3_5_1
t_4821	3_5_1
t_4822	3_5_1
t_4823	3_5_1
t_4824	3_5_1
t_4825	3_5_1
t_4826	3_5_1
t_4827	3_5_1
t_4828	3_5_1
t_4829	3_5_1
t_4830	3_5_1
t_4831	3_5_1
t_4832	3_5_1
t_4833	3_5_1
t_4834	3_5_1
t_4835	3_5_1
t_4836	3_6_1
t_4837	3_6_1
t_4838	3_6_1
t_4839	3_6_1
t_4840	3_6_1
t_4841	3_6_1
t_4842	3_6_1
t_4843	3_6_1
t_4844	3_6_1
t_4845	3_6_1
t_4846	3_6_1
t_4847	3_6_1
t_4848	3_6_1
t_4849	3_6_1
t_4850	3_6_1
t_4851	3_6_1
t_4852	3_6_1
t_4853	3_6_1
t_4854	3_6_1
t_4855	3_6_1
t_4856	3_6_1
t_4857	3_6_1
t_4858	3_6_1
t_4859	3_6_1
t_4860	3_6_1
t_4861	3_6_1
t_4862	3_6_1
t_4863	3_6_1
t_4864	3_6_1
t_4865	3_6_1
t_4866	3_6_1
t_4867	3_6_1
t_4868	3_6_1
t_4869	3_6_1
t_4870	3_6_1
t_4871	3_6_1
t_4872	3_6_1
t_4873	3_6_1
t_4874	3_6_1
t_4875	3_6_1
t_4876	3_6_1
t_4877	3_6_1
t_4878	3_6_1
t_4879	3_6_1
t_4880	3_6_1
t_4881	3_6_1
t_4882	3_6_1
t_4883	3_6_1
t_4884	3_6_1
t_4885	3_6_1
t_4886	3_6_1
t_4887	3_6_1
t_4888	3_6_1
t_4889	3_6_1
t_4890	3_6_1
t_4891	3_6_1
t_4892	3_6_1
t_4893	3_6_1
t_4894	3_6_1
t_4895	3_6_1
t_4896	3_6_1
t_4897	3_6_1
t_4898	3_6_1
t_4899	3_6_1
t_4900	3_6_2
t_4901	3_6_2
t_4902	3_6_2
t_4903	3_6_2
t_4904	3_6_2
t_4905	3_6_2
t_4906	3_6_2
t_4907	3_6_2
t_4908	3_6_2
t_4909	3_6_2
t_4910	3_6_2
t_4911	3_6_2
t_4912	3_6_2
t_4913	3_6_2
t_4914	3_6_2
t_4915	3_6_2
t_4916	3_6_2
t_4917	3_6_2
t_4918	3_6_2
t_4919	3_6_2
t_4920	3_6_2
t_4921	3_6_2
t_4922	3_6_2
t_4923	3_6_2
t_4924	3_6_2
t_4925	3_6_2
t_4926	3_6_2
t_4927	3_6_2
t_4928	3_6_2
t_4929	3_6_2
t_4930	3_6_2
t_4931	3_6_2
t_4932	3_6_2
t_4933	3_6_2
t_4934	3_6_2
t_4935	3_6_2
t_4936	3_6_2
t_4937	3_6_2
t_4938	3_6_2
t_4939	3_6_2
t_4940	3_6_2
t_4941	3_6_2
t_4942	3_6_2
t_4943	3_6_2
t_4944	3_6_2
t_4945	3_6_2
t_4946	3_6_2
t_4947	3_6_2
t_4948	3_6_2
t_4949	3_6_2
t_4950	3_6_2
t_4951	3_6_2
t_4952	3_6_2
t_4953	3_6_2
t_4954	3_6_2
t_4955	3_6_2
t_4956	3_6_2
t_4957	3_6_2
t_4958	3_6_2
t_4959	3_6_2
t_4960	3_6_2
t_4961	3_6_2
t_4962	3_6_2
t_4963	3_6_2
t_4964	3_6_2
t_4965	3_6_2
t_4966	3_6_2
t_4967	3_6_2
t_4968	3_6_2
t_4969	3_6_2
t_4970	3_6_2
t_4971	3_6_2
t_4972	3_6_2
t_4973	3_6_2
t_4974	3_6_2
t_4975	3_6_2
t_4976	3_6_2
t_4977	3_6_2
t_4978	3_6_2
t_4979	3_6_2
t_4980	3_6_3
t_4981	3_6_3
t_4982	3_6_3
t_4983	3_6_3
t_4984	3_6_3
t_4985	3_6_3
t_4986	3_6_3
t_4987	3_6_3
t_4988	3_6_3
t_4989	3_6_3
t_4990	3_6_3
t_4991	3_6_3
t_4992	3_6_3
t_4993	3_6_3
t_4994	3_6_3
t_4995	3_6_3
t_4996	3_6_3
t_4997	3_6_3
t_4998	3_6_3
t_4999	3_6_3
t_5000	3_6_3
t_5001	3_6_3
t_5002	3_6_3
t_5003	3_6_3
t_5004	3_6_3
t_5005	3_6_3
t_5006	3_6_3
t_5007	3_6_3
t_5008	3_6_3
t_5009	3_6_3
t_5010	3_6_3
t_5011	3_6_3
t_5012	3_6_3
t_5013	3_6_3
t_5014	3_6_3
t_5015	3_6_3
t_5016	3_6_3
t_5017	3_6_3
t_5018	3_6_3
t_5019	3_6_3
t_5020	3_6_3
t_5021	3_6_3
t_5022	3_6_3
t_5023	3_6_3
t_5024	3_6_3
t_5025	3_6_3
t_5026	3_6_3
t_5027	3_6_3
t_5028	3_6_3
t_5029	3_6_3
t_5030	3_6_3
t_5031	3_6_3
t_5032	3_6_3
t_5033	3_6_3
t_5034	3_6_3
t_5035	3_6_3
t_5036	3_6_3
t_5037	3_6_3
t_5038	3_6_3
t_5039	3_6_3
t_5040	3_6_3
t_5041	3_6_3
t_5042	3_6_3
t_5043	3_6_3
t_5044	3_6_3
t_5045	3_6_3
t_5046	3_6_3
t_5047	3_6_3
t_5048	3_6_3
t_5049	3_6_3
t_5050	3_6_3
t_5051	3_6_3
t_5052	3_6_3
t_5053	3_6_3
t_5054	3_6_3
t_5055	3_6_3
t_5056	3_6_3
t_5057	3_6_3
t_5058	3_6_3
t_5059	3_6_3
t_5060	3_6_3
t_5061	3_6_3
t_5062	3_6_3
t_5063	3_6_3
t_5064	3_6_3
t_5065	3_6_3
t_5066	3_6_3
t_5067	3_6_3
t_5068	3_6_3
t_5069	3_6_3
t_5070	3_6_3
t_5071	3_6_3
t_5072	3_6_3
t_5073	3_6_3
t_5074	3_6_3
t_5075	3_7_1
t_5076	3_7_1
t_5077	3_7_1
t_5078	3_7_1
t_5079	3_7_1
t_5080	3_7_1
t_5081	3_7_1
t_5082	3_7_1
t_5083	3_7_1
t_5084	3_7_1
t_5085	3_7_1
t_5086	3_7_1
t_5087	3_7_1
t_5088	3_7_1
t_5089	3_7_1
t_5090	3_7_1
t_5091	3_7_1
t_5092	3_7_1
t_5093	3_7_1
t_5094	3_7_1
t_5095	3_7_1
t_5096	3_7_1
t_5097	3_7_1
t_5098	3_7_1
t_5099	3_7_1
t_5100	3_7_1
t_5101	3_7_1
t_5102	3_7_1
t_5103	3_7_1
t_5104	3_7_1
t_5105	3_7_1
t_5106	3_7_1
t_5107	3_7_1
t_5108	3_7_1
t_5109	3_7_1
t_5110	3_7_1
t_5111	3_7_1
t_5112	3_7_1
t_5113	3_7_1
t_5114	3_7_1
t_5115	3_7_1
t_5116	3_7_1
t_5117	3_7_1
t_5118	3_7_1
t_5119	3_7_1
t_5120	3_7_1
t_5121	3_7_1
t_5122	3_7_1
t_5123	3_7_1
t_5124	3_7_1
t_5125	3_7_1
t_5126	3_7_1
t_5127	3_7_1
t_5128	3_7_1
t_5129	3_7_1
t_5130	3_7_1
t_5131	3_7_1
t_5132	3_7_1
t_5133	3_7_1
t_5134	3_7_1
t_5135	3_7_1
t_5136	3_7_1
t_5137	3_7_1
t_5138	3_7_1
t_5139	3_7_1
t_5140	3_7_1
t_5141	3_7_1
t_5142	3_7_1
t_5143	3_7_1
t_5144	3_7_1
t_5145	3_7_1
t_5146	3_7_1
t_5147	3_7_1
t_5148	3_7_1
t_5149	3_7_1
t_5150	3_7_1
t_5151	3_7_1
t_5152	3_7_1
t_5153	3_7_1
t_5154	3_7_1
t_5155	3_7_1
t_5156	3_7_1
t_5157	3_7_1
t_5158	3_7_1
t_5159	3_7_1
t_5160	3_7_1
t_5161	3_7_1
t_5162	3_7_1
t_5163	3_7_1
t_5164	3_7_1
t_5165	3_7_1
t_5166	3_7_1
t_5167	3_7_1
t_5168	3_7_1
t_5169	3_7_1
t_5170	3_7_1
t_5171	3_7_1
t_5172	3_7_1
t_5173	3_7_1
t_5174	3_7_1
t_5175	3_7_1
t_5176	3_7_1
t_5177	3_7_1
t_5178	3_7_1
t_5179	3_7_1
t_5180	3_7_1
t_5181	3_7_1
t_5182	3_7_1
t_5183	3_7_1
t_5184	3_7_1
t_5185	3_7_1
t_5186	3_7_1
t_5187	3_7_1
t_5188	3_7_1
t_5189	3_7_1
t_5190	3_7_1
t_5191	3_7_1
t_5192	3_7_1
t_5193	3_7_1
t_5194	3_7_1
t_5195	3_7_1
t_5196	3_7_1
t_5197	3_7_1
t_5198	3_7_1
t_5199	3_7_1
t_5200	3_7_1
t_5201	3_7_1
t_5202	3_7_1
t_5203	3_7_1
t_5204	3_7_1
t_5205	3_7_1
t_5206	3_7_1
t_5207	3_7_1
t_5208	3_7_1
t_5209	3_7_1
t_5210	3_7_1
t_5211	3_7_1
t_5212	3_7_1
t_5213	3_7_1
t_5214	3_8_1
t_5215	3_8_1
t_5216	3_8_1
t_5217	3_8_1
t_5218	3_8_1
t_5219	3_8_1
t_5220	3_8_1
t_5221	3_8_1
t_5222	3_8_1
t_5223	3_8_1
t_5224	3_8_1
t_5225	3_8_1
t_5226	3_8_1
t_5227	3_8_1
t_5228	3_8_1
t_5229	3_8_1
t_5230	3_8_1
t_5231	3_8_1
t_5232	3_8_1
t_5233	3_8_1
t_5234	3_8_1
t_5235	3_8_1
t_5236	3_8_1
t_5237	3_8_1
t_5238	3_8_1
t_5239	3_8_1
t_5240	3_8_1
t_5241	3_8_1
t_5242	3_8_1
t_5243	3_8_1
t_5244	3_8_1
t_5245	3_8_1
t_5246	3_8_1
t_5247	3_8_1
t_5248	3_8_1
t_5249	3_8_1
t_5250	3_8_1
t_5251	3_8_1
t_5252	3_8_1
t_5253	3_8_1
t_5254	3_8_1
t_5255	3_8_1
t_5256	3_8_1
t_5257	3_8_1
t_5258	3_8_1
t_5259	3_8_1
t_5260	3_8_1
t_5261	3_8_1
t_5262	3_8_1
t_5263	3_8_1
t_5264	3_8_1
t_5265	3_8_1
t_5266	3_8_1
t_5267	3_8_1
t_5268	3_8_1
t_5269	3_8_1
t_5270	3_8_1
t_5271	3_8_1
t_5272	3_8_1
t_5273	3_8_1
t_5274	3_8_1
t_5275	3_8_1
t_5276	3_9_1
t_5277	3_9_1
t_5278	3_9_1
t_5279	3_9_1
t_5280	3_9_1
t_5281	3_9_1
t_5282	3_9_1
t_5283	3_9_1
t_5284	3_9_1
t_5285	3_9_1
t_5286	3_9_1
t_5287	3_9_1
t_5288	3_9_1
t_5289	3_9_1
t_5290	3_9_1
t_5291	3_9_1
t_5292	3_9_1
t_5293	3_9_1
t_5294	3_9_1
t_5295	3_9_1
t_5296	3_9_1
t_5297	3_9_1
t_5298	3_9_1
t_5299	3_9_1
t_5300	3_9_1
t_5301	3_9_1
t_5302	3_9_1
t_5303	3_9_1
t_5304	3_9_1
t_5305	3_9_1
t_5306	3_9_1
t_5307	3_9_1
t_5308	3_9_1
t_5309	3_9_1
t_5310	3_9_1
t_5311	3_9_1
t_5312	3_9_1
t_5313	3_9_1
t_5314	3_9_1
t_5315	3_9_1
t_5316	3_9_1
t_5317	3_9_1
t_5318	3_10_1
t_5319	3_10_1
t_5320	3_10_1
t_5321	3_10_1
t_5322	3_10_1
t_5323	3_10_1
t_5324	3_10_1
t_5325	3_10_1
t_5326	3_10_1
t_5327	3_10_1
t_5328	3_10_1
t_5329	3_10_1
t_5330	3_10_1
t_5331	3_10_1
t_5332	3_10_1
t_5333	3_10_1
t_5334	3_10_1
t_5335	3_10_1
t_5336	3_10_1
t_5337	3_10_1
t_5338	3_10_1
t_5339	3_10_1
t_5340	3_10_1
t_5341	3_10_1
t_5342	3_10_1
t_5343	3_10_1
t_5344	3_10_1
t_5345	3_10_1
t_5346	3_10_1
t_5347	3_10_1
t_5348	3_10_1
t_5349	3_10_1
t_5350	3_10_1
t_5351	3_10_1
t_5352	3_10_1
t_5353	3_10_1
t_5354	3_10_1
t_5355	3_10_1
t_5356	3_10_1
t_5357	3_10_1
t_5358	3_10_1
t_5359	3_10_1
t_5360	3_10_1
t_5361	3_10_1
t_5362	3_10_1
t_5363	3_10_1
t_5364	3_10_1
t_5365	3_10_1
t_5366	3_10_1
t_5367	3_10_1
t_5368	3_10_1
t_5369	3_10_1
t_5370	3_10_1
t_5371	3_10_1
t_5372	3_10_1
t_5373	3_10_1
t_5374	3_10_1
t_5375	3_10_1
t_5376	3_10_1
t_5377	3_10_1
t_5378	3_10_1
t_5379	3_10_1
t_5380	3_10_1
t_5381	3_10_1
t_5382	3_10_1
t_5383	3_10_1
t_5384	3_10_1
t_5385	3_10_1
t_5386	3_10_1
t_5387	3_10_1
t_5388	3_10_1
t_5389	3_10_1
t_5390	3_10_1
t_5391	3_10_1
t_5392	3_11_1
t_5393	3_11_1
t_5394	3_11_1
t_5395	3_11_1
t_5396	3_11_1
t_5397	3_11_1
t_5398	3_11_1
t_5399	3_11_1
t_5400	3_11_1
t_5401	3_11_1
t_5402	3_11_1
t_5403	3_11_1
t_5404	3_11_1
t_5405	3_11_1
t_5406	3_11_1
t_5407	3_11_1
t_5408	3_11_1
t_5409	3_11_1
t_5410	3_11_1
t_5411	3_11_1
t_5412	3_11_1
t_5413	3_11_1
t_5414	3_11_1
t_5415	3_11_1
t_5416	3_11_1
t_5417	3_11_1
t_5418	3_11_1
t_5419	3_11_1
t_5420	3_11_1
t_5421	3_11_1
t_5422	3_11_1
t_5423	3_11_1
t_5424	3_11_1
t_5425	3_11_1
t_5426	3_11_1
t_5427	3_11_1
t_5428	3_11_1
t_5429	3_11_1
t_5430	3_11_1
t_5431	3_11_1
t_5432	3_11_1
t_5433	3_11_1
t_5434	3_11_1
t_5435	3_11_1
t_5436	3_11_1
t_5437	3_11_1
t_5438	3_11_1
t_5439	3_11_1
t_5440	3_11_1
t_5441	3_11_1
t_5442	3_11_1
t_5443	3_11_1
t_5444	3_11_1
t_5445	3_11_1
t_5446	3_11_2
t_5447	3_11_2
t_5448	3_11_2
t_5449	3_11_2
t_5450	3_11_2
t_5451	3_11_2
t_5452	3_11_2
t_5453	3_11_2
t_5454	3_11_2
t_5455	3_11_2
t_5456	3_11_2
t_5457	3_11_2
t_5458	3_11_2
t_5459	3_11_2
t_5460	3_11_2
t_5461	3_11_2
t_5462	3_11_2
t_5463	3_11_2
t_5464	3_11_2
t_5465	3_11_2
t_5466	3_11_2
t_5467	3_11_2
t_5468	3_11_2
t_5469	3_11_2
t_5470	3_11_2
t_5471	3_11_2
t_5472	3_11_2
t_5473	3_11_2
t_5474	3_11_2
t_5475	3_11_2
t_5476	3_11_2
t_5477	3_11_2
t_5478	3_11_2
t_5479	3_11_2
t_5480	3_11_2
t_5481	3_11_2
t_5482	3_11_2
t_5483	3_11_2
t_5484	3_11_2
t_5485	3_11_2
t_5486	3_11_2
t_5487	3_11_2
t_5488	3_11_2
t_5489	3_11_2
t_5490	3_11_2
t_5491	3_11_2
t_5492	3_11_2
t_5493	3_11_2
t_5494	3_11_2
t_5495	3_11_2
t_5496	3_11_2
t_5497	3_11_2
t_5498	3_11_2
t_5499	3_11_2
t_5500	3_11_2
t_5501	3_11_2
t_5502	3_11_2
t_5503	3_11_2
t_5504	3_11_2
t_5505	3_11_2
t_5506	3_11_2
t_5507	3_11_2
t_5508	3_11_2
t_5509	3_11_2
t_5510	3_11_2
t_5511	3_11_2
t_5512	3_11_2
t_5513	3_11_2
t_5514	3_11_2
t_5515	3_11_2
t_5516	3_11_2
t_5517	3_11_2
t_5518	3_11_2
t_5519	3_11_2
t_5520	3_11_2
t_5521	3_11_2
t_5522	3_11_2
t_5523	3_11_2
t_5524	3_11_2
t_5525	3_11_2
t_5526	3_11_2
t_5527	3_11_2
t_5528	3_11_2
t_5529	3_11_2
t_5530	3_11_2
t_5531	3_11_2
t_5532	3_11_2
t_5533	3_11_2
t_5534	3_11_2
t_5535	3_11_2
t_5536	3_11_2
t_5537	3_11_2
t_5538	3_11_2
t_5539	3_11_2
t_5540	3_11_2
t_5541	3_11_2
t_5542	3_11_2
t_5543	3_11_2
t_5544	3_11_2
t_5545	3_11_2
t_5546	3_11_2
t_5547	3_11_2
t_5548	3_11_2
t_5549	3_11_2
t_5550	3_11_2
t_5551	3_11_2
t_5552	3_11_3
t_5553	3_11_3
t_5554	3_11_3
t_5555	3_11_3
t_5556	3_11_3
t_5557	3_11_3
t_5558	3_11_3
t_5559	3_11_3
t_5560	3_11_3
t_5561	3_11_3
t_5562	3_11_3
t_5563	3_11_3
t_5564	3_11_3
t_5565	3_11_3
t_5566	3_11_3
t_5567	3_11_3
t_5568	3_11_3
t_5569	3_11_3
t_5570	3_11_3
t_5571	3_11_3
t_5572	3_11_3
t_5573	3_11_3
t_5574	3_11_3
t_5575	3_11_3
t_5576	3_11_3
t_5577	3_11_3
t_5578	3_11_3
t_5579	3_11_3
t_5580	3_11_3
t_5581	3_11_3
t_5582	3_11_3
t_5583	3_11_3
t_5584	3_11_3
t_5585	3_11_3
t_5586	3_11_3
t_5587	3_11_3
t_5588	3_11_3
t_5589	3_11_3
t_5590	3_11_3
t_5591	3_11_3
t_5592	3_11_3
t_5593	3_11_3
t_5594	3_11_3
t_5595	3_11_3
t_5596	3_11_3
t_5597	3_11_3
t_5598	3_11_3
t_5599	3_11_3
t_5600	3_11_3
t_5601	3_11_3
t_5602	3_11_3
t_5603	3_11_3
t_5604	3_11_3
t_5605	3_11_3
t_5606	3_11_3
t_5607	3_11_3
t_5608	3_11_3
t_5609	3_11_3
t_5610	3_11_3
t_5611	3_11_3
t_5612	3_11_3
t_5613	3_11_3
t_5614	3_11_3
t_5615	3_11_3
t_5616	3_11_3
t_5617	3_11_3
t_5618	3_11_3
t_5619	3_11_3
t_5620	3_11_3
t_5621	3_11_3
t_5622	3_11_3
t_5623	3_11_3
t_5624	3_11_3
t_5625	3_11_3
t_5626	3_11_3
t_5627	3_11_3
t_5628	3_11_3
t_5629	3_12_1
t_5630	3_12_1
t_5631	3_12_1
t_5632	3_12_1
t_5633	3_12_1
t_5634	3_12_1
t_5635	3_12_1
t_5636	3_12_1
t_5637	3_12_1
t_5638	3_12_1
t_5639	3_12_1
t_5640	3_12_1
t_5641	3_12_1
t_5642	3_12_1
t_5643	3_12_1
t_5644	3_12_1
t_5645	3_12_1
t_5646	3_12_1
t_5647	3_12_1
t_5648	3_12_1
t_5649	3_12_1
t_5650	3_12_1
t_5651	3_12_1
t_5652	3_12_1
t_5653	3_12_1
t_5654	3_12_1
t_5655	3_12_1
t_5656	3_12_1
t_5657	3_12_1
t_5658	3_12_1
t_5659	3_12_1
t_5660	3_12_1
t_5661	3_12_1
t_5662	3_12_1
t_5663	3_12_1
t_5664	3_12_1
t_5665	3_12_1
t_5666	3_12_1
t_5667	3_12_1
t_5668	3_12_1
t_5669	3_12_1
t_5670	3_12_1
t_5671	3_12_1
t_5672	3_12_1
t_5673	3_12_1
t_5674	3_12_1
t_5675	3_12_1
t_5676	3_12_1
t_5677	3_12_1
t_5678	3_12_1
t_5679	3_12_1
t_5680	3_12_1
t_5681	3_12_1
t_5682	3_12_1
t_5683	3_12_1
t_5684	3_12_1
t_5685	3_12_1
t_5686	3_12_1
t_5687	3_12_1
t_5688	3_12_1
t_5689	3_12_1
t_5690	3_12_1
t_5691	3_12_1
t_5692	3_12_1
t_5693	3_12_1
t_5694	3_12_1
t_5695	3_12_1
t_5696	3_12_1
t_5697	3_13_1
t_5698	3_13_1
t_5699	3_13_1
t_5700	3_13_1
t_5701	3_13_1
t_5702	3_13_1
t_5703	3_13_1
t_5704	3_13_1
t_5705	3_13_1
t_5706	3_13_1
t_5707	3_13_1
t_5708	3_13_1
t_5709	3_13_1
t_5710	3_13_1
t_5711	3_13_1
t_5712	3_13_1
t_5713	3_13_1
t_5714	3_13_1
t_5715	3_13_1
t_5716	3_13_1
t_5717	3_13_1
t_5718	3_13_1
t_5719	3_13_1
t_5720	3_13_1
t_5721	3_13_1
t_5722	3_13_1
t_5723	3_13_1
t_5724	3_13_1
t_5725	3_13_1
t_5726	3_13_1
t_5727	3_13_1
t_5728	3_13_1
t_5729	3_13_1
t_5730	3_13_1
t_5731	3_13_1
t_5732	3_13_1
t_5733	3_13_1
t_5734	3_13_1
t_5735	3_13_1
t_5736	3_13_1
t_5737	3_13_1
t_5738	3_13_1
t_5739	3_13_1
t_5740	3_13_1
t_5741	3_13_1
t_5742	3_13_1
t_5743	3_13_1
t_5744	3_13_1
t_5745	3_13_1
t_5746	3_13_1
t_5747	3_13_1
t_5748	3_13_1
t_5749	3_13_1
t_5750	3_13_1
t_5751	3_13_1
t_5752	3_13_1
t_5753	3_13_1
t_5754	3_13_1
t_5755	3_13_1
t_5756	3_13_1
t_5757	3_13_1
t_5758	3_13_1
t_5759	3_14_1
t_5760	3_14_1
t_5761	3_14_1
t_5762	3_14_1
t_5763	3_14_1
t_5764	3_14_1
t_5765	3_14_1
t_5766	3_14_1
t_5767	3_14_1
t_5768	3_14_1
t_5769	3_14_1
t_5770	3_14_1
t_5771	3_14_1
t_5772	3_14_1
t_5773	3_14_1
t_5774	3_14_1
t_5775	3_14_1
t_5776	3_14_1
t_5777	3_14_1
t_5778	3_14_1
t_5779	3_14_1
t_5780	3_14_1
t_5781	3_14_1
t_5782	3_14_1
t_5783	3_14_1
t_5784	3_14_1
t_5785	3_14_1
t_5786	3_14_1
t_5787	3_14_1
t_5788	3_14_1
t_5789	3_14_1
t_5790	3_14_1
t_5791	3_14_1
t_5792	3_14_1
t_5793	3_14_1
t_5794	3_14_1
t_5795	3_14_1
t_5796	3_14_1
t_5797	3_14_1
t_5798	3_14_1
t_5799	3_14_1
t_5800	3_14_1
t_5801	3_14_1
t_5802	3_14_1
t_5803	3_14_1
t_5804	3_14_1
t_5805	3_14_1
t_5806	3_14_1
t_5807	3_14_1
t_5808	3_14_1
t_5809	3_14_1
t_5810	3_14_1
t_5811	3_14_1
t_5812	3_14_1
t_5813	3_14_1
t_5814	3_15_1
t_5815	3_15_1
t_5816	3_15_1
t_5817	3_15_1
t_5818	3_15_1
t_5819	3_15_1
t_5820	3_15_1
t_5821	3_15_1
t_5822	3_15_1
t_5823	3_15_1
t_5824	3_15_1
t_5825	3_15_1
t_5826	3_15_1
t_5827	3_15_1
t_5828	3_15_1
t_5829	3_15_1
t_5830	3_15_1
t_5831	3_15_1
t_5832	3_15_1
t_5833	3_15_1
t_5834	3_15_1
t_5835	3_15_1
t_5836	3_15_1
t_5837	3_15_1
t_5838	3_15_1
t_5839	3_15_1
t_5840	3_15_1
t_5841	3_15_1
t_5842	3_15_1
t_5843	3_15_1
t_5844	3_15_1
t_5845	3_16_1
t_5846	3_16_1
t_5847	3_16_1
t_5848	3_16_1
t_5849	3_16_1
t_5850	3_16_1
t_5851	3_16_1
t_5852	3_16_1
t_5853	3_16_1
t_5854	3_16_1
t_5855	3_16_1
t_5856	3_16_1
t_5857	3_16_1
t_5858	3_16_1
t_5859	3_16_1
t_5860	3_16_1
t_5861	3_16_1
t_5862	3_16_1
t_5863	3_16_1
t_5864	3_16_1
t_5865	3_16_1
t_5866	3_16_1
t_5867	3_16_1
t_5868	3_16_1
t_5869	3_16_1
t_5870	3_16_1
t_5871	3_16_1
t_5872	3_16_1
t_5873	3_16_1
t_5874	3_16_1
t_5875	3_16_1
t_5876	3_16_1
t_5877	3_16_1
t_5878	3_16_1
t_5879	3_16_1
t_5880	3_16_1
t_5881	3_16_1
t_5882	3_16_1
t_5883	3_16_1
t_5884	3_16_1
t_5885	3_16_1
t_5886	3_16_1
t_5887	3_16_1
t_5888	3_16_1
t_5889	3_16_1
t_5890	3_16_1
t_5891	3_16_1
t_5892	3_16_1
t_5893	3_16_1
t_5894	3_16_1
t_5895	3_16_1
t_5896	3_16_1
t_5897	3_16_1
t_5898	3_16_1
t_5899	3_16_1
t_5900	3_16_1
t_5901	3_16_1
t_5902	3_16_1
t_5903	3_16_1
t_5904	3_16_1
t_5905	3_16_1
t_5906	3_16_1
t_5907	3_16_1
t_5908	3_16_1
t_5909	3_16_1
t_5910	3_16_1
t_5911	3_16_1
t_5912	3_16_2
t_5913	3_16_2
t_5914	3_16_2
t_5915	3_16_2
t_5916	3_16_2
t_5917	3_16_2
t_5918	3_16_2
t_5919	3_16_2
t_5920	3_16_2
t_5921	3_16_2
t_5922	3_16_2
t_5923	3_16_2
t_5924	3_16_2
t_5925	3_16_2
t_5926	3_16_2
t_5927	3_16_2
t_5928	3_16_2
t_5929	3_16_2
t_5930	3_16_2
t_5931	3_16_2
t_5932	3_16_2
t_5933	3_16_2
t_5934	3_16_2
t_5935	3_16_2
t_5936	3_16_2
t_5937	3_16_2
t_5938	3_16_2
t_5939	3_16_2
t_5940	3_16_2
t_5941	3_16_2
t_5942	3_16_2
t_5943	3_16_2
t_5944	3_16_2
t_5945	3_16_2
t_5946	3_16_2
t_5947	3_16_2
t_5948	3_16_2
t_5949	3_16_2
t_5950	3_16_2
t_5951	3_16_2
t_5952	3_16_2
t_5953	3_16_2
t_5954	3_16_2
t_5955	3_16_2
t_5956	3_16_2
t_5957	3_16_2
t_5958	3_16_2
t_5959	3_16_2
t_5960	3_16_2
t_5961	3_16_2
t_5962	3_16_2
t_5963	3_16_2
t_5964	3_16_2
t_5965	3_16_2
t_5966	3_16_2
t_5967	3_16_2
t_5968	3_16_2
t_5969	3_16_2
t_5970	3_16_2
t_5971	3_16_2
t_5972	3_16_2
t_5973	3_16_2
t_5974	3_16_2
t_5975	3_16_2
t_5976	3_16_2
t_5977	3_16_2
t_5978	3_16_2
t_5979	3_16_2
t_5980	3_16_2
t_5981	3_16_2
t_5982	3_16_2
t_5983	3_16_2
t_5984	3_16_2
t_5985	3_16_2
t_5986	3_16_2
t_5987	3_16_2
t_5988	3_16_2
t_5989	3_16_2
t_5990	3_16_2
t_5991	3_16_2
t_5992	3_16_2
t_5993	3_16_2
t_5994	3_16_2
t_5995	3_16_2
t_5996	3_16_2
t_5997	3_16_2
t_5998	3_16_2
t_5999	3_16_2
t_6000	3_16_2
t_6001	3_16_2
t_6002	3_16_2
t_6003	3_16_2
t_6004	3_16_2
t_6005	3_16_2
t_6006	3_16_2
t_6007	3_16_2
t_6008	3_16_2
t_6009	3_16_2
t_6010	3_16_2
t_6011	3_16_2
t_6012	3_16_2
t_6013	3_16_2
t_6014	3_16_2
t_6015	3_16_2
t_6016	3_16_2
t_6017	3_16_2
t_6018	3_16_2
t_6019	3_16_2
t_6020	3_16_2
t_6021	3_16_2
t_6022	3_16_2
t_6023	3_16_2
t_6024	3_16_2
t_6025	4_1_1
t_6026	4_1_1
t_6027	4_1_1
t_6028	4_1_1
t_6029	4_1_1
t_6030	4_1_1
t_6031	4_1_1
t_6032	4_1_1
t_6033	4_1_1
t_6034	4_1_1
t_6035	4_1_1
t_6036	4_1_1
t_6037	4_1_1
t_6038	4_1_1
t_6039	4_1_1
t_6040	4_1_1
t_6041	4_1_1
t_6042	4_1_1
t_6043	4_1_1
t_6044	4_1_1
t_6045	4_1_1
t_6046	4_1_1
t_6047	4_1_1
t_6048	4_1_1
t_6049	4_1_1
t_6050	4_1_1
t_6051	4_1_1
t_6052	4_1_1
t_6053	4_1_1
t_6054	4_1_1
t_6055	4_1_1
t_6056	4_1_1
t_6057	4_1_1
t_6058	4_1_1
t_6059	4_1_1
t_6060	4_1_1
t_6061	4_1_1
t_6062	4_1_1
t_6063	4_1_1
t_6064	4_1_1
t_6065	4_1_1
t_6066	4_1_1
t_6067	4_1_1
t_6068	4_1_1
t_6069	4_1_1
t_6070	4_1_1
t_6071	4_1_1
t_6072	4_1_1
t_6073	4_1_1
t_6074	4_1_1
t_6075	4_1_1
t_6076	4_1_1
t_6077	4_1_1
t_6078	4_1_1
t_6079	4_1_1
t_6080	4_1_1
t_6081	4_1_1
t_6082	4_1_1
t_6083	4_1_1
t_6084	4_1_1
t_6085	4_1_1
t_6086	4_1_1
t_6087	4_1_1
t_6088	4_1_1
t_6089	4_1_1
t_6090	4_1_1
t_6091	4_1_1
t_6092	4_1_1
t_6093	4_1_1
t_6094	4_1_1
t_6095	4_1_1
t_6096	4_1_1
t_6097	4_1_1
t_6098	4_1_1
t_6099	4_1_1
t_6100	4_1_1
t_6101	4_1_1
t_6102	4_1_1
t_6103	4_1_1
t_6104	4_1_1
t_6105	4_1_1
t_6106	4_1_1
t_6107	4_1_1
t_6108	4_2_1
t_6109	4_2_1
t_6110	4_2_1
t_6111	4_2_1
t_6112	4_2_1
t_6113	4_2_1
t_6114	4_2_1
t_6115	4_2_1
t_6116	4_2_1
t_6117	4_2_1
t_6118	4_2_1
t_6119	4_2_1
t_6120	4_2_1
t_6121	4_2_1
t_6122	4_3_1
t_6123	4_3_1
t_6124	4_3_1
t_6125	4_3_1
t_6126	4_3_1
t_6127	4_3_1
t_6128	4_3_1
t_6129	4_3_1
t_6130	4_3_1
t_6131	4_3_1
t_6132	4_3_1
t_6133	4_3_1
t_6134	4_3_1
t_6135	4_3_1
t_6136	4_3_1
t_6137	4_3_1
t_6138	4_3_1
t_6139	4_3_1
t_6140	4_3_1
t_6141	4_3_1
t_6142	4_3_1
t_6143	4_3_1
t_6144	4_3_1
t_6145	4_3_1
t_6146	4_3_1
t_6147	4_3_1
t_6148	4_3_1
t_6149	4_3_1
t_6150	4_3_1
t_6151	4_3_1
t_6152	4_3_1
t_6153	4_3_1
t_6154	4_3_1
t_6155	4_3_1
t_6156	4_3_1
t_6157	4_3_1
t_6158	4_3_1
t_6159	4_3_1
t_6160	4_3_1
t_6161	4_3_1
t_6162	4_3_1
t_6163	4_3_1
t_6164	4_3_1
t_6165	4_3_1
t_6166	4_3_1
t_6167	4_3_1
t_6168	4_3_1
t_6169	4_3_1
t_6170	4_3_1
t_6171	4_3_1
t_6172	4_3_1
t_6173	4_3_1
t_6174	4_3_1
t_6175	4_3_1
t_6176	4_3_1
t_6177	4_3_1
t_6178	4_3_1
t_6179	4_3_1
t_6180	4_3_1
t_6181	4_3_1
t_6182	4_3_1
t_6183	4_3_1
t_6184	4_3_1
t_6185	4_3_1
t_6186	4_3_1
t_6187	4_3_1
t_6188	4_3_1
t_6189	4_3_1
t_6190	4_3_1
t_6191	4_3_1
t_6192	4_3_1
t_6193	4_3_1
t_6194	4_3_1
t_6195	4_3_1
t_6196	4_3_1
t_6197	4_3_1
t_6198	4_3_1
t_6199	4_3_1
t_6200	4_3_1
t_6201	4_3_1
t_6202	4_3_1
t_6203	4_3_1
t_6204	4_3_1
t_6205	4_3_1
t_6206	4_3_1
t_6207	4_3_1
t_6208	4_3_1
t_6209	4_3_1
t_6210	4_3_1
t_6211	4_3_1
t_6212	4_3_1
t_6213	4_3_1
t_6214	4_3_1
t_6215	4_3_1
t_6216	4_3_1
t_6217	4_3_1
t_6218	4_3_1
t_6219	4_3_1
t_6220	4_3_1
t_6221	4_3_1
t_6222	4_3_1
t_6223	4_3_1
t_6224	4_3_1
t_6225	4_3_1
t_6226	4_3_1
t_6227	4_3_1
t_6228	4_3_1
t_6229	4_3_1
t_6230	4_3_1
t_6231	4_3_2
t_6232	4_3_2
t_6233	4_3_2
t_6234	4_3_2
t_6235	4_3_2
t_6236	4_3_2
t_6237	4_3_2
t_6238	4_3_2
t_6239	4_3_2
t_6240	4_3_2
t_6241	4_3_2
t_6242	4_3_2
t_6243	4_3_2
t_6244	4_3_2
t_6245	4_3_2
t_6246	4_3_2
t_6247	4_3_2
t_6248	4_3_2
t_6249	4_3_2
t_6250	4_3_2
t_6251	4_3_2
t_6252	4_3_2
t_6253	4_3_2
t_6254	4_3_2
t_6255	4_3_2
t_6256	4_3_2
t_6257	4_3_2
t_6258	4_3_2
t_6259	4_3_2
t_6260	4_3_2
t_6261	4_3_2
t_6262	4_3_2
t_6263	4_3_2
t_6264	4_3_2
t_6265	4_3_2
t_6266	4_3_2
t_6267	4_3_2
t_6268	4_3_2
t_6269	4_3_2
t_6270	4_3_2
t_6271	4_3_2
t_6272	4_3_2
t_6273	4_3_2
t_6274	4_3_2
t_6275	4_3_2
t_6276	4_3_2
t_6277	4_3_2
t_6278	4_3_2
t_6279	4_3_2
t_6280	4_3_2
t_6281	4_3_2
t_6282	4_3_2
t_6283	4_3_2
t_6284	4_3_2
t_6285	4_3_2
t_6286	4_3_2
t_6287	4_3_2
t_6288	4_3_2
t_6289	4_3_2
t_6290	4_3_2
t_6291	4_3_2
t_6292	4_3_2
t_6293	4_3_2
t_6294	4_3_2
t_6295	4_3_2
t_6296	4_3_2
t_6297	4_3_2
t_6298	4_3_2
t_6299	4_3_2
t_6300	4_3_2
t_6301	4_3_2
t_6302	4_3_2
t_6303	4_3_2
t_6304	4_3_2
t_6305	4_3_2
t_6306	4_3_2
t_6307	4_3_2
t_6308	4_3_2
t_6309	4_3_2
t_6310	4_3_2
t_6311	4_3_2
t_6312	4_3_2
t_6313	4_3_2
t_6314	4_3_2
t_6315	4_3_2
t_6316	4_3_2
t_6317	4_3_2
t_6318	4_3_2
t_6319	4_3_2
t_6320	4_3_2
t_6321	4_3_2
t_6322	4_3_2
t_6323	4_3_2
t_6324	4_3_2
t_6325	4_3_2
t_6326	4_3_2
t_6327	4_3_2
t_6328	4_3_2
t_6329	4_3_2
t_6330	4_3_2
t_6331	4_3_2
t_6332	4_3_2
t_6333	4_3_2
t_6334	4_3_2
t_6335	4_3_2
t_6336	4_3_2
t_6337	4_3_2
t_6338	4_3_2
t_6339	4_3_2
t_6340	4_3_2
t_6341	4_3_2
t_6342	4_3_2
t_6343	4_3_2
t_6344	4_3_2
t_6345	4_3_2
t_6346	4_3_2
t_6347	4_3_2
t_6348	4_3_3
t_6349	4_3_3
t_6350	4_3_3
t_6351	4_3_3
t_6352	4_3_3
t_6353	4_3_3
t_6354	4_3_3
t_6355	4_3_3
t_6356	4_3_3
t_6357	4_3_3
t_6358	4_3_3
t_6359	4_3_3
t_6360	4_3_3
t_6361	4_3_3
t_6362	4_3_3
t_6363	4_3_3
t_6364	4_3_3
t_6365	4_3_3
t_6366	4_3_3
t_6367	4_3_3
t_6368	4_3_3
t_6369	4_3_3
t_6370	4_3_3
t_6371	4_3_3
t_6372	4_3_3
t_6373	4_3_3
t_6374	4_3_3
t_6375	4_3_3
t_6376	4_3_3
t_6377	4_3_3
t_6378	4_3_3
t_6379	4_3_3
t_6380	4_3_3
t_6381	4_3_3
t_6382	4_3_3
t_6383	4_3_3
t_6384	4_3_3
t_6385	4_3_3
t_6386	4_3_3
t_6387	4_3_3
t_6388	4_3_3
t_6389	4_3_3
t_6390	4_3_3
t_6391	4_3_3
t_6392	4_3_3
t_6393	4_3_3
t_6394	4_3_3
t_6395	4_3_3
t_6396	4_3_3
t_6397	4_3_3
t_6398	4_3_3
t_6399	4_3_3
t_6400	4_3_3
t_6401	4_3_3
t_6402	4_3_3
t_6403	4_3_3
t_6404	4_3_3
t_6405	4_3_3
t_6406	4_3_3
t_6407	4_3_3
t_6408	4_3_3
t_6409	4_3_3
t_6410	4_3_3
t_6411	4_3_3
t_6412	4_3_3
t_6413	4_3_3
t_6414	4_3_3
t_6415	4_3_4
t_6416	4_3_4
t_6417	4_3_4
t_6418	4_3_4
t_6419	4_3_4
t_6420	4_3_4
t_6421	4_3_4
t_6422	4_3_4
t_6423	4_3_4
t_6424	4_3_4
t_6425	4_3_4
t_6426	4_3_4
t_6427	4_3_4
t_6428	4_3_4
t_6429	4_3_4
t_6430	4_3_4
t_6431	4_3_4
t_6432	4_3_4
t_6433	4_3_4
t_6434	4_3_4
t_6435	4_3_4
t_6436	4_3_4
t_6437	4_3_4
t_6438	4_3_4
t_6439	4_3_4
t_6440	4_3_4
t_6441	4_3_4
t_6442	4_3_4
t_6443	4_3_4
t_6444	4_3_4
t_6445	4_3_4
t_6446	4_3_4
t_6447	4_3_4
t_6448	4_3_4
t_6449	4_3_4
t_6450	4_3_4
t_6451	4_3_4
t_6452	4_3_4
t_6453	4_3_4
t_6454	4_3_4
t_6455	4_3_4
t_6456	4_3_4
t_6457	4_3_4
t_6458	4_3_4
t_6459	4_3_4
t_6460	4_3_4
t_6461	4_3_4
t_6462	4_3_4
t_6463	4_3_4
t_6464	4_3_4
t_6465	4_3_4
t_6466	4_3_4
t_6467	4_3_4
t_6468	4_3_4
t_6469	4_3_4
t_6470	4_3_4
t_6471	4_3_4
t_6472	4_3_4
t_6473	4_3_4
t_6474	4_3_4
t_6475	4_3_4
t_6476	4_3_4
t_6477	4_3_4
t_6478	4_3_4
t_6479	4_3_4
t_6480	4_3_4
t_6481	4_3_4
t_6482	4_3_4
t_6483	4_3_4
t_6484	4_3_4
t_6485	4_3_4
t_6486	4_3_4
t_6487	4_3_4
t_6488	4_3_4
t_6489	4_3_4
t_6490	4_3_4
t_6491	4_3_4
t_6492	4_3_4
t_6493	4_3_4
t_6494	4_3_4
t_6495	4_3_4
t_6496	4_3_4
t_6497	4_3_4
t_6498	4_3_4
t_6499	4_3_4
t_6500	4_3_4
t_6501	4_3_4
t_6502	4_3_4
t_6503	4_3_4
t_6504	4_3_4
t_6505	4_3_4
t_6506	4_3_4
t_6507	4_3_4
t_6508	4_3_4
t_6509	4_3_4
t_6510	4_3_4
t_6511	4_3_4
t_6512	4_3_4
t_6513	4_3_4
t_6514	4_3_4
t_6515	4_3_4
t_6516	4_3_4
t_6517	4_3_4
t_6518	4_3_4
t_6519	4_3_4
t_6520	4_3_4
t_6521	4_3_4
t_6522	4_3_4
t_6523	4_3_4
t_6524	4_3_4
t_6525	4_3_4
t_6526	4_3_4
t_6527	4_3_4
t_6528	4_3_4
t_6529	4_3_4
t_6530	4_4_1
t_6531	4_4_1
t_6532	4_4_1
t_6533	4_4_1
t_6534	4_4_1
t_6535	4_4_1
t_6536	4_4_1
t_6537	4_4_1
t_6538	4_4_1
t_6539	4_4_1
t_6540	4_4_1
t_6541	4_4_1
t_6542	4_4_1
t_6543	4_4_1
t_6544	4_4_1
t_6545	4_4_1
t_6546	4_4_1
t_6547	4_4_1
t_6548	4_4_1
t_6549	4_4_1
t_6550	4_4_1
t_6551	4_4_1
t_6552	4_4_1
t_6553	4_4_1
t_6554	4_4_1
t_6555	4_4_1
t_6556	4_4_1
t_6557	4_4_1
t_6558	4_4_1
t_6559	4_4_1
t_6560	4_4_1
t_6561	4_4_1
t_6562	4_4_1
t_6563	4_4_1
t_6564	4_4_1
t_6565	4_4_1
t_6566	4_4_1
t_6567	4_4_1
t_6568	4_4_1
t_6569	4_4_1
t_6570	4_4_1
t_6571	4_4_1
t_6572	4_4_1
t_6573	4_4_1
t_6574	4_4_1
t_6575	4_4_1
t_6576	4_4_1
t_6577	4_4_1
t_6578	4_4_1
t_6579	4_4_1
t_6580	4_4_1
t_6581	4_4_1
t_6582	4_4_1
t_6583	4_4_1
t_6584	4_4_1
t_6585	4_4_1
t_6586	4_4_1
t_6587	4_4_1
t_6588	4_4_1
t_6589	4_4_1
t_6590	4_4_1
t_6591	4_4_1
t_6592	4_4_1
t_6593	4_4_1
t_6594	4_4_1
t_6595	4_4_1
t_6596	4_4_1
t_6597	4_4_1
t_6598	4_4_1
t_6599	4_4_1
t_6600	4_4_1
t_6601	4_4_1
t_6602	4_4_1
t_6603	4_4_1
t_6604	4_4_1
t_6605	4_4_1
t_6606	4_4_1
t_6607	4_4_1
t_6608	4_4_1
t_6609	4_4_1
t_6610	4_4_1
t_6611	4_4_1
t_6612	4_4_1
t_6613	4_4_1
t_6614	4_4_1
t_6615	4_4_1
t_6616	4_4_1
t_6617	4_4_1
t_6618	4_4_1
t_6619	4_4_1
t_6620	4_4_1
t_6621	4_4_1
t_6622	4_4_1
t_6623	4_4_1
t_6624	4_4_1
t_6625	4_4_1
t_6626	4_4_1
t_6627	4_4_1
t_6628	4_4_1
t_6629	4_4_1
t_6630	4_4_1
t_6631	4_4_1
t_6632	4_4_1
t_6633	4_4_1
t_6634	4_4_1
t_6635	4_4_1
t_6636	4_4_1
t_6637	4_4_1
t_6638	4_4_1
t_6639	4_4_1
t_6640	4_4_1
t_6641	4_4_1
t_6642	4_4_1
t_6643	4_4_1
t_6644	4_4_1
t_6645	4_4_1
t_6646	4_4_1
t_6647	4_4_1
t_6648	4_4_1
t_6649	4_4_1
t_6650	4_4_1
t_6651	4_4_1
t_6652	4_4_1
t_6653	4_4_1
t_6654	4_4_1
t_6655	4_4_1
t_6656	4_4_1
t_6657	4_4_1
t_6658	4_4_1
t_6659	4_4_1
t_6660	4_4_1
t_6661	4_4_1
t_6662	4_4_1
t_6663	4_4_1
t_6664	4_4_1
t_6665	4_4_1
t_6666	4_4_1
t_6667	4_4_1
t_6668	4_4_1
t_6669	4_4_1
t_6670	4_4_1
t_6671	4_4_1
t_6672	4_4_1
t_6673	4_4_1
t_6674	4_4_1
t_6675	4_4_1
t_6676	4_4_1
t_6677	4_4_1
t_6678	4_4_1
t_6679	4_4_1
t_6680	4_4_1
t_6681	4_5_1
t_6682	4_5_1
t_6683	4_5_1
t_6684	4_5_1
t_6685	4_5_1
t_6686	4_5_1
t_6687	4_5_1
t_6688	4_5_1
t_6689	4_5_1
t_6690	4_5_1
t_6691	4_5_1
t_6692	4_5_1
t_6693	4_5_1
t_6694	4_5_1
t_6695	4_5_1
t_6696	4_5_1
t_6697	4_5_1
t_6698	4_5_1
t_6699	4_5_1
t_6700	4_5_1
t_6701	4_5_1
t_6702	4_5_1
t_6703	4_5_1
t_6704	4_5_1
t_6705	4_5_1
t_6706	4_5_1
t_6707	4_5_1
t_6708	4_5_1
t_6709	4_5_1
t_6710	4_5_1
t_6711	4_5_1
t_6712	4_5_1
t_6713	4_5_1
t_6714	4_5_1
t_6715	4_5_1
t_6716	4_5_1
t_6717	4_5_1
t_6718	4_5_1
t_6719	4_5_1
t_6720	4_5_1
t_6721	4_5_1
t_6722	4_5_1
t_6723	4_5_1
t_6724	4_5_1
t_6725	4_5_1
t_6726	4_5_1
t_6727	4_6_1
t_6728	4_6_1
t_6729	4_6_1
t_6730	4_6_1
t_6731	4_6_1
t_6732	4_6_1
t_6733	4_6_1
t_6734	4_6_1
t_6735	4_6_1
t_6736	4_6_1
t_6737	4_6_1
t_6738	4_6_1
t_6739	4_6_1
t_6740	4_6_1
t_6741	4_6_1
t_6742	4_6_1
t_6743	4_6_1
t_6744	4_6_1
t_6745	4_6_1
t_6746	4_6_1
t_6747	4_6_1
t_6748	4_6_1
t_6749	4_6_1
t_6750	4_6_1
t_6751	4_6_1
t_6752	4_6_1
t_6753	4_6_1
t_6754	4_6_1
t_6755	4_6_1
t_6756	4_6_1
t_6757	4_6_1
t_6758	4_6_1
t_6759	4_6_1
t_6760	4_6_1
t_6761	4_6_1
t_6762	4_6_1
t_6763	4_6_1
t_6764	4_6_1
t_6765	4_6_1
t_6766	4_6_1
t_6767	4_6_1
t_6768	4_6_1
t_6769	4_6_1
t_6770	4_6_1
t_6771	4_6_1
t_6772	4_6_1
t_6773	4_7_1
t_6774	4_7_1
t_6775	4_7_1
t_6776	4_7_1
t_6777	4_7_1
t_6778	4_7_1
t_6779	4_7_1
t_6780	4_7_1
t_6781	4_7_1
t_6782	4_7_1
t_6783	4_7_1
t_6784	4_7_1
t_6785	4_7_1
t_6786	4_7_1
t_6787	4_7_1
t_6788	4_7_1
t_6789	4_8_1
t_6790	4_8_1
t_6791	4_8_1
t_6792	4_8_1
t_6793	4_8_1
t_6794	4_8_1
t_6795	4_8_1
t_6796	4_8_1
t_6797	4_8_1
t_6798	4_8_1
t_6799	4_8_1
t_6800	4_8_1
t_6801	4_8_1
t_6802	4_8_1
t_6803	4_8_1
t_6804	4_8_1
t_6805	4_8_1
t_6806	4_8_1
t_6807	4_8_1
t_6808	4_8_1
t_6809	4_8_1
t_6810	4_8_1
t_6811	4_8_1
t_6812	4_8_1
t_6813	4_8_1
t_6814	4_8_1
t_6815	4_9_1
t_6816	4_9_1
t_6817	4_9_1
t_6818	4_9_1
t_6819	4_9_1
t_6820	4_9_1
t_6821	4_9_1
t_6822	4_9_1
t_6823	4_10_1
t_6824	4_10_1
t_6825	4_10_1
t_6826	4_10_1
t_6827	4_10_1
t_6828	4_10_1
t_6829	4_10_1
t_6830	4_10_1
t_6831	4_10_1
t_6832	4_10_1
t_6833	4_10_1
t_6834	4_10_1
t_6835	4_10_1
t_6836	4_10_1
t_6837	4_10_1
t_6838	4_10_1
t_6839	4_10_1
t_6840	4_10_1
t_6841	4_10_1
t_6842	4_10_1
t_6843	4_10_1
t_6844	4_10_1
t_6845	4_10_1
t_6846	4_10_1
t_6847	4_10_1
t_6848	4_10_1
t_6849	4_10_1
t_6850	4_10_1
t_6851	4_10_1
t_6852	4_10_1
t_6853	4_10_1
t_6854	4_10_1
t_6855	4_10_1
t_6856	4_10_1
t_6857	4_10_1
t_6858	4_10_1
t_6859	4_10_1
t_6860	4_10_1
t_6861	4_10_1
t_6862	4_10_1
t_6863	4_10_1
t_6864	4_10_1
t_6865	4_10_1
t_6866	4_10_1
t_6867	4_10_1
t_6868	4_10_1
t_6869	4_10_1
t_6870	4_10_1
t_6871	4_10_1
t_6872	4_10_1
t_6873	4_10_1
t_6874	4_10_1
t_6875	4_10_1
t_6876	4_10_1
t_6877	4_10_1
t_6878	4_10_1
t_6879	4_10_1
t_6880	4_10_1
t_6881	4_10_1
t_6882	4_10_1
t_6883	4_10_1
t_6884	4_10_1
t_6885	4_10_1
t_6886	4_10_1
t_6887	4_10_1
t_6888	4_10_1
t_6889	4_10_1
t_6890	4_10_1
t_6891	4_10_1
t_6892	4_10_1
t_6893	4_10_1
t_6894	4_11_1
t_6895	4_11_1
t_6896	4_11_1
t_6897	4_11_1
t_6898	4_11_1
t_6899	4_11_1
t_6900	4_11_1
t_6901	4_11_1
t_6902	4_11_1
t_6903	4_11_1
t_6904	4_11_1
t_6905	4_11_1
t_6906	4_11_1
t_6907	4_11_1
t_6908	4_11_1
t_6909	4_11_1
t_6910	4_11_1
t_6911	4_11_1
t_6912	4_11_1
t_6913	4_11_1
t_6914	4_11_1
t_6915	4_11_1
t_6916	4_11_1
t_6917	4_12_1
t_6918	4_12_1
t_6919	4_12_1
t_6920	4_12_1
t_6921	4_12_1
t_6922	4_12_1
t_6923	4_12_1
t_6924	4_12_1
t_6925	4_12_1
t_6926	4_12_1
t_6927	4_12_1
t_6928	4_12_1
t_6929	4_12_1
t_6930	4_12_1
t_6931	4_12_1
t_6932	4_12_1
t_6933	4_12_1
t_6934	4_12_1
t_6935	4_12_1
t_6936	4_12_1
t_6937	4_12_1
t_6938	4_12_1
t_6939	4_12_1
t_6940	4_12_1
t_6941	4_12_1
t_6942	4_12_1
t_6943	4_12_1
t_6944	4_12_1
t_6945	4_12_1
t_6946	4_12_1
t_6947	4_12_1
t_6948	4_12_1
t_6949	4_12_1
t_6950	4_12_1
t_6951	4_12_1
t_6952	4_12_1
t_6953	4_12_1
t_6954	4_12_1
t_6955	4_12_1
t_6956	4_12_1
t_6957	4_12_1
t_6958	4_12_1
t_6959	4_12_1
t_6960	4_12_1
t_6961	4_12_1
t_6962	4_12_1
t_6963	4_12_1
t_6964	4_12_1
t_6965	4_12_1
t_6966	4_12_1
t_6967	4_12_1
t_6968	4_12_1
t_6969	4_12_1
t_6970	4_12_1
t_6971	4_12_1
t_6972	4_12_1
t_6973	4_12_1
t_6974	4_12_1
t_6975	4_12_1
t_6976	4_12_1
t_6977	4_12_1
t_6978	4_12_1
t_6979	4_12_1
t_6980	4_12_1
t_6981	4_12_1
t_6982	4_12_1
t_6983	4_12_1
t_6984	4_12_1
t_6985	4_12_1
t_6986	4_12_1
t_6987	4_12_1
t_6988	4_12_1
t_6989	4_13_1
t_6990	4_13_1
t_6991	4_13_1
t_6992	4_13_1
t_6993	4_13_1
t_6994	4_13_1
t_6995	4_13_1
t_6996	4_13_1
t_6997	4_13_1
t_6998	4_13_1
t_6999	4_13_1
t_7000	4_13_1
t_7001	4_13_1
t_7002	4_13_1
t_7003	4_13_1
t_7004	4_13_1
t_7005	4_13_1
t_7006	4_13_1
t_7007	4_13_1
t_7008	4_13_1
t_7009	4_13_1
t_7010	4_13_1
t_7011	4_13_1
t_7012	4_13_1
t_7013	4_13_1
t_7014	4_14_1
t_7015	4_14_1
t_7016	4_14_1
t_7017	4_14_1
t_7018	4_14_1
t_7019	4_14_1
t_7020	4_14_1
t_7021	4_14_1
t_7022	4_14_1
t_7023	4_14_1
t_7024	4_14_1
t_7025	4_14_1
t_7026	4_14_1
t_7027	4_14_1
t_7028	4_14_1
t_7029	4_14_1
t_7030	4_14_1
t_7031	4_14_1
t_7032	4_14_1
t_7033	4_14_1
t_7034	4_15_1
t_7035	4_15_1
t_7036	4_15_1
t_7037	4_15_1
t_7038	4_15_1
t_7039	4_15_1
t_7040	4_15_1
t_7041	4_15_1
t_7042	4_15_1
t_7043	4_15_1
t_7044	4_15_1
t_7045	4_15_1
t_7046	4_15_1
t_7047	4_15_1
t_7048	4_15_1
t_7049	4_15_1
t_7050	4_15_1
t_7051	4_15_1
t_7052	4_15_1
t_7053	4_15_1
t_7054	4_16_1
t_7055	4_16_1
t_7056	4_16_1
t_7057	4_16_1
t_7058	4_16_1
t_7059	4_16_1
t_7060	4_16_1
t_7061	4_16_1
t_7062	4_16_1
t_7063	4_16_1
t_7064	4_16_1
t_7065	4_16_1
t_7066	4_16_1
t_7067	4_16_1
t_7068	4_16_1
t_7069	4_16_1
t_7070	4_16_1
t_7071	4_16_1
t_7072	4_16_1
t_7073	4_16_1
t_7074	4_16_1
t_7075	4_16_1
t_7076	4_16_1
t_7077	4_16_1
t_7078	4_17_1
t_7079	4_17_1
t_7080	4_17_1
t_7081	4_17_1
t_7082	4_17_1
t_7083	4_17_1
t_7084	4_17_1
t_7085	4_17_1
t_7086	4_17_1
t_7087	4_17_1
t_7088	4_17_1
t_7089	4_17_1
t_7090	4_17_1
t_7091	4_17_1
t_7092	4_17_1
t_7093	4_17_1
t_7094	4_17_1
t_7095	4_17_1
t_7096	4_17_1
t_7097	4_17_1
t_7098	4_18_1
t_7099	4_18_1
t_7100	4_18_1
t_7101	4_18_1
t_7102	4_18_1
t_7103	4_18_1
t_7104	4_18_1
t_7105	4_18_1
t_7106	4_18_1
t_7107	4_18_1
t_7108	4_18_1
t_7109	4_18_1
t_7110	4_18_1
t_7111	4_18_1
t_7112	4_18_1
t_7113	4_18_1
t_7114	4_18_1
t_7115	4_18_1
t_7116	4_18_1
t_7117	4_18_1
t_7118	4_18_1
t_7119	4_18_1
t_7120	4_18_1
t_7121	4_18_1
t_7122	4_18_1
t_7123	4_18_1
t_7124	4_18_1
t_7125	4_18_1
t_7126	4_18_1
t_7127	4_18_1
t_7128	4_18_1
t_7129	4_18_1
t_7130	4_18_1
t_7131	4_18_1
t_7132	4_18_1
t_7133	4_18_1
t_7134	4_18_1
t_7135	4_18_1
t_7136	4_18_1
t_7137	4_18_1
t_7138	4_18_1
t_7139	4_18_1
t_7140	4_18_1
t_7141	4_18_1
t_7142	4_18_1
t_7143	4_18_1
t_7144	4_18_1
t_7145	4_18_1
t_7146	4_18_1
t_7147	4_19_1
t_7148	4_19_1
t_7149	4_19_1
t_7150	4_19_1
t_7151	4_19_1
t_7152	4_19_1
t_7153	4_19_1
t_7154	4_19_1
t_7155	4_19_1
t_7156	4_19_1
t_7157	4_19_1
t_7158	4_19_1
t_7159	4_19_1
t_7160	4_19_1
t_7161	4_19_1
t_7162	4_19_1
t_7163	4_19_1
t_7164	4_19_1
t_7165	4_19_1
t_7166	4_19_1
t_7167	4_19_1
t_7168	4_19_1
t_7169	4_19_1
t_7170	4_19_1
t_7171	4_19_1
t_7172	4_19_1
t_7173	4_19_1
t_7174	4_19_1
t_7175	4_19_1
t_7176	4_19_1
t_7177	4_19_1
t_7178	4_19_1
t_7179	4_19_1
t_7180	4_19_1
t_7181	4_19_1
t_7182	4_19_1
t_7183	4_19_1
t_7184	4_19_1
t_7185	4_19_1
t_7186	4_19_1
t_7187	4_19_1
t_7188	4_19_1
t_7189	4_19_1
t_7190	4_19_1
t_7191	4_19_1
t_7192	4_19_1
t_7193	4_19_1
t_7194	4_19_1
t_7195	4_19_1
t_7196	4_19_1
t_7197	4_19_1
t_7198	4_19_1
t_7199	4_19_1
t_7200	4_19_1
t_7201	4_19_1
t_7202	4_19_1
t_7203	4_19_1
t_7204	4_19_1
t_7205	4_19_1
t_7206	4_19_1
t_7207	4_19_1
t_7208	4_19_1
t_7209	4_19_1
t_7210	4_19_1
t_7211	4_19_1
t_7212	4_19_1
t_7213	4_19_1
t_7214	4_19_1
t_7215	4_19_1
t_7216	4_19_1
t_7217	4_19_1
t_7218	4_19_1
t_7219	4_19_1
t_7220	4_19_1
t_7221	4_19_1
t_7222	4_19_1
t_7223	4_19_1
t_7224	4_19_1
t_7225	4_19_1
t_7226	4_19_1
t_7227	4_19_1
t_7228	4_19_1
t_7229	4_19_1
t_7230	4_19_1
t_7231	4_19_1
t_7232	4_19_1
t_7233	4_19_1
t_7234	4_19_1
t_7235	4_19_1
t_7236	4_19_1
t_7237	4_19_1
t_7238	4_19_1
t_7239	4_19_1
t_7240	4_20_1
t_7241	4_20_1
t_7242	4_20_1
t_7243	4_20_1
t_7244	4_20_1
t_7245	4_20_1
t_7246	4_20_1
t_7247	4_20_1
t_7248	4_20_1
t_7249	4_20_1
t_7250	4_20_1
t_7251	4_20_1
t_7252	4_20_1
t_7253	4_20_1
t_7254	4_20_1
t_7255	4_20_1
t_7256	4_20_1
t_7257	4_20_1
t_7258	4_20_1
t_7259	4_20_1
t_7260	4_20_1
t_7261	4_20_1
t_7262	4_20_1
t_7263	4_20_1
t_7264	4_20_1
t_7265	4_20_1
t_7266	4_20_1
t_7267	4_20_1
t_7268	4_20_1
t_7269	4_20_1
t_7270	4_20_1
t_7271	4_20_1
t_7272	4_20_1
t_7273	4_20_1
t_7274	4_20_1
t_7275	4_20_1
t_7276	4_20_1
t_7277	4_20_1
t_7278	4_20_1
t_7279	4_20_1
t_7280	4_20_1
t_7281	4_20_1
t_7282	4_20_1
t_7283	4_20_1
t_7284	4_20_1
t_7285	4_20_1
t_7286	4_20_1
t_7287	4_20_1
t_7288	4_20_1
t_7289	4_20_1
t_7290	4_20_1
t_7291	4_20_1
t_7292	4_20_1
t_7293	4_20_1
t_7294	4_20_1
t_7295	4_20_1
t_7296	4_20_1
t_7297	4_20_1
t_7298	4_20_1
t_7299	4_20_1
t_7300	4_20_1
t_7301	4_20_1
t_7302	4_20_1
t_7303	4_20_1
t_7304	4_20_1
t_7305	4_20_1
t_7306	4_20_1
t_7307	4_20_1
t_7308	4_20_1
t_7309	4_20_1
t_7310	4_20_1
t_7311	4_20_1
t_7312	4_20_1
t_7313	4_20_1
t_7314	4_20_1
t_7315	4_20_1
t_7316	4_20_1
t_7317	4_20_1
t_7318	4_20_1
t_7319	4_20_1
t_7320	4_20_1
t_7321	4_20_1
t_7322	4_20_1
t_7323	4_20_1
t_7324	4_20_1
t_7325	4_20_1
t_7326	4_20_1
t_7327	4_20_1
t_7328	4_20_1
t_7329	4_20_1
t_7330	4_20_1
t_7331	4_20_1
t_7332	4_20_1
t_7333	4_20_1
t_7334	4_20_1
t_7335	4_20_1
t_7336	4_20_1
t_7337	4_20_1
t_7338	4_20_1
t_7339	4_20_1
t_7340	4_20_1
t_7341	4_20_1
t_7342	4_20_1
t_7343	4_20_1
t_7344	4_20_1
t_7345	4_20_1
t_7346	4_20_1
t_7347	4_20_1
t_7348	4_20_1
t_7349	4_20_1
t_7350	4_20_1
t_7351	4_20_1
t_7352	4_20_1
t_7353	4_20_1
t_7354	4_21_1
t_7355	4_21_1
t_7356	4_21_1
t_7357	4_21_1
t_7358	4_21_1
t_7359	4_21_1
t_7360	4_21_1
t_7361	4_21_1
t_7362	4_21_1
t_7363	4_21_1
t_7364	4_21_1
t_7365	4_21_1
t_7366	4_21_1
t_7367	4_21_1
t_7368	4_21_1
t_7369	4_21_1
t_7370	4_21_1
t_7371	4_21_1
t_7372	4_21_1
t_7373	4_21_1
t_7374	4_21_1
t_7375	4_21_1
t_7376	4_21_1
t_7377	4_21_1
t_7378	4_21_1
t_7379	4_21_1
t_7380	4_21_1
t_7381	4_21_1
t_7382	4_21_1
t_7383	4_21_1
t_7384	4_21_1
t_7385	4_21_1
t_7386	4_21_1
t_7387	4_21_1
t_7388	4_21_1
t_7389	4_21_1
t_7390	4_21_1
t_7391	4_21_1
t_7392	4_21_1
t_7393	4_21_1
t_7394	4_21_1
t_7395	4_21_1
t_7396	4_21_1
t_7397	4_21_1
t_7398	4_21_1
t_7399	4_21_1
t_7400	4_21_1
t_7401	4_21_1
t_7402	4_21_1
t_7403	4_21_1
t_7404	4_21_1
t_7405	4_21_1
t_7406	4_21_1
t_7407	4_21_1
t_7408	4_21_1
t_7409	4_21_1
t_7410	4_21_1
t_7411	4_21_1
t_7412	4_21_1
t_7413	4_21_1
t_7414	4_21_1
t_7415	4_21_1
t_7416	4_21_1
t_7417	4_21_1
t_7418	4_21_1
t_7419	4_21_1
t_7420	4_21_1
t_7421	4_21_1
t_7422	4_21_1
t_7423	4_21_1
t_7424	4_21_1
t_7425	4_21_1
t_7426	4_21_1
t_7427	4_21_1
t_7428	4_21_1
t_7429	4_21_1
t_7430	4_21_1
t_7431	4_21_1
t_7432	4_21_1
t_7433	4_21_1
t_7434	4_21_1
t_7435	4_21_1
t_7436	4_21_1
t_7437	4_21_1
t_7438	4_21_1
t_7439	4_21_1
t_7440	4_21_1
t_7441	4_21_1
t_7442	4_21_2
t_7443	4_21_2
t_7444	4_21_2
t_7445	4_21_2
t_7446	4_21_2
t_7447	4_21_2
t_7448	4_21_2
t_7449	4_21_2
t_7450	4_21_2
t_7451	4_21_2
t_7452	4_21_2
t_7453	4_21_2
t_7454	4_21_2
t_7455	4_21_2
t_7456	4_21_2
t_7457	4_21_2
t_7458	4_21_2
t_7459	4_21_2
t_7460	4_21_2
t_7461	4_21_2
t_7462	4_21_2
t_7463	4_21_2
t_7464	4_21_2
t_7465	4_21_2
t_7466	4_21_2
t_7467	4_21_2
t_7468	4_21_2
t_7469	4_21_2
t_7470	4_21_2
t_7471	4_21_2
t_7472	4_21_2
t_7473	4_21_2
t_7474	4_21_2
t_7475	4_21_2
t_7476	4_21_2
t_7477	4_21_2
t_7478	4_21_2
t_7479	4_21_2
t_7480	4_21_2
t_7481	4_21_2
t_7482	4_21_2
t_7483	4_21_2
t_7484	4_21_2
t_7485	4_21_2
t_7486	4_21_2
t_7487	4_21_2
t_7488	4_21_2
t_7489	4_21_2
t_7490	4_21_2
t_7491	4_21_2
t_7492	4_21_2
t_7493	4_21_2
t_7494	4_21_2
t_7495	4_21_2
t_7496	4_21_2
t_7497	4_21_2
t_7498	4_21_2
t_7499	4_21_2
t_7500	4_21_2
t_7501	4_21_2
t_7502	4_21_2
t_7503	4_21_2
t_7504	4_21_2
t_7505	4_21_2
t_7506	4_21_2
t_7507	4_21_2
t_7508	4_21_2
t_7509	4_21_2
t_7510	4_21_2
t_7511	4_21_2
t_7512	4_21_2
t_7513	4_21_2
t_7514	4_21_2
t_7515	4_21_2
t_7516	4_21_2
t_7517	4_21_2
t_7518	4_21_2
t_7519	4_21_2
t_7520	4_22_1
t_7521	4_22_1
t_7522	4_22_1
t_7523	4_22_1
t_7524	4_22_1
t_7525	4_22_1
t_7526	4_22_1
t_7527	4_22_1
t_7528	4_22_1
t_7529	4_22_1
t_7530	4_22_1
t_7531	4_22_1
t_7532	4_22_1
t_7533	4_22_1
t_7534	4_22_1
t_7535	4_22_1
t_7536	4_22_1
t_7537	4_22_1
t_7538	4_23_1
t_7539	4_23_1
t_7540	4_23_1
t_7541	4_23_1
t_7542	4_23_1
t_7543	4_23_1
t_7544	4_23_1
t_7545	4_23_1
t_7546	4_23_1
t_7547	4_23_1
t_7548	4_23_1
t_7549	4_23_1
t_7550	4_23_1
t_7551	4_23_1
t_7552	4_23_1
t_7553	4_23_1
t_7554	4_23_1
t_7555	4_23_1
t_7556	4_23_1
t_7557	4_23_1
t_7558	4_23_1
t_7559	4_23_1
t_7560	4_23_1
t_7561	4_23_1
t_7562	4_23_1
t_7563	4_23_1
t_7564	4_23_1
t_7565	4_23_1
t_7566	4_23_1
t_7567	4_23_1
t_7568	4_23_1
t_7569	4_23_1
t_7570	4_23_1
t_7571	4_23_1
t_7572	4_23_1
t_7573	4_23_1
t_7574	4_23_1
t_7575	4_23_1
t_7576	4_23_1
t_7577	4_23_1
t_7578	4_23_1
t_7579	4_23_1
t_7580	4_23_1
t_7581	4_23_1
t_7582	4_23_1
t_7583	4_23_1
t_7584	4_23_1
t_7585	4_23_1
t_7586	4_23_1
t_7587	4_23_1
t_7588	4_23_1
t_7589	4_23_1
t_7590	4_23_1
t_7591	4_23_1
t_7592	4_23_1
t_7593	4_23_1
t_7594	4_23_1
t_7595	4_23_1
t_7596	4_23_1
t_7597	4_23_1
t_7598	4_23_1
t_7599	4_23_1
t_7600	4_23_1
t_7601	4_23_1
t_7602	4_23_1
t_7603	4_23_1
t_7604	4_24_1
t_7605	4_24_1
t_7606	4_24_1
t_7607	4_24_1
t_7608	4_24_1
t_7609	4_24_1
t_7610	4_24_1
t_7611	4_24_1
t_7612	4_24_1
t_7613	4_24_1
t_7614	4_24_1
t_7615	4_24_1
t_7616	4_24_1
t_7617	4_24_1
t_7618	4_24_1
t_7619	4_24_1
t_7620	4_24_1
t_7621	4_24_1
t_7622	4_24_1
t_7623	4_24_1
t_7624	4_24_1
t_7625	4_24_1
t_7626	4_24_1
t_7627	4_24_1
t_7628	4_24_1
t_7629	4_24_1
t_7630	4_24_1
t_7631	4_24_1
t_7632	4_24_1
t_7633	4_24_1
t_7634	4_24_1
t_7635	4_24_1
t_7636	4_24_1
t_7637	4_24_1
t_7638	4_24_1
t_7639	4_24_1
t_7640	4_24_1
t_7641	4_24_1
t_7642	4_24_1
t_7643	4_24_1
t_7644	4_24_1
t_7645	4_24_1
t_7646	4_24_1
t_7647	4_24_1
t_7648	4_24_1
t_7649	4_24_1
t_7650	4_24_1
t_7651	4_24_1
t_7652	4_24_1
t_7653	4_24_1
t_7654	4_24_1
t_7655	4_24_1
t_7656	4_24_1
t_7657	4_24_1
t_7658	4_24_1
t_7659	4_24_1
t_7660	4_24_1
t_7661	4_24_1
t_7662	4_24_1
t_7663	4_24_1
t_7664	4_24_1
t_7665	4_24_1
t_7666	4_24_1
t_7667	4_24_1
t_7668	4_24_1
t_7669	4_24_1
t_7670	4_24_1
t_7671	4_24_1
t_7672	4_24_1
t_7673	4_24_1
t_7674	4_24_1
t_7675	4_24_1
t_7676	4_24_1
t_7677	4_24_1
t_7678	4_24_1
t_7679	4_24_1
t_7680	4_24_1
t_7681	4_24_1
t_7682	4_24_1
t_7683	4_24_1
t_7684	4_24_1
t_7685	4_24_1
t_7686	4_24_1
t_7687	4_24_1
t_7688	4_24_1
t_7689	4_24_1
t_7690	4_24_1
t_7691	4_24_1
t_7692	4_24_1
t_7693	4_24_1
t_7694	4_24_1
t_7695	4_24_1
t_7696	4_24_1
t_7697	4_24_1
t_7698	4_24_1
t_7699	4_24_1
t_7700	4_24_1
t_7701	4_24_1
t_7702	4_24_1
t_7703	4_24_1
t_7704	4_24_1
t_7705	4_24_1
t_7706	4_24_1
t_7707	4_25_1
t_7708	4_25_1
t_7709	4_25_1
t_7710	4_25_1
t_7711	4_25_1
t_7712	4_25_1
t_7713	4_25_1
t_7714	4_25_1
t_7715	4_25_1
t_7716	4_25_1
t_7717	4_25_1
t_7718	4_25_1
t_7719	4_25_1
t_7720	4_25_1
t_7721	4_25_1
t_7722	4_25_1
t_7723	4_25_1
t_7724	4_25_1
t_7725	4_25_1
t_7726	4_25_1
t_7727	4_25_1
t_7728	4_25_1
t_7729	4_25_1
t_7730	4_25_1
t_7731	4_25_1
t_7732	4_25_1
t_7733	4_25_1
t_7734	4_25_1
t_7735	4_25_1
t_7736	4_26_1
t_7737	4_26_1
t_7738	4_26_1
t_7739	4_26_1
t_7740	4_26_1
t_7741	4_26_1
t_7742	4_26_1
t_7743	4_26_1
t_7744	4_26_1
t_7745	4_26_1
t_7746	4_26_1
t_7747	4_26_1
t_7748	4_26_1
t_7749	4_26_1
t_7750	4_26_1
t_7751	4_26_1
t_7752	4_26_1
t_7753	4_26_1
t_7754	4_26_1
t_7755	4_26_1
t_7756	4_26_1
t_7757	4_26_1
t_7758	4_26_1
t_7759	4_26_1
t_7760	4_26_1
t_7761	4_26_1
t_7762	4_26_1
t_7763	4_26_1
t_7764	4_26_1
t_7765	4_26_1
t_7766	4_26_1
t_7767	4_26_1
t_7768	4_26_1
t_7769	4_26_1
t_7770	4_26_1
t_7771	4_26_1
t_7772	4_26_1
t_7773	4_26_1
t_7774	4_26_1
t_7775	4_26_1
t_7776	4_26_1
t_7777	4_26_1
t_7778	4_26_1
t_7779	4_26_1
t_7780	4_26_1
t_7781	4_26_1
t_7782	4_26_1
t_7783	4_26_1
t_7784	4_26_1
t_7785	4_26_1
t_7786	4_26_1
t_7787	4_26_1
t_7788	4_26_1
t_7789	4_26_1
t_7790	4_26_1
t_7791	4_26_1
t_7792	4_26_1
t_7793	4_26_1
t_7794	4_27_1
t_7795	4_27_1
t_7796	4_27_1
t_7797	4_27_1
t_7798	4_27_1
t_7799	4_27_1
t_7800	4_27_1
t_7801	4_27_1
t_7802	4_27_1
t_7803	4_27_1
t_7804	4_27_1
t_7805	4_27_1
t_7806	4_27_1
t_7807	4_27_1
t_7808	4_27_1
t_7809	4_27_1
t_7810	4_27_1
t_7811	4_27_1
t_7812	4_27_1
t_7813	4_27_1
t_7814	4_27_1
t_7815	4_27_1
t_7816	4_27_1
t_7817	4_27_1
t_7818	4_27_1
t_7819	4_27_1
t_7820	4_27_1
t_7821	4_27_1
t_7822	4_27_1
t_7823	4_27_1
t_7824	4_27_1
t_7825	4_27_1
t_7826	4_27_1
t_7827	4_27_1
t_7828	4_27_1
t_7829	4_27_1
t_7830	4_28_1
t_7831	4_28_1
t_7832	4_28_1
t_7833	4_28_1
t_7834	4_28_1
t_7835	4_28_1
t_7836	4_28_1
t_7837	4_28_1
t_7838	4_28_1
t_7839	4_28_1
t_7840	4_28_1
t_7841	4_28_1
t_7842	4_28_1
t_7843	4_28_1
t_7844	4_28_1
t_7845	4_28_1
t_7846	4_28_1
t_7847	4_28_1
t_7848	4_28_1
t_7849	4_28_1
t_7850	4_28_1
t_7851	4_28_1
t_7852	4_28_1
t_7853	4_28_1
t_7854	4_28_1
t_7855	4_29_1
t_7856	4_29_1
t_7857	4_29_1
t_7858	4_29_1
t_7859	4_29_1
t_7860	4_29_1
t_7861	4_29_1
t_7862	4_29_1
t_7863	4_29_1
t_7864	4_29_1
t_7865	4_29_1
t_7866	4_29_1
t_7867	4_29_1
t_7868	4_29_1
t_7869	4_29_1
t_7870	4_29_1
t_7871	4_29_1
t_7872	4_29_1
t_7873	4_29_1
t_7874	4_29_1
t_7875	4_29_1
t_7876	4_29_1
t_7877	4_29_1
t_7878	4_29_1
t_7879	4_29_1
t_7880	4_29_1
t_7881	4_29_1
t_7882	4_29_1
t_7883	4_29_1
t_7884	4_29_1
t_7885	4_29_1
t_7886	4_29_1
t_7887	4_29_1
t_7888	4_29_1
t_7889	4_29_1
t_7890	4_29_1
t_7891	4_29_1
t_7892	4_29_1
t_7893	4_29_1
t_7894	4_29_1
t_7895	4_29_1
t_7896	4_29_1
t_7897	4_29_1
t_7898	4_29_1
t_7899	4_29_1
t_7900	4_29_1
t_7901	4_29_1
t_7902	4_29_1
t_7903	4_29_1
t_7904	4_29_1
t_7905	4_29_1
t_7906	4_29_1
t_7907	4_29_1
t_7908	4_29_1
t_7909	4_29_1
t_7910	4_29_1
t_7911	4_29_1
t_7912	4_29_1
t_7913	4_29_1
t_7914	4_29_1
t_7915	4_29_1
t_7916	4_29_1
t_7917	4_29_1
t_7918	4_29_1
t_7919	4_29_1
t_7920	4_29_1
t_7921	4_29_1
t_7922	4_29_1
t_7923	4_29_1
t_7924	4_29_1
t_7925	4_29_1
t_7926	4_29_1
t_7927	4_29_1
t_7928	4_29_1
t_7929	4_29_1
t_7930	4_29_1
t_7931	4_29_1
t_7932	4_29_1
t_7933	4_29_1
t_7934	4_29_1
t_7935	4_29_1
t_7936	4_29_1
t_7937	4_29_1
t_7938	4_29_1
t_7939	4_29_1
t_7940	4_29_1
t_7941	4_29_1
t_7942	4_29_1
t_7943	4_29_1
t_7944	4_29_1
t_7945	4_29_1
t_7946	4_29_1
t_7947	4_29_1
t_7948	4_30_1
t_7949	4_30_1
t_7950	4_30_1
t_7951	4_30_1
t_7952	4_30_1
t_7953	4_30_1
t_7954	4_30_1
t_7955	4_30_1
t_7956	4_30_1
t_7957	4_30_1
t_7958	4_30_1
t_7959	4_30_1
t_7960	4_30_1
t_7961	4_30_1
t_7962	4_30_1
t_7963	4_30_1
t_7964	4_30_1
t_7965	4_30_1
t_7966	4_30_1
t_7967	4_30_1
t_7968	4_30_1
t_7969	4_30_1
t_7970	4_30_1
t_7971	4_30_1
t_7972	4_30_1
t_7973	4_30_1
t_7974	4_30_1
t_7975	4_30_1
t_7976	4_30_1
t_7977	4_30_1
t_7978	4_30_1
t_7979	4_30_1
t_7980	4_30_1
t_7981	4_30_1
t_7982	4_30_1
t_7983	4_30_1
t_7984	4_30_1
t_7985	4_30_1
t_7986	4_30_1
t_7987	4_31_1
t_7988	4_31_1
t_7989	4_31_1
t_7990	4_31_1
t_7991	4_31_1
t_7992	4_31_1
t_7993	4_31_1
t_7994	4_31_1
t_7995	4_31_1
t_7996	4_31_1
t_7997	4_31_1
t_7998	4_31_1
t_7999	4_31_1
t_8000	4_31_1
t_8001	4_31_1
t_8002	4_31_1
t_8003	4_31_1
t_8004	4_31_1
t_8005	4_31_1
t_8006	4_31_1
t_8007	4_31_1
t_8008	4_31_1
t_8009	4_31_1
t_8010	4_31_1
t_8011	4_31_1
t_8012	4_31_1
t_8013	4_31_1
t_8014	4_31_1
t_8015	4_31_1
t_8016	4_31_1
t_8017	4_31_1
t_8018	4_31_1
t_8019	4_31_1
t_8020	4_31_1
t_8021	4_31_1
t_8022	4_31_1
t_8023	4_31_1
t_8024	4_31_1
t_8025	4_31_1
t_8026	4_32_1
t_8027	4_32_1
t_8028	4_32_1
t_8029	4_32_1
t_8030	4_32_1
t_8031	4_32_1
t_8032	4_32_1
t_8033	4_32_1
t_8034	4_32_1
t_8035	4_32_1
t_8036	4_32_1
t_8037	4_32_1
t_8038	4_32_1
t_8039	4_32_1
t_8040	4_32_1
t_8041	4_32_1
t_8042	4_32_1
t_8043	4_32_1
t_8044	4_32_1
t_8045	4_32_1
t_8046	4_32_1
t_8047	4_32_1
t_8048	4_32_1
t_8049	4_32_1
t_8050	4_32_1
t_8051	4_32_1
t_8052	4_32_1
t_8053	4_32_1
t_8054	4_32_1
t_8055	4_32_1
t_8056	4_32_1
t_8057	4_32_1
t_8058	4_32_1
t_8059	4_32_1
t_8060	4_32_1
t_8061	4_32_1
t_8062	4_32_1
t_8063	4_32_1
t_8064	4_32_1
t_8065	4_32_1
t_8066	4_32_1
t_8067	4_32_1
t_8068	4_32_1
t_8069	4_32_1
t_8070	4_32_1
t_8071	4_32_1
t_8072	4_32_1
t_8073	4_32_1
t_8074	4_32_1
t_8075	4_32_1
t_8076	4_32_1
t_8077	4_32_1
t_8078	4_32_1
t_8079	4_32_1
t_8080	4_32_1
t_8081	4_32_1
t_8082	4_32_1
t_8083	4_32_1
t_8084	4_32_1
t_8085	4_32_1
t_8086	4_32_1
t_8087	4_32_1
t_8088	4_32_1
t_8089	4_32_2
t_8090	4_32_2
t_8091	4_32_2
t_8092	4_32_2
t_8093	4_32_2
t_8094	4_32_2
t_8095	4_32_2
t_8096	4_32_2
t_8097	4_32_2
t_8098	4_32_2
t_8099	4_32_2
t_8100	4_32_2
t_8101	4_32_2
t_8102	4_32_2
t_8103	4_32_2
t_8104	4_32_2
t_8105	4_32_2
t_8106	4_32_2
t_8107	4_32_2
t_8108	4_32_2
t_8109	4_32_2
t_8110	4_32_2
t_8111	4_32_2
t_8112	4_32_2
t_8113	4_32_2
t_8114	4_32_2
t_8115	4_32_2
t_8116	4_32_2
t_8117	4_32_2
t_8118	4_32_2
t_8119	4_32_2
t_8120	4_32_2
t_8121	4_32_2
t_8122	4_32_2
t_8123	4_32_2
t_8124	4_32_2
t_8125	4_32_2
t_8126	4_32_2
t_8127	4_32_2
t_8128	4_32_2
t_8129	4_32_2
t_8130	4_32_2
t_8131	4_32_2
t_8132	4_32_2
t_8133	4_32_2
t_8134	4_32_2
t_8135	4_32_2
t_8136	4_32_2
t_8137	4_32_2
t_8138	4_32_2
t_8139	4_32_2
t_8140	4_32_2
t_8141	4_32_2
t_8142	4_32_2
t_8143	4_32_2
t_8144	4_32_2
t_8145	4_32_2
t_8146	4_32_2
t_8147	4_32_2
t_8148	4_32_2
t_8149	4_32_2
t_8150	4_32_2
t_8151	4_32_2
t_8152	4_32_2
t_8153	4_32_2
t_8154	4_32_2
t_8155	4_32_2
t_8156	4_32_2
t_8157	4_32_2
t_8158	4_32_2
t_8159	4_32_2
t_8160	4_32_2
t_8161	4_32_2
t_8162	4_32_2
t_8163	4_32_2
t_8164	4_32_2
t_8165	4_32_2
t_8166	4_32_2
t_8167	4_32_2
t_8168	4_32_2
t_8169	4_32_2
t_8170	4_32_2
t_8171	4_32_2
t_8172	4_32_2
t_8173	4_32_2
t_8174	4_32_2
t_8175	4_32_2
t_8176	4_32_2
t_8177	4_32_2
t_8178	4_32_2
t_8179	4_32_2
t_8180	4_32_2
t_8181	4_32_2
t_8182	4_32_2
t_8183	4_32_2
t_8184	4_32_2
t_8185	4_32_2
t_8186	4_32_2
t_8187	4_32_2
t_8188	4_32_2
t_8189	4_32_2
t_8190	4_32_2
t_8191	4_32_2
t_8192	4_32_2
t_8193	4_32_2
t_8194	4_32_2
t_8195	4_33_1
t_8196	4_33_1
t_8197	4_33_1
t_8198	4_33_1
t_8199	4_33_1
t_8200	4_33_1
t_8201	4_33_1
t_8202	4_33_1
t_8203	4_33_1
t_8204	4_33_1
t_8205	4_33_1
t_8206	4_33_1
t_8207	4_33_1
t_8208	4_33_1
t_8209	4_33_1
t_8210	4_33_1
t_8211	4_33_1
t_8212	4_33_1
t_8213	4_33_1
t_8214	4_33_1
t_8215	4_33_1
t_8216	4_33_1
t_8217	4_33_1
t_8218	4_33_1
t_8219	4_33_1
t_8220	4_33_1
t_8221	4_33_1
t_8222	4_33_1
t_8223	4_33_1
t_8224	4_33_1
t_8225	4_33_1
t_8226	4_33_1
t_8227	4_33_1
t_8228	4_33_1
t_8229	4_33_1
t_8230	4_33_1
t_8231	4_33_1
t_8232	4_33_1
t_8233	4_33_1
t_8234	4_33_1
t_8235	4_33_1
t_8236	4_33_1
t_8237	4_33_1
t_8238	4_33_1
t_8239	4_33_1
t_8240	4_33_1
t_8241	4_33_1
t_8242	4_33_1
t_8243	4_33_1
t_8244	4_33_1
t_8245	4_33_1
t_8246	4_33_1
t_8247	4_33_1
t_8248	4_33_1
t_8249	4_33_1
t_8250	4_33_1
t_8251	4_33_1
t_8252	4_33_1
t_8253	4_33_1
t_8254	4_33_1
t_8255	4_33_1
t_8256	4_33_1
t_8257	4_33_1
t_8258	4_33_1
t_8259	4_33_1
t_8260	4_33_1
t_8261	4_33_1
t_8262	4_33_1
t_8263	4_33_1
t_8264	4_33_1
t_8265	4_33_1
t_8266	4_33_1
t_8267	4_33_1
t_8268	4_33_1
t_8269	4_33_1
t_8270	4_33_1
t_8271	4_33_1
t_8272	4_33_1
t_8273	4_33_1
t_8274	4_33_1
t_8275	4_33_1
t_8276	4_33_1
t_8277	4_33_1
t_8278	4_33_1
t_8279	4_33_1
t_8280	4_33_1
t_8281	4_33_1
t_8282	4_33_1
t_8283	4_33_1
t_8284	4_33_1
t_8285	4_33_1
t_8286	4_33_1
t_8287	4_33_1
t_8288	4_33_1
t_8289	4_33_1
t_8290	4_33_1
t_8291	4_33_1
t_8292	4_33_1
t_8293	4_33_1
t_8294	4_33_1
t_8295	4_33_1
t_8296	4_33_1
t_8297	4_33_1
t_8298	4_33_1
t_8299	4_33_1
t_8300	4_33_1
t_8301	4_33_1
t_8302	4_33_1
t_8303	4_33_1
t_8304	4_33_1
t_8305	4_33_1
t_8306	4_33_1
t_8307	4_33_1
t_8308	4_33_1
t_8309	4_33_1
t_8310	4_33_1
t_8311	4_33_1
t_8312	4_33_1
t_8313	4_33_1
t_8314	4_33_1
t_8315	4_33_1
t_8316	4_33_1
t_8317	4_33_1
t_8318	4_33_1
t_8319	4_33_1
t_8320	4_33_1
t_8321	4_33_1
t_8322	4_33_1
t_8323	4_33_1
t_8324	4_33_1
t_8325	4_33_1
t_8326	4_33_1
t_8327	4_33_1
t_8328	4_33_1
t_8329	4_33_1
t_8330	4_33_1
t_8331	4_34_1
t_8332	4_34_1
t_8333	4_34_1
t_8334	4_34_1
t_8335	4_34_1
t_8336	4_34_1
t_8337	4_34_1
t_8338	4_34_1
t_8339	4_34_1
t_8340	4_34_1
t_8341	4_34_1
t_8342	4_34_1
t_8343	4_34_1
t_8344	4_35_1
t_8345	4_35_1
t_8346	4_35_1
t_8347	4_35_1
t_8348	4_35_1
t_8349	4_35_1
t_8350	4_35_1
t_8351	4_35_1
t_8352	4_35_1
t_8353	4_35_1
t_8354	4_36_1
t_8355	4_36_1
t_8356	4_36_1
t_8357	4_36_1
t_8358	4_36_1
t_8359	4_36_1
t_8360	4_36_1
t_8361	4_36_1
t_8362	4_36_1
t_8363	4_36_1
t_8364	4_36_1
t_8365	4_36_1
t_8366	4_36_1
t_8367	4_36_1
t_8368	4_36_1
t_8369	4_36_1
t_8370	4_36_1
t_8371	4_36_1
t_8372	4_36_1
t_8373	4_36_1
t_8374	4_36_1
t_8375	4_36_1
t_8376	4_36_1
t_8377	4_36_1
t_8378	4_36_1
t_8379	4_36_1
t_8380	4_36_1
t_8381	4_36_1
t_8382	4_36_1
t_8383	4_36_1
t_8384	4_36_1
t_8385	4_36_1
t_8386	4_36_1
t_8387	4_36_1
t_8388	4_36_1
t_8389	4_36_1
t_8390	4_36_1
t_8391	4_36_1
t_8392	4_36_1
t_8393	4_36_1
t_8394	4_36_1
t_8395	4_36_1
t_8396	4_36_1
t_8397	4_36_1
t_8398	4_36_1
t_8399	4_36_1
t_8400	4_36_1
t_8401	4_36_1
t_8402	4_36_1
t_8403	4_36_1
t_8404	4_36_1
t_8405	4_36_1
t_8406	4_36_1
t_8407	4_36_1
t_8408	4_36_1
t_8409	4_36_1
t_8410	4_36_1
t_8411	4_37_1
t_8412	4_37_1
t_8413	4_37_1
t_8414	4_37_1
t_8415	4_37_1
t_8416	4_37_1
t_8417	4_37_1
t_8418	4_37_1
t_8419	4_37_1
t_8420	4_37_1
t_8421	4_37_1
t_8422	4_37_1
t_8423	4_37_1
t_8424	4_37_1
t_8425	4_37_1
t_8426	4_37_1
t_8427	4_37_1
t_8428	4_37_1
t_8429	4_37_1
t_8430	4_37_1
t_8431	4_37_1
t_8432	4_37_1
t_8433	4_37_1
t_8434	4_37_1
t_8435	4_37_1
t_8436	4_37_1
t_8437	4_37_1
t_8438	4_37_1
t_8439	4_37_1
t_8440	4_37_1
t_8441	4_37_1
t_8442	4_37_1
t_8443	4_38_1
t_8444	4_38_1
t_8445	4_38_1
t_8446	4_38_1
t_8447	4_38_1
t_8448	4_38_1
t_8449	4_38_1
t_8450	4_38_1
t_8451	4_38_1
t_8452	4_38_1
t_8453	4_38_1
t_8454	4_38_1
t_8455	4_38_1
t_8456	4_38_1
t_8457	4_38_1
t_8458	4_38_1
t_8459	4_39_1
t_8460	4_39_1
t_8461	4_39_1
t_8462	4_39_1
t_8463	4_39_1
t_8464	4_39_1
t_8465	4_39_1
t_8466	4_39_1
t_8467	4_39_1
t_8468	4_39_1
t_8469	4_39_1
t_8470	4_39_1
t_8471	4_39_1
t_8472	4_39_1
t_8473	4_39_1
t_8474	4_39_1
t_8475	4_39_1
t_8476	4_39_1
t_8477	4_39_1
t_8478	4_39_1
t_8479	4_39_1
t_8480	4_39_1
t_8481	4_39_1
t_8482	4_39_1
t_8483	4_39_1
t_8484	4_39_1
t_8485	4_39_1
t_8486	4_39_1
t_8487	4_39_1
t_8488	4_39_1
t_8489	4_39_1
t_8490	4_39_1
t_8491	4_39_1
t_8492	4_39_1
t_8493	4_39_1
t_8494	4_39_1
t_8495	4_39_1
t_8496	4_39_1
t_8497	4_39_1
t_8498	4_39_1
t_8499	4_39_1
t_8500	4_39_1
t_8501	4_39_1
t_8502	4_39_1
t_8503	4_39_1
t_8504	4_39_1
t_8505	4_39_1
t_8506	4_39_1
t_8507	4_39_1
t_8508	4_39_1
t_8509	4_39_1
t_8510	4_39_1
t_8511	4_39_1
t_8512	4_39_1
t_8513	4_39_1
t_8514	4_39_1
t_8515	4_39_1
t_8516	4_39_1
t_8517	4_39_1
t_8518	4_39_1
t_8519	4_39_1
t_8520	4_39_1
t_8521	4_39_1
t_8522	4_39_1
t_8523	4_39_1
t_8524	4_39_1
t_8525	4_39_1
t_8526	4_39_1
t_8527	4_39_1
t_8528	4_39_1
t_8529	4_39_1
t_8530	4_39_1
t_8531	4_39_1
t_8532	4_39_1
t_8533	4_39_1
t_8534	4_39_1
t_8535	4_39_1
t_8536	4_39_1
t_8537	4_39_1
t_8538	4_39_1
t_8539	4_39_1
t_8540	4_39_1
t_8541	4_39_1
t_8542	4_39_1
t_8543	4_39_1
t_8544	4_39_1
t_8545	4_39_1
t_8546	4_39_1
t_8547	4_39_1
t_8548	4_39_1
t_8549	4_39_1
t_8550	4_39_1
t_8551	4_39_1
t_8552	4_39_1
t_8553	4_39_1
t_8554	4_39_1
t_8555	4_39_1
t_8556	4_39_1
t_8557	4_39_1
t_8558	4_39_1
t_8559	4_39_1
t_8560	4_39_1
t_8561	4_39_1
t_8562	4_39_1
t_8563	4_39_1
t_8564	4_39_1
t_8565	4_39_1
t_8566	4_39_1
t_8567	4_39_1
t_8568	4_40_1
t_8569	4_40_1
t_8570	4_40_1
t_8571	4_40_1
t_8572	4_40_1
t_8573	4_40_1
t_8574	4_40_1
t_8575	4_40_1
t_8576	4_40_1
t_8577	4_40_1
t_8578	4_40_1
t_8579	4_40_1
t_8580	4_40_1
t_8581	4_40_1
t_8582	4_40_1
t_8583	4_40_1
t_8584	4_40_1
t_8585	4_40_1
t_8586	4_40_1
t_8587	4_40_1
t_8588	4_40_1
t_8589	4_40_1
t_8590	4_40_1
t_8591	4_40_1
t_8592	4_40_1
t_8593	4_40_1
t_8594	4_40_1
t_8595	4_40_1
t_8596	4_40_1
t_8597	4_40_1
t_8598	4_40_1
t_8599	4_40_1
t_8600	4_40_1
t_8601	4_40_1
t_8602	4_40_1
t_8603	4_40_1
t_8604	4_40_1
t_8605	4_40_1
t_8606	4_40_1
t_8607	4_40_1
t_8608	4_40_1
t_8609	4_40_1
t_8610	4_40_1
t_8611	4_40_1
t_8612	4_40_1
t_8613	4_41_1
t_8614	4_41_1
t_8615	4_41_1
t_8616	4_41_1
t_8617	4_41_1
t_8618	4_41_1
t_8619	4_41_1
t_8620	4_41_1
t_8621	4_41_1
t_8622	4_42_1
t_8623	4_42_1
t_8624	4_42_1
t_8625	4_42_1
t_8626	4_42_1
t_8627	4_42_1
t_8628	4_42_1
t_8629	4_42_1
t_8630	4_42_1
t_8631	4_42_1
t_8632	4_42_1
t_8633	4_42_1
t_8634	4_42_1
t_8635	4_42_1
t_8636	4_42_1
t_8637	4_42_1
t_8638	4_42_1
t_8639	4_43_1
t_8640	4_43_1
t_8641	4_43_1
t_8642	4_43_1
t_8643	4_43_1
t_8644	4_43_1
t_8645	4_43_1
t_8646	4_43_1
t_8647	4_43_1
t_8648	4_43_1
t_8649	4_43_1
t_8650	4_43_1
t_8651	4_43_1
t_8652	4_43_1
t_8653	4_43_1
t_8654	4_43_1
t_8655	4_43_1
t_8656	4_43_1
t_8657	4_43_1
t_8658	4_43_1
t_8659	4_43_1
t_8660	4_43_1
t_8661	4_43_1
t_8662	4_43_1
t_8663	4_43_1
t_8664	4_43_1
t_8665	4_43_1
t_8666	4_44_1
t_8667	4_44_1
t_8668	4_44_1
t_8669	4_44_1
t_8670	4_44_1
t_8671	4_44_1
t_8672	4_44_1
t_8673	4_44_1
t_8674	4_44_1
t_8675	4_44_1
t_8676	4_44_1
t_8677	4_44_1
t_8678	4_44_1
t_8679	4_44_1
t_8680	4_44_1
t_8681	4_44_1
t_8682	4_44_1
t_8683	4_44_1
t_8684	4_44_1
t_8685	4_44_1
t_8686	4_44_1
t_8687	4_44_1
t_8688	4_44_1
t_8689	4_44_1
t_8690	4_44_1
t_8691	4_44_1
t_8692	4_44_1
t_8693	4_44_1
t_8694	4_44_1
t_8695	4_44_1
t_8696	4_44_1
t_8697	4_44_1
t_8698	4_44_1
t_8699	4_44_1
t_8700	4_44_1
t_8701	4_44_1
t_8702	4_44_1
t_8703	4_45_1
t_8704	4_45_1
t_8705	4_45_1
t_8706	4_45_1
t_8707	4_45_1
t_8708	4_45_1
t_8709	4_45_1
t_8710	4_45_1
t_8711	4_45_1
t_8712	4_45_1
t_8713	4_45_1
t_8714	4_45_1
t_8715	4_45_1
t_8716	4_45_1
t_8717	4_45_1
t_8718	4_45_1
t_8719	4_45_1
t_8720	4_45_1
t_8721	4_45_1
t_8722	4_45_1
t_8723	4_45_1
t_8724	4_45_1
t_8725	4_45_1
t_8726	4_45_1
t_8727	4_45_1
t_8728	4_45_1
t_8729	4_45_1
t_8730	4_45_1
t_8731	4_45_1
t_8732	4_45_1
t_8733	4_45_1
t_8734	4_45_1
t_8735	4_45_1
t_8736	4_45_1
t_8737	4_45_1
t_8738	4_45_1
t_8739	4_45_1
t_8740	4_45_1
t_8741	4_45_1
t_8742	4_45_1
t_8743	4_45_1
t_8744	4_45_1
t_8745	4_45_1
t_8746	4_46_1
t_8747	4_46_1
t_8748	4_46_1
t_8749	4_46_1
t_8750	4_46_1
t_8751	4_46_1
t_8752	4_46_1
t_8753	4_46_1
t_8754	4_46_1
t_8755	4_46_1
t_8756	4_46_1
t_8757	4_46_1
t_8758	4_46_1
t_8759	4_46_1
t_8760	4_46_1
t_8761	4_46_1
t_8762	4_46_1
t_8763	4_46_1
t_8764	4_46_1
t_8765	4_46_1
t_8766	4_46_1
t_8767	4_46_1
t_8768	4_46_1
t_8769	4_46_1
t_8770	4_46_1
t_8771	4_46_1
t_8772	4_46_1
t_8773	4_46_1
t_8774	4_46_1
t_8775	4_46_1
t_8776	4_46_1
t_8777	4_46_1
t_8778	4_46_1
t_8779	4_46_1
t_8780	4_46_1
t_8781	4_46_1
t_8782	4_46_1
t_8783	4_46_1
t_8784	4_46_1
t_8785	4_46_1
t_8786	4_46_1
t_8787	4_46_1
t_8788	4_46_1
t_8789	4_46_1
t_8790	4_46_1
t_8791	4_46_1
t_8792	4_46_1
t_8793	4_46_1
t_8794	4_46_1
t_8795	4_46_1
t_8796	4_46_1
t_8797	4_46_1
t_8798	4_46_1
t_8799	4_46_1
t_8800	4_46_1
t_8801	4_46_1
t_8802	4_46_1
t_8803	4_46_1
t_8804	4_46_1
t_8805	4_46_1
t_8806	4_46_1
t_8807	4_46_1
t_8808	4_46_1
t_8809	4_46_1
t_8810	4_46_1
t_8811	4_46_1
t_8812	4_46_1
t_8813	4_46_1
t_8814	4_46_1
t_8815	4_46_1
t_8816	4_46_1
t_8817	4_46_1
t_8818	4_46_1
t_8819	4_46_1
t_8820	4_46_1
t_8821	4_46_1
t_8822	4_46_1
t_8823	4_46_1
t_8824	4_46_1
t_8825	4_46_1
t_8826	4_46_1
t_8827	4_46_1
t_8828	4_46_1
t_8829	4_46_1
t_8830	4_46_1
t_8831	4_46_1
t_8832	4_46_1
t_8833	4_46_1
t_8834	4_46_1
t_8835	4_46_1
t_8836	4_46_1
t_8837	4_46_1
t_8838	4_46_1
t_8839	4_46_1
t_8840	4_47_1
t_8841	4_47_1
t_8842	4_47_1
t_8843	4_47_1
t_8844	4_47_1
t_8845	4_47_1
t_8846	4_47_1
t_8847	4_47_1
t_8848	4_47_1
t_8849	4_47_1
t_8850	4_47_1
t_8851	4_47_1
t_8852	4_47_1
t_8853	4_47_1
t_8854	4_47_1
t_8855	4_47_1
t_8856	4_47_1
t_8857	4_47_1
t_8858	4_47_1
t_8859	4_47_1
t_8860	4_47_1
t_8861	4_47_1
t_8862	4_47_1
t_8863	4_47_1
t_8864	4_47_1
t_8865	4_47_1
t_8866	4_47_1
t_8867	4_47_1
t_8868	4_47_1
t_8869	4_47_1
t_8870	4_47_1
t_8871	4_47_1
t_8872	4_47_1
t_8873	4_47_1
t_8874	4_47_1
t_8875	4_47_1
t_8876	4_47_1
t_8877	4_47_1
t_8878	4_47_1
t_8879	4_47_1
t_8880	4_47_1
t_8881	4_47_1
t_8882	4_47_1
t_8883	4_47_1
t_8884	4_47_1
t_8885	4_47_1
t_8886	4_47_1
t_8887	4_47_1
t_8888	4_47_1
t_8889	4_47_1
t_8890	4_47_1
t_8891	4_47_1
t_8892	4_47_1
t_8893	4_47_1
t_8894	4_47_1
t_8895	4_48_1
t_8896	4_48_1
t_8897	4_48_1
t_8898	4_48_1
t_8899	4_48_1
t_8900	4_48_1
t_8901	4_48_1
t_8902	4_48_1
t_8903	4_48_1
t_8904	4_48_1
t_8905	4_48_1
t_8906	4_48_1
t_8907	4_48_1
t_8908	4_48_1
t_8909	4_48_1
t_8910	4_48_1
t_8911	4_48_1
t_8912	4_48_1
t_8913	4_48_1
t_8914	4_48_1
t_8915	4_48_1
t_8916	4_48_1
t_8917	4_48_1
t_8918	4_48_1
t_8919	4_48_1
t_8920	4_48_1
t_8921	4_48_1
t_8922	4_48_1
t_8923	4_48_1
t_8924	4_48_1
t_8925	4_48_1
t_8926	4_48_1
t_8927	4_48_1
t_8928	4_48_1
t_8929	4_48_1
t_8930	4_48_1
t_8931	4_48_1
t_8932	4_48_1
t_8933	4_48_1
t_8934	4_48_1
t_8935	4_48_1
t_8936	4_48_1
t_8937	4_48_1
t_8938	4_48_1
t_8939	4_48_1
t_8940	4_48_1
t_8941	4_48_1
t_8942	4_48_1
t_8943	4_48_1
t_8944	4_48_1
t_8945	4_48_1
t_8946	4_48_1
t_8947	4_48_1
t_8948	4_48_1
t_8949	4_48_1
t_8950	4_48_1
t_8951	4_48_1
t_8952	4_48_1
t_8953	4_48_1
t_8954	4_48_1
t_8955	4_48_1
t_8956	4_48_1
t_8957	4_48_1
t_8958	4_48_1
t_8959	4_48_1
t_8960	4_48_1
t_8961	4_48_1
t_8962	4_48_1
t_8963	4_48_1
t_8964	4_48_1
t_8965	4_48_1
t_8966	4_48_1
t_8967	4_48_1
t_8968	4_48_1
t_8969	4_48_1
t_8970	4_48_1
t_8971	4_48_1
t_8972	4_48_2
t_8973	4_48_2
t_8974	4_48_2
t_8975	4_48_2
t_8976	4_48_2
t_8977	4_48_2
t_8978	4_48_2
t_8979	4_48_2
t_8980	4_48_2
t_8981	4_48_2
t_8982	4_48_2
t_8983	4_48_2
t_8984	4_48_2
t_8985	4_48_2
t_8986	4_48_2
t_8987	4_48_2
t_8988	4_48_2
t_8989	4_48_2
t_8990	4_48_2
t_8991	4_48_2
t_8992	4_48_2
t_8993	4_48_2
t_8994	4_48_2
t_8995	4_48_2
t_8996	4_48_2
t_8997	4_48_2
t_8998	4_48_2
t_8999	4_48_2
t_9000	4_48_2
t_9001	4_48_2
t_9002	4_48_2
t_9003	4_48_2
t_9004	4_48_2
t_9005	4_48_2
t_9006	4_48_2
t_9007	4_48_2
t_9008	4_48_2
t_9009	4_48_2
t_9010	4_48_2
t_9011	4_48_2
t_9012	4_48_2
t_9013	4_48_2
t_9014	4_48_2
t_9015	4_48_2
t_9016	4_48_2
t_9017	4_48_2
t_9018	4_48_2
t_9019	4_48_2
t_9020	4_48_2
t_9021	4_48_2
t_9022	4_48_2
t_9023	4_48_2
t_9024	4_48_2
t_9025	4_48_2
t_9026	4_48_2
t_9027	4_48_2
t_9028	4_48_2
t_9029	4_48_2
t_9030	4_48_2
t_9031	4_48_2
t_9032	4_48_2
t_9033	4_48_2
t_9034	4_48_2
t_9035	4_48_2
t_9036	4_48_2
t_9037	4_48_2
t_9038	4_48_2
t_9039	4_48_2
t_9040	4_48_2
t_9041	4_48_2
t_9042	4_48_2
t_9043	4_48_2
t_9044	4_48_2
t_9045	4_48_2
t_9046	4_48_2
t_9047	4_48_2
t_9048	4_48_2
t_9049	4_48_2
t_9050	4_48_2
t_9051	4_48_2
t_9052	4_49_1
t_9053	4_49_1
t_9054	4_49_1
t_9055	4_49_1
t_9056	4_49_1
t_9057	4_49_1
t_9058	4_49_1
t_9059	4_49_1
t_9060	4_49_1
t_9061	4_49_1
t_9062	4_49_1
t_9063	4_49_1
t_9064	4_49_1
t_9065	4_49_1
t_9066	4_49_1
t_9067	4_49_1
t_9068	4_49_1
t_9069	4_49_1
t_9070	4_49_1
t_9071	4_49_1
t_9072	4_49_1
t_9073	4_49_1
t_9074	4_49_1
t_9075	4_49_1
t_9076	4_49_1
t_9077	4_49_1
t_9078	4_49_1
t_9079	4_49_1
t_9080	4_49_1
t_9081	4_49_1
t_9082	4_49_1
t_9083	4_49_1
t_9084	4_49_1
t_9085	4_49_1
t_9086	4_49_1
t_9087	4_49_1
t_9088	4_49_1
t_9089	4_49_1
t_9090	4_49_1
t_9091	4_49_1
t_9092	4_49_1
t_9093	4_49_1
t_9094	4_49_1
t_9095	4_49_1
t_9096	4_49_1
t_9097	4_49_1
t_9098	4_49_1
t_9099	4_49_1
t_9100	4_49_1
t_9101	4_49_1
t_9102	4_49_1
t_9103	4_49_1
t_9104	4_49_1
t_9105	4_49_1
t_9106	4_49_1
t_9107	4_49_1
t_9108	4_49_1
t_9109	4_49_1
t_9110	4_49_1
t_9111	4_49_1
t_9112	4_49_1
t_9113	4_49_1
t_9114	4_49_1
t_9115	4_49_1
t_9116	4_49_1
t_9117	4_49_1
t_9118	4_49_1
t_9119	4_49_1
t_9120	4_49_1
t_9121	4_49_1
t_9122	4_49_1
t_9123	4_49_1
t_9124	4_49_1
t_9125	4_49_1
t_9126	4_49_1
t_9127	4_49_1
t_9128	4_49_1
t_9129	4_49_1
t_9130	4_49_1
t_9131	4_49_1
t_9132	4_49_1
t_9133	4_49_1
t_9134	4_49_1
t_9135	4_49_1
t_9136	4_49_1
t_9137	4_49_1
t_9138	4_49_1
t_9139	4_49_1
t_9140	4_49_1
t_9141	4_49_1
t_9142	4_49_1
t_9143	4_49_1
t_9144	4_49_1
t_9145	4_49_1
t_9146	4_49_1
t_9147	4_49_1
t_9148	4_49_1
t_9149	4_49_1
t_9150	4_49_1
t_9151	4_49_1
t_9152	4_49_1
t_9153	4_49_1
t_9154	4_49_1
t_9155	4_49_1
t_9156	4_49_1
t_9157	4_49_1
t_9158	4_49_1
t_9159	4_49_1
t_9160	4_49_1
t_9161	4_49_1
t_9162	4_49_1
t_9163	4_49_1
t_9164	4_49_1
t_9165	4_49_1
t_9166	4_49_1
t_9167	4_49_1
t_9168	4_49_1
t_9169	4_49_1
t_9170	4_49_2
t_9171	4_49_2
t_9172	4_49_2
t_9173	4_49_2
t_9174	4_49_2
t_9175	4_49_2
t_9176	4_49_2
t_9177	4_49_2
t_9178	4_49_2
t_9179	4_49_2
t_9180	4_49_2
t_9181	4_49_2
t_9182	4_49_2
t_9183	4_49_2
t_9184	4_49_2
t_9185	4_49_2
t_9186	4_49_2
t_9187	4_49_2
t_9188	4_49_2
t_9189	4_49_2
t_9190	4_49_2
t_9191	4_49_2
t_9192	4_49_2
t_9193	4_49_2
t_9194	4_49_2
t_9195	4_49_2
t_9196	4_49_2
t_9197	4_49_2
t_9198	4_49_2
t_9199	4_49_2
t_9200	4_49_2
t_9201	4_49_2
t_9202	4_49_2
t_9203	4_49_2
t_9204	4_49_2
t_9205	4_49_2
t_9206	4_49_2
t_9207	4_49_2
t_9208	4_49_2
t_9209	4_49_2
t_9210	4_49_2
t_9211	4_49_2
t_9212	4_49_2
t_9213	4_49_2
t_9214	4_49_2
t_9215	4_49_2
t_9216	4_49_2
t_9217	4_49_2
t_9218	4_49_2
t_9219	4_49_2
t_9220	4_49_2
t_9221	4_49_2
t_9222	4_49_2
t_9223	4_49_2
t_9224	4_49_2
t_9225	4_49_2
t_9226	4_49_2
t_9227	4_49_2
t_9228	4_49_2
t_9229	4_49_2
t_9230	4_49_2
t_9231	4_49_2
t_9232	4_49_2
t_9233	4_49_2
t_9234	4_49_2
t_9235	4_49_2
t_9236	4_49_2
t_9237	4_49_2
t_9238	4_50_1
t_9239	4_50_1
t_9240	4_50_1
t_9241	4_50_1
t_9242	4_50_1
t_9243	4_50_1
t_9244	4_50_1
t_9245	4_50_1
t_9246	4_50_1
t_9247	4_50_1
t_9248	4_50_1
t_9249	4_50_1
t_9250	4_50_1
t_9251	4_50_1
t_9252	4_50_1
t_9253	4_50_1
t_9254	4_50_1
t_9255	4_50_1
t_9256	4_50_1
t_9257	4_50_1
t_9258	4_50_1
t_9259	4_50_1
t_9260	4_50_1
t_9261	4_50_1
t_9262	4_50_1
t_9263	4_50_1
t_9264	4_50_1
t_9265	4_50_1
t_9266	4_50_1
t_9267	4_50_1
t_9268	4_50_1
t_9269	4_50_1
t_9270	4_50_1
t_9271	4_50_1
t_9272	4_50_1
t_9273	4_50_1
t_9274	4_50_1
t_9275	4_50_1
t_9276	4_50_1
t_9277	4_50_1
t_9278	4_50_1
t_9279	4_50_1
t_9280	4_50_1
t_9281	4_50_1
t_9282	4_50_1
t_9283	4_50_1
t_9284	4_50_1
t_9285	4_50_1
t_9286	4_50_1
t_9287	4_50_1
t_9288	4_50_1
t_9289	4_50_1
t_9290	4_50_1
t_9291	4_50_1
t_9292	4_50_1
t_9293	4_50_1
t_9294	4_50_1
t_9295	4_50_1
t_9296	4_50_1
t_9297	4_50_1
t_9298	4_50_1
t_9299	4_50_1
t_9300	4_50_1
t_9301	4_50_1
t_9302	4_50_1
t_9303	4_50_1
t_9304	4_50_1
t_9305	4_50_1
t_9306	4_50_1
t_9307	4_50_1
t_9308	4_50_1
t_9309	4_50_1
t_9310	4_50_1
t_9311	4_50_1
t_9312	4_50_1
t_9313	4_50_1
t_9314	4_50_1
t_9315	4_50_1
t_9316	4_50_1
t_9317	4_50_1
t_9318	4_50_1
t_9319	4_50_1
t_9320	4_50_1
t_9321	4_50_1
t_9322	4_50_1
t_9323	4_50_1
t_9324	4_50_1
t_9325	4_50_1
t_9326	4_50_1
t_9327	4_50_1
t_9328	4_50_1
t_9329	4_50_1
t_9330	4_50_1
t_9331	4_50_1
t_9332	4_50_1
t_9333	4_50_1
t_9334	4_50_1
t_9335	4_51_1
t_9336	4_51_1
t_9337	4_51_1
t_9338	4_51_1
t_9339	4_51_1
t_9340	4_51_1
t_9341	4_51_1
t_9342	4_51_1
t_9343	4_51_1
t_9344	4_51_1
t_9345	4_51_1
t_9346	4_51_1
t_9347	4_51_1
t_9348	4_51_1
t_9349	4_51_1
t_9350	4_51_1
t_9351	4_51_1
t_9352	4_51_1
t_9353	4_51_1
t_9354	4_51_1
t_9355	4_51_1
t_9356	4_51_1
t_9357	4_51_1
t_9358	4_51_1
t_9359	4_51_1
t_9360	4_51_1
t_9361	4_51_1
t_9362	4_51_1
t_9363	4_51_1
t_9364	4_51_1
t_9365	4_51_1
t_9366	4_51_1
t_9367	4_51_1
t_9368	4_51_1
t_9369	4_51_1
t_9370	5_1_1
t_9371	5_1_1
t_9372	5_1_1
t_9373	5_1_1
t_9374	5_1_1
t_9375	5_1_1
t_9376	5_1_1
t_9377	5_1_1
t_9378	5_1_1
t_9379	5_1_1
t_9380	5_1_1
t_9381	5_1_1
t_9382	5_1_1
t_9383	5_1_1
t_9384	5_1_1
t_9385	5_1_1
t_9386	5_1_1
t_9387	5_1_1
t_9388	5_1_1
t_9389	5_1_1
t_9390	5_1_1
t_9391	5_1_1
t_9392	5_1_1
t_9393	5_1_1
t_9394	5_1_1
t_9395	5_1_1
t_9396	5_1_1
t_9397	5_1_1
t_9398	5_1_1
t_9399	5_1_1
t_9400	5_1_1
t_9401	5_1_1
t_9402	5_1_1
t_9403	5_1_1
t_9404	5_1_1
t_9405	5_1_1
t_9406	5_1_1
t_9407	5_1_1
t_9408	5_1_1
t_9409	5_1_1
t_9410	5_1_1
t_9411	5_1_1
t_9412	5_1_1
t_9413	5_1_1
t_9414	5_1_1
t_9415	5_1_1
t_9416	5_1_1
t_9417	5_1_1
t_9418	5_1_1
t_9419	5_1_1
t_9420	5_1_1
t_9421	5_1_1
t_9422	5_1_1
t_9423	5_1_1
t_9424	5_1_1
t_9425	5_1_1
t_9426	5_1_1
t_9427	5_1_1
t_9428	5_1_1
t_9429	5_1_1
t_9430	5_1_1
t_9431	5_1_1
t_9432	5_1_1
t_9433	5_1_1
t_9434	5_1_1
t_9435	5_1_1
t_9436	5_1_1
t_9437	5_1_1
t_9438	5_1_1
t_9439	5_1_1
t_9440	5_1_1
t_9441	5_1_1
t_9442	5_1_1
t_9443	5_1_1
t_9444	5_1_1
t_9445	5_1_1
t_9446	5_1_1
t_9447	5_1_1
t_9448	5_1_1
t_9449	5_1_1
t_9450	5_1_1
t_9451	5_1_1
t_9452	5_1_1
t_9453	5_1_1
t_9454	5_1_1
t_9455	5_1_1
t_9456	5_1_1
t_9457	5_1_1
t_9458	5_1_1
t_9459	5_1_1
t_9460	5_1_1
t_9461	5_1_1
t_9462	5_1_1
t_9463	5_1_1
t_9464	5_1_1
t_9465	5_1_1
t_9466	5_1_1
t_9467	5_1_1
t_9468	5_1_1
t_9469	5_1_1
t_9470	5_1_1
t_9471	5_1_1
t_9472	5_1_1
t_9473	5_1_1
t_9474	5_1_1
t_9475	5_1_1
t_9476	5_1_1
t_9477	5_1_1
t_9478	5_1_2
t_9479	5_1_2
t_9480	5_1_2
t_9481	5_1_2
t_9482	5_1_2
t_9483	5_1_2
t_9484	5_1_2
t_9485	5_1_2
t_9486	5_1_2
t_9487	5_1_2
t_9488	5_1_2
t_9489	5_1_2
t_9490	5_1_2
t_9491	5_1_2
t_9492	5_1_2
t_9493	5_1_2
t_9494	5_1_2
t_9495	5_1_2
t_9496	5_1_2
t_9497	5_1_2
t_9498	5_1_2
t_9499	5_1_2
t_9500	5_1_2
t_9501	5_1_2
t_9502	5_1_2
t_9503	5_1_2
t_9504	5_1_2
t_9505	5_1_2
t_9506	5_1_2
t_9507	5_1_2
t_9508	5_1_2
t_9509	5_1_2
t_9510	5_1_2
t_9511	5_1_2
t_9512	5_1_2
t_9513	5_1_2
t_9514	5_1_2
t_9515	5_1_2
t_9516	5_1_2
t_9517	5_1_2
t_9518	5_1_2
t_9519	5_1_2
t_9520	5_1_2
t_9521	5_1_2
t_9522	5_1_2
t_9523	5_1_2
t_9524	5_1_2
t_9525	5_1_2
t_9526	5_1_2
t_9527	5_1_2
t_9528	5_1_2
t_9529	5_1_2
t_9530	5_1_2
t_9531	5_1_2
t_9532	5_1_2
t_9533	5_1_2
t_9534	5_1_2
t_9535	5_1_2
t_9536	5_1_2
t_9537	5_1_2
t_9538	5_1_2
t_9539	5_1_2
t_9540	5_1_3
t_9541	5_1_3
t_9542	5_1_3
t_9543	5_1_3
t_9544	5_1_3
t_9545	5_1_3
t_9546	5_1_3
t_9547	5_1_3
t_9548	5_1_3
t_9549	5_1_3
t_9550	5_1_3
t_9551	5_1_3
t_9552	5_1_3
t_9553	5_1_3
t_9554	5_1_3
t_9555	5_1_3
t_9556	5_1_3
t_9557	5_1_3
t_9558	5_1_3
t_9559	5_1_3
t_9560	5_1_3
t_9561	5_1_3
t_9562	5_1_3
t_9563	5_1_3
t_9564	5_1_3
t_9565	5_1_3
t_9566	5_1_3
t_9567	5_1_3
t_9568	5_1_3
t_9569	5_1_3
t_9570	5_1_3
t_9571	5_1_3
t_9572	5_1_3
t_9573	5_1_3
t_9574	5_1_3
t_9575	5_1_3
t_9576	5_1_3
t_9577	5_1_3
t_9578	5_1_3
t_9579	5_1_3
t_9580	5_1_3
t_9581	5_1_3
t_9582	5_1_3
t_9583	5_1_3
t_9584	5_1_3
t_9585	5_1_3
t_9586	5_1_3
t_9587	5_1_3
t_9588	5_1_3
t_9589	5_1_3
t_9590	5_1_3
t_9591	5_1_3
t_9592	5_1_3
t_9593	5_1_3
t_9594	5_1_3
t_9595	5_1_3
t_9596	5_1_3
t_9597	5_1_3
t_9598	5_1_3
t_9599	5_1_3
t_9600	5_1_3
t_9601	5_1_3
t_9602	5_1_3
t_9603	5_1_3
t_9604	5_1_3
t_9605	5_1_3
t_9606	5_1_3
t_9607	5_1_3
t_9608	5_1_3
t_9609	5_1_3
t_9610	5_1_3
t_9611	5_1_3
t_9612	5_1_3
t_9613	5_1_3
t_9614	5_1_3
t_9615	5_1_3
t_9616	5_1_3
t_9617	5_1_3
t_9618	5_1_3
t_9619	5_2_1
t_9620	5_2_1
t_9621	5_2_1
t_9622	5_2_1
t_9623	5_2_1
t_9624	5_2_1
t_9625	5_2_1
t_9626	5_2_1
t_9627	5_2_1
t_9628	5_2_1
t_9629	5_2_1
t_9630	5_2_1
t_9631	5_2_1
t_9632	5_2_1
t_9633	5_2_1
t_9634	5_2_1
t_9635	5_2_1
t_9636	5_3_1
t_9637	5_3_1
t_9638	5_3_1
t_9639	5_3_1
t_9640	5_3_1
t_9641	5_3_1
t_9642	5_3_1
t_9643	5_3_1
t_9644	5_3_1
t_9645	5_3_1
t_9646	5_3_1
t_9647	5_3_1
t_9648	5_3_1
t_9649	5_3_1
t_9650	5_3_1
t_9651	5_3_1
t_9652	5_3_1
t_9653	5_3_1
t_9654	5_3_1
t_9655	5_3_1
t_9656	5_3_1
t_9657	5_3_1
t_9658	5_3_1
t_9659	5_3_1
t_9660	5_3_1
t_9661	5_3_1
t_9662	5_3_1
t_9663	5_3_1
t_9664	5_3_1
t_9665	5_3_1
t_9666	5_3_1
t_9667	5_3_1
t_9668	5_3_1
t_9669	5_3_1
t_9670	5_3_1
t_9671	5_3_1
t_9672	5_3_1
t_9673	5_3_1
t_9674	5_3_1
t_9675	5_3_1
t_9676	5_3_1
t_9677	5_3_1
t_9678	5_3_1
t_9679	5_3_1
t_9680	5_3_1
t_9681	5_3_1
t_9682	5_3_1
t_9683	5_3_1
t_9684	5_3_1
t_9685	5_3_1
t_9686	5_3_1
t_9687	5_3_1
t_9688	5_3_1
t_9689	5_3_1
t_9690	5_3_1
t_9691	5_3_1
t_9692	5_3_1
t_9693	5_3_1
t_9694	5_3_1
t_9695	5_3_1
t_9696	5_3_1
t_9697	5_3_1
t_9698	5_3_1
t_9699	5_3_1
t_9700	5_3_1
t_9701	5_3_1
t_9702	5_3_1
t_9703	5_4_1
t_9704	5_4_1
t_9705	5_4_1
t_9706	5_4_1
t_9707	5_4_1
t_9708	5_4_1
t_9709	5_4_1
t_9710	5_4_1
t_9711	5_4_1
t_9712	5_4_1
t_9713	5_4_1
t_9714	5_4_1
t_9715	5_4_1
t_9716	5_4_1
t_9717	5_4_1
t_9718	5_4_1
t_9719	5_4_1
t_9720	5_4_1
t_9721	5_4_1
t_9722	5_4_1
t_9723	5_4_1
t_9724	5_4_1
t_9725	5_4_1
t_9726	5_4_1
t_9727	5_4_1
t_9728	5_4_1
t_9729	5_4_1
t_9730	5_4_1
t_9731	5_4_1
t_9732	5_4_1
t_9733	5_4_1
t_9734	5_4_1
t_9735	5_4_1
t_9736	5_4_1
t_9737	5_4_1
t_9738	5_4_1
t_9739	5_4_1
t_9740	5_4_1
t_9741	5_4_1
t_9742	5_4_1
t_9743	5_4_1
t_9744	5_4_1
t_9745	5_4_1
t_9746	5_4_1
t_9747	5_4_1
t_9748	5_4_1
t_9749	5_4_1
t_9750	5_4_1
t_9751	5_4_1
t_9752	5_4_1
t_9753	5_4_1
t_9754	5_4_1
t_9755	5_4_1
t_9756	5_4_1
t_9757	5_4_1
t_9758	5_4_1
t_9759	5_4_1
t_9760	5_4_1
t_9761	5_4_1
t_9762	5_4_1
t_9763	5_4_1
t_9764	5_4_1
t_9765	5_4_1
t_9766	5_4_1
t_9767	5_5_1
t_9768	5_5_1
t_9769	5_5_1
t_9770	5_5_1
t_9771	5_5_1
t_9772	5_5_1
t_9773	5_5_1
t_9774	5_5_1
t_9775	5_5_1
t_9776	5_5_1
t_9777	5_5_1
t_9778	5_5_1
t_9779	5_5_1
t_9780	5_5_1
t_9781	5_5_1
t_9782	5_5_1
t_9783	5_5_1
t_9784	5_5_1
t_9785	5_5_1
t_9786	5_5_1
t_9787	5_5_1
t_9788	5_5_1
t_9789	5_5_1
t_9790	5_5_1
t_9791	5_5_1
t_9792	5_5_1
t_9793	5_5_1
t_9794	5_5_1
t_9795	5_5_1
t_9796	5_5_1
t_9797	5_5_1
t_9798	5_5_1
t_9799	5_5_1
t_9800	5_5_1
t_9801	5_5_1
t_9802	5_5_1
t_9803	5_5_1
t_9804	5_5_1
t_9805	5_5_1
t_9806	5_5_1
t_9807	5_5_1
t_9808	5_5_1
t_9809	5_5_1
t_9810	5_5_1
t_9811	5_5_1
t_9812	5_5_1
t_9813	5_5_1
t_9814	5_5_1
t_9815	5_5_1
t_9816	5_5_1
t_9817	5_5_1
t_9818	5_5_1
t_9819	5_5_1
t_9820	5_5_1
t_9821	5_5_1
t_9822	5_5_1
t_9823	5_5_1
t_9824	5_5_1
t_9825	5_5_1
t_9826	5_5_1
t_9827	5_5_1
t_9828	5_5_1
t_9829	5_5_1
t_9830	5_5_1
t_9831	5_5_1
t_9832	5_5_1
t_9833	5_5_1
t_9834	5_5_1
t_9835	5_5_1
t_9836	5_5_1
t_9837	5_5_1
t_9838	5_5_1
t_9839	5_5_1
t_9840	5_5_1
t_9841	5_5_1
t_9842	5_5_1
t_9843	5_5_1
t_9844	5_5_1
t_9845	5_5_1
t_9846	5_5_1
t_9847	5_5_1
t_9848	5_5_1
t_9849	5_5_1
t_9850	5_5_1
t_9851	5_5_1
t_9852	5_5_1
t_9853	5_5_1
t_9854	5_5_1
t_9855	5_5_1
t_9856	5_5_1
t_9857	5_5_1
t_9858	5_5_1
t_9859	5_5_1
t_9860	5_5_1
t_9861	5_5_1
t_9862	5_5_1
t_9863	5_5_1
t_9864	5_5_1
t_9865	5_5_1
t_9866	5_5_1
t_9867	5_5_1
t_9868	5_5_1
t_9869	5_5_1
t_9870	5_5_1
t_9871	5_5_1
t_9872	5_5_1
t_9873	5_5_1
t_9874	5_5_1
t_9875	5_5_1
t_9876	5_5_1
t_9877	5_5_1
t_9878	5_5_1
t_9879	5_5_1
t_9880	5_5_1
t_9881	5_5_1
t_9882	5_5_1
t_9883	5_5_1
t_9884	5_5_1
t_9885	5_5_1
t_9886	5_5_1
t_9887	5_5_1
t_9888	5_5_1
t_9889	5_5_1
t_9890	5_5_1
t_9891	5_5_1
t_9892	5_5_1
t_9893	5_5_1
t_9894	5_5_1
t_9895	5_5_1
t_9896	5_5_1
t_9897	5_5_1
t_9898	5_5_1
t_9899	5_5_1
t_9900	5_5_1
t_9901	5_5_1
t_9902	5_5_1
t_9903	5_5_1
t_9904	5_5_1
t_9905	5_5_1
t_9906	5_5_1
t_9907	5_5_1
t_9908	5_5_1
t_9909	5_5_1
t_9910	5_5_1
t_9911	5_5_1
t_9912	5_5_1
t_9913	5_5_1
t_9914	5_5_1
t_9915	5_6_1
t_9916	5_6_1
t_9917	5_6_1
t_9918	5_6_1
t_9919	5_6_1
t_9920	5_6_1
t_9921	5_6_1
t_9922	5_6_1
t_9923	5_6_1
t_9924	5_6_1
t_9925	5_6_1
t_9926	5_6_1
t_9927	5_6_1
t_9928	5_6_1
t_9929	5_6_1
t_9930	5_6_1
t_9931	5_6_1
t_9932	5_6_1
t_9933	5_6_1
t_9934	5_6_1
t_9935	5_6_1
t_9936	5_6_1
t_9937	5_6_1
t_9938	5_6_1
t_9939	5_6_1
t_9940	5_6_1
t_9941	5_6_1
t_9942	5_6_1
t_9943	5_6_1
t_9944	5_6_1
t_9945	5_6_1
t_9946	5_6_1
t_9947	5_6_1
t_9948	5_6_1
t_9949	5_6_1
t_9950	5_6_1
t_9951	5_6_1
t_9952	5_6_1
t_9953	5_6_1
t_9954	5_6_1
t_9955	5_6_1
t_9956	5_6_1
t_9957	5_6_1
t_9958	5_6_1
t_9959	5_6_1
t_9960	5_6_1
t_9961	5_6_1
t_9962	5_6_1
t_9963	5_6_1
t_9964	5_6_1
t_9965	5_6_1
t_9966	5_6_1
t_9967	5_6_1
t_9968	5_6_1
t_9969	5_6_1
t_9970	5_6_1
t_9971	5_6_1
t_9972	5_6_1
t_9973	5_6_1
t_9974	5_6_1
t_9975	5_6_1
t_9976	5_6_1
t_9977	5_6_1
t_9978	5_6_1
t_9979	5_6_1
t_9980	5_6_1
t_9981	5_6_1
t_9982	5_6_1
t_9983	5_6_1
t_9984	5_6_2
t_9985	5_6_2
t_9986	5_6_2
t_9987	5_6_2
t_9988	5_6_2
t_9989	5_6_2
t_9990	5_6_2
t_9991	5_6_2
t_9992	5_6_2
t_9993	5_6_2
t_9994	5_6_2
t_9995	5_6_2
t_9996	5_6_2
t_9997	5_6_2
t_9998	5_6_2
t_9999	5_6_2
t_10000	5_6_2
t_10001	5_6_2
t_10002	5_6_2
t_10003	5_6_2
t_10004	5_6_2
t_10005	5_6_2
t_10006	5_6_2
t_10007	5_6_2
t_10008	5_6_2
t_10009	5_6_2
t_10010	5_6_2
t_10011	5_6_2
t_10012	5_6_2
t_10013	5_6_2
t_10014	5_6_2
t_10015	5_6_2
t_10016	5_6_2
t_10017	5_6_2
t_10018	5_6_2
t_10019	5_6_2
t_10020	5_6_2
t_10021	5_6_2
t_10022	5_6_2
t_10023	5_6_2
t_10024	5_6_2
t_10025	5_6_2
t_10026	5_6_2
t_10027	5_6_2
t_10028	5_6_2
t_10029	5_6_2
t_10030	5_6_2
t_10031	5_6_2
t_10032	5_6_2
t_10033	5_6_2
t_10034	5_6_2
t_10035	5_6_2
t_10036	5_6_2
t_10037	5_6_2
t_10038	5_6_2
t_10039	5_6_2
t_10040	5_6_2
t_10041	5_6_2
t_10042	5_6_2
t_10043	5_6_2
t_10044	5_6_2
t_10045	5_6_2
t_10046	5_6_2
t_10047	5_6_2
t_10048	5_6_2
t_10049	5_6_2
t_10050	5_6_2
t_10051	5_6_2
t_10052	5_6_2
t_10053	5_6_2
t_10054	5_6_2
t_10055	5_6_2
t_10056	5_6_2
t_10057	5_6_2
t_10058	5_6_2
t_10059	5_6_2
t_10060	5_6_2
t_10061	5_6_2
t_10062	5_6_2
t_10063	5_6_2
t_10064	5_6_2
t_10065	5_6_2
t_10066	5_6_2
t_10067	5_6_2
t_10068	5_6_2
t_10069	5_6_2
t_10070	5_6_2
t_10071	5_6_2
t_10072	5_6_2
t_10073	5_6_2
t_10074	5_6_2
t_10075	5_6_2
t_10076	5_6_2
t_10077	5_6_2
t_10078	5_6_2
t_10079	5_6_2
t_10080	5_6_2
t_10081	5_6_2
t_10082	5_6_2
t_10083	5_6_2
t_10084	5_6_2
t_10085	5_6_2
t_10086	5_6_2
t_10087	5_6_2
t_10088	5_6_2
t_10089	5_6_2
t_10090	5_6_2
t_10091	5_6_2
t_10092	5_6_2
t_10093	5_6_2
t_10094	5_6_2
t_10095	5_6_2
t_10096	5_6_2
t_10097	5_6_2
t_10098	5_6_2
t_10099	5_6_2
t_10100	5_6_2
t_10101	5_6_2
t_10102	5_6_2
t_10103	5_6_2
t_10104	5_6_2
t_10105	5_6_2
t_10106	5_6_2
t_10107	5_6_2
t_10108	5_6_2
t_10109	5_6_2
t_10110	5_6_2
t_10111	5_6_2
t_10112	5_7_1
t_10113	5_7_1
t_10114	5_7_1
t_10115	5_7_1
t_10116	5_7_1
t_10117	5_7_1
t_10118	5_7_1
t_10119	5_7_1
t_10120	5_7_1
t_10121	5_7_1
t_10122	5_7_1
t_10123	5_7_1
t_10124	5_7_1
t_10125	5_7_1
t_10126	5_7_1
t_10127	5_7_1
t_10128	5_7_1
t_10129	5_7_1
t_10130	5_7_1
t_10131	5_7_1
t_10132	5_7_1
t_10133	5_7_1
t_10134	5_7_1
t_10135	5_7_1
t_10136	5_7_1
t_10137	5_7_1
t_10138	5_7_1
t_10139	5_7_1
t_10140	5_7_1
t_10141	5_7_1
t_10142	5_8_1
t_10143	5_8_1
t_10144	5_8_1
t_10145	5_8_1
t_10146	5_8_1
t_10147	5_8_1
t_10148	5_8_1
t_10149	5_8_1
t_10150	5_8_1
t_10151	5_8_1
t_10152	5_8_1
t_10153	5_8_1
t_10154	5_8_1
t_10155	5_8_1
t_10156	5_8_1
t_10157	5_8_1
t_10158	5_8_1
t_10159	5_8_1
t_10160	5_8_1
t_10161	5_8_1
t_10162	5_8_1
t_10163	5_8_1
t_10164	5_8_1
t_10165	5_8_1
t_10166	5_8_1
t_10167	5_8_1
t_10168	5_8_1
t_10169	5_8_1
t_10170	5_8_1
t_10171	5_8_1
t_10172	5_8_1
t_10173	5_8_1
t_10174	5_8_1
t_10175	5_8_1
t_10176	5_8_1
t_10177	5_8_1
t_10178	5_8_1
t_10179	5_8_1
t_10180	5_8_1
t_10181	5_8_1
t_10182	5_8_1
t_10183	5_8_1
t_10184	5_8_1
t_10185	5_8_1
t_10186	5_8_1
t_10187	5_8_1
t_10188	5_8_1
t_10189	5_8_1
t_10190	5_8_1
t_10191	5_8_1
t_10192	5_8_1
t_10193	5_8_1
t_10194	5_8_1
t_10195	5_8_1
t_10196	5_8_1
t_10197	5_8_1
t_10198	5_8_1
t_10199	5_8_1
t_10200	5_8_1
t_10201	5_8_1
t_10202	5_8_1
t_10203	5_8_1
t_10204	5_8_1
t_10205	5_8_1
t_10206	5_8_1
t_10207	5_8_1
t_10208	5_8_1
t_10209	5_8_1
t_10210	5_8_1
t_10211	5_8_1
t_10212	5_8_1
t_10213	5_8_2
t_10214	5_8_2
t_10215	5_8_2
t_10216	5_8_2
t_10217	5_8_2
t_10218	5_8_2
t_10219	5_8_2
t_10220	5_8_2
t_10221	5_8_2
t_10222	5_8_2
t_10223	5_8_2
t_10224	5_8_2
t_10225	5_8_2
t_10226	5_8_2
t_10227	5_8_2
t_10228	5_8_2
t_10229	5_8_2
t_10230	5_8_2
t_10231	5_8_2
t_10232	5_8_2
t_10233	5_8_2
t_10234	5_8_2
t_10235	5_8_2
t_10236	5_8_2
t_10237	5_8_2
t_10238	5_8_2
t_10239	5_8_2
t_10240	5_8_2
t_10241	5_8_2
t_10242	5_8_2
t_10243	5_8_2
t_10244	5_8_2
t_10245	5_8_2
t_10246	5_8_2
t_10247	5_8_2
t_10248	5_8_2
t_10249	5_8_2
t_10250	5_8_2
t_10251	5_8_2
t_10252	5_8_2
t_10253	5_8_2
t_10254	5_8_2
t_10255	5_8_2
t_10256	5_8_2
t_10257	5_8_2
t_10258	5_8_2
t_10259	5_8_2
t_10260	5_8_2
t_10261	5_8_2
t_10262	5_8_2
t_10263	5_8_2
t_10264	5_8_2
t_10265	5_8_2
t_10266	5_8_2
t_10267	5_8_2
t_10268	5_8_2
t_10269	5_8_2
t_10270	5_8_2
t_10271	5_8_3
t_10272	5_8_3
t_10273	5_8_3
t_10274	5_8_3
t_10275	5_8_3
t_10276	5_8_3
t_10277	5_8_3
t_10278	5_8_3
t_10279	5_8_3
t_10280	5_8_3
t_10281	5_8_3
t_10282	5_8_3
t_10283	5_8_3
t_10284	5_8_3
t_10285	5_8_3
t_10286	5_8_3
t_10287	5_8_3
t_10288	5_8_3
t_10289	5_8_3
t_10290	5_8_3
t_10291	5_8_3
t_10292	5_8_3
t_10293	5_8_3
t_10294	5_8_3
t_10295	5_8_3
t_10296	5_8_3
t_10297	5_8_3
t_10298	5_8_3
t_10299	5_8_3
t_10300	5_8_3
t_10301	5_8_3
t_10302	5_8_3
t_10303	5_8_3
t_10304	5_8_3
t_10305	5_8_3
t_10306	5_8_3
t_10307	5_8_3
t_10308	5_8_3
t_10309	5_8_3
t_10310	5_8_3
t_10311	5_8_3
t_10312	5_8_3
t_10313	5_8_3
t_10314	5_8_3
t_10315	5_8_3
t_10316	5_8_3
t_10317	5_8_3
t_10318	5_8_3
t_10319	5_8_3
t_10320	5_8_4
t_10321	5_8_4
t_10322	5_8_4
t_10323	5_8_4
t_10324	5_8_4
t_10325	5_8_4
t_10326	5_8_4
t_10327	5_8_4
t_10328	5_8_4
t_10329	5_8_4
t_10330	5_8_4
t_10331	5_8_4
t_10332	5_8_4
t_10333	5_8_4
t_10334	5_8_4
t_10335	5_8_4
t_10336	5_8_4
t_10337	5_8_4
t_10338	5_8_4
t_10339	5_8_4
t_10340	5_8_4
t_10341	5_8_4
t_10342	5_8_4
t_10343	5_8_4
t_10344	5_8_4
t_10345	5_8_4
t_10346	5_8_4
t_10347	5_8_4
t_10348	5_8_4
t_10349	5_8_4
t_10350	5_8_4
t_10351	5_8_4
t_10352	5_8_4
t_10353	5_8_4
t_10354	5_8_4
t_10355	5_8_4
t_10356	5_8_4
t_10357	5_8_4
t_10358	5_8_4
t_10359	5_8_4
t_10360	5_8_4
t_10361	5_8_4
t_10362	5_8_4
t_10363	5_8_4
t_10364	5_8_4
t_10365	5_8_4
t_10366	5_8_4
t_10367	5_8_4
t_10368	5_8_4
t_10369	5_8_4
t_10370	5_8_4
t_10371	5_8_4
t_10372	5_8_4
t_10373	5_8_4
t_10374	5_8_4
t_10375	5_8_4
t_10376	5_8_4
t_10377	5_8_4
t_10378	5_8_4
t_10379	5_8_4
t_10380	5_8_4
t_10381	5_8_4
t_10382	5_8_4
t_10383	5_8_4
t_10384	5_8_4
t_10385	5_8_4
t_10386	5_8_4
t_10387	5_8_4
t_10388	5_8_4
t_10389	5_8_4
t_10390	5_8_4
t_10391	5_8_4
t_10392	5_8_4
t_10393	5_8_4
t_10394	5_8_4
t_10395	5_8_4
t_10396	5_8_4
t_10397	5_8_4
t_10398	5_8_4
t_10399	5_8_4
t_10400	5_8_5
t_10401	5_8_5
t_10402	5_8_5
t_10403	5_8_5
t_10404	5_8_5
t_10405	5_8_5
t_10406	5_8_5
t_10407	5_8_5
t_10408	5_8_5
t_10409	5_8_5
t_10410	5_8_5
t_10411	5_8_5
t_10412	5_8_5
t_10413	5_8_5
t_10414	5_8_5
t_10415	5_8_5
t_10416	5_8_5
t_10417	5_8_5
t_10418	5_8_5
t_10419	5_8_5
t_10420	5_8_5
t_10421	5_8_5
t_10422	5_8_5
t_10423	5_8_5
t_10424	5_8_5
t_10425	5_8_5
t_10426	5_8_5
t_10427	5_8_5
t_10428	5_8_5
t_10429	5_8_5
t_10430	5_8_5
t_10431	5_8_5
t_10432	5_8_5
t_10433	5_8_5
t_10434	5_8_5
t_10435	5_8_5
t_10436	5_8_5
t_10437	5_8_5
t_10438	5_8_5
t_10439	5_8_5
t_10440	5_8_5
t_10441	5_8_5
t_10442	5_8_5
t_10443	5_8_5
t_10444	5_8_5
t_10445	5_8_5
t_10446	5_8_5
t_10447	5_8_5
t_10448	5_8_5
t_10449	5_8_5
t_10450	5_8_5
t_10451	5_8_5
t_10452	5_8_5
t_10453	5_8_5
t_10454	5_8_5
t_10455	5_8_5
t_10456	5_8_5
t_10457	5_8_5
t_10458	5_8_5
t_10459	5_8_5
t_10460	5_8_5
t_10461	5_8_5
t_10462	5_8_5
t_10463	5_8_5
t_10464	5_8_5
t_10465	5_8_5
t_10466	5_8_5
t_10467	5_8_5
t_10468	5_8_5
t_10469	5_8_5
t_10470	5_8_5
t_10471	5_8_5
t_10472	5_8_5
t_10473	5_8_5
t_10474	5_8_5
t_10475	5_8_5
t_10476	5_8_5
t_10477	5_8_5
t_10478	5_8_5
t_10479	5_8_5
t_10480	5_8_5
t_10481	5_8_5
t_10482	5_8_5
t_10483	5_8_5
t_10484	5_8_5
t_10485	5_8_5
t_10486	5_8_5
t_10487	5_8_5
t_10488	5_8_5
t_10489	5_8_5
t_10490	5_8_5
t_10491	5_8_5
t_10492	5_8_5
t_10493	5_8_5
t_10494	5_8_5
t_10495	5_8_5
t_10496	5_8_5
t_10497	5_8_5
t_10498	5_8_5
t_10499	5_8_5
t_10500	5_9_1
t_10501	5_9_1
t_10502	5_9_1
t_10503	5_9_1
t_10504	5_9_1
t_10505	5_9_1
t_10506	5_9_1
t_10507	5_9_1
t_10508	5_9_1
t_10509	5_9_1
t_10510	5_9_1
t_10511	5_9_1
t_10512	5_9_1
t_10513	5_9_1
t_10514	5_9_1
t_10515	5_9_1
t_10516	5_9_1
t_10517	5_9_1
t_10518	5_9_1
t_10519	5_9_1
t_10520	5_9_1
t_10521	5_9_1
t_10522	5_9_1
t_10523	5_9_1
t_10524	5_9_1
t_10525	5_9_1
t_10526	5_9_1
t_10527	5_9_1
t_10528	5_9_1
t_10529	5_9_1
t_10530	5_9_1
t_10531	5_9_1
t_10532	5_9_1
t_10533	5_9_1
t_10534	5_9_1
t_10535	5_9_1
t_10536	5_9_1
t_10537	5_9_1
t_10538	5_9_1
t_10539	5_9_1
t_10540	5_9_1
t_10541	5_9_1
t_10542	5_9_1
t_10543	5_9_1
t_10544	5_9_1
t_10545	5_9_1
t_10546	5_9_1
t_10547	5_9_1
t_10548	5_9_1
t_10549	5_9_1
t_10550	5_9_1
t_10551	5_9_1
t_10552	5_9_1
t_10553	5_9_1
t_10554	5_9_1
t_10555	5_9_1
t_10556	5_9_1
t_10557	5_9_1
t_10558	5_9_1
t_10559	5_9_1
t_10560	5_9_1
t_10561	5_9_1
t_10562	5_9_1
t_10563	5_9_1
t_10564	5_9_1
t_10565	5_9_1
t_10566	5_9_1
t_10567	5_9_1
t_10568	5_9_1
t_10569	5_9_1
t_10570	5_9_1
t_10571	5_9_1
t_10572	5_9_1
t_10573	5_9_1
t_10574	5_9_1
t_10575	5_9_1
t_10576	5_9_1
t_10577	5_9_1
t_10578	5_9_1
t_10579	5_9_1
t_10580	5_9_1
t_10581	5_9_1
t_10582	5_9_1
t_10583	5_9_1
t_10584	5_9_1
t_10585	5_9_1
t_10586	5_9_1
t_10587	5_9_1
t_10588	5_9_1
t_10589	5_9_1
t_10590	5_9_1
t_10591	5_9_1
t_10592	5_9_1
t_10593	5_9_1
t_10594	5_9_1
t_10595	5_9_1
t_10596	5_9_1
t_10597	5_9_1
t_10598	5_9_1
t_10599	5_9_1
t_10600	5_9_1
t_10601	5_9_1
t_10602	5_9_1
t_10603	5_9_1
t_10604	5_9_1
t_10605	5_9_1
t_10606	5_9_1
t_10607	5_9_1
t_10608	5_9_1
t_10609	5_9_1
t_10610	5_9_1
t_10611	5_9_1
t_10612	5_9_1
t_10613	5_9_1
t_10614	5_9_1
t_10615	5_9_1
t_10616	5_9_1
t_10617	5_9_1
t_10618	5_9_1
t_10619	5_9_1
t_10620	5_9_1
t_10621	5_9_1
t_10622	5_9_1
t_10623	5_9_1
t_10624	5_9_1
t_10625	5_9_1
t_10626	5_9_1
t_10627	5_9_1
t_10628	5_9_1
t_10629	5_9_1
t_10630	5_9_1
t_10631	5_9_1
t_10632	5_9_1
t_10633	5_9_1
t_10634	5_9_1
t_10635	5_9_1
t_10636	5_9_1
t_10637	5_9_1
t_10638	5_9_1
t_10639	5_9_1
t_10640	5_9_1
t_10641	5_9_1
t_10642	5_9_1
t_10643	5_9_1
t_10644	5_9_1
t_10645	5_9_1
t_10646	5_9_1
t_10647	5_9_1
t_10648	5_9_1
t_10649	5_9_1
t_10650	5_10_1
t_10651	5_10_1
t_10652	5_10_1
t_10653	5_10_1
t_10654	5_10_1
t_10655	5_10_1
t_10656	5_10_1
t_10657	5_10_1
t_10658	5_10_1
t_10659	5_10_1
t_10660	5_10_1
t_10661	5_10_1
t_10662	5_10_1
t_10663	5_10_1
t_10664	5_10_1
t_10665	5_10_1
t_10666	5_10_1
t_10667	5_10_1
t_10668	5_10_1
t_10669	5_10_1
t_10670	5_10_1
t_10671	5_10_1
t_10672	5_10_1
t_10673	5_10_1
t_10674	5_10_1
t_10675	5_10_1
t_10676	5_10_1
t_10677	5_10_1
t_10678	5_10_1
t_10679	5_10_1
t_10680	5_10_1
t_10681	5_10_1
t_10682	5_10_1
t_10683	5_10_1
t_10684	5_10_1
t_10685	5_10_1
t_10686	5_10_1
t_10687	5_10_1
t_10688	5_10_1
t_10689	5_10_1
t_10690	5_10_1
t_10691	5_10_1
t_10692	5_10_1
t_10693	5_10_1
t_10694	5_10_1
t_10695	5_10_1
t_10696	5_10_1
t_10697	5_10_1
t_10698	5_10_1
t_10699	5_10_1
t_10700	5_10_1
t_10701	5_10_1
t_10702	5_10_1
t_10703	5_10_1
t_10704	5_10_1
t_10705	5_10_1
t_10706	5_10_1
t_10707	5_10_1
t_10708	5_10_1
t_10709	5_10_1
t_10710	5_10_1
t_10711	5_10_1
t_10712	5_10_1
t_10713	5_10_1
t_10714	5_10_1
t_10715	5_10_1
t_10716	5_10_1
t_10717	5_10_1
t_10718	5_10_1
t_10719	5_10_1
t_10720	5_10_1
t_10721	5_10_1
t_10722	5_10_1
t_10723	5_10_1
t_10724	5_10_1
t_10725	5_10_1
t_10726	5_10_1
t_10727	5_10_1
t_10728	5_10_1
t_10729	5_10_1
t_10730	5_10_1
t_10731	5_10_1
t_10732	5_10_1
t_10733	5_10_1
t_10734	5_10_1
t_10735	5_10_1
t_10736	5_10_1
t_10737	5_10_1
t_10738	5_10_1
t_10739	5_10_1
t_10740	5_10_1
t_10741	5_10_1
t_10742	5_10_2
t_10743	5_10_2
t_10744	5_10_2
t_10745	5_10_2
t_10746	5_10_2
t_10747	5_10_2
t_10748	5_10_2
t_10749	5_10_2
t_10750	5_10_2
t_10751	5_10_2
t_10752	5_10_2
t_10753	5_10_2
t_10754	5_10_2
t_10755	5_10_2
t_10756	5_10_2
t_10757	5_10_2
t_10758	5_10_2
t_10759	5_10_2
t_10760	5_10_2
t_10761	5_10_2
t_10762	5_10_2
t_10763	5_10_2
t_10764	5_10_2
t_10765	5_10_2
t_10766	5_10_2
t_10767	5_10_2
t_10768	5_10_2
t_10769	5_10_2
t_10770	5_10_2
t_10771	5_10_2
t_10772	5_10_2
t_10773	5_10_2
t_10774	5_10_2
t_10775	5_10_2
t_10776	5_10_2
t_10777	5_10_2
t_10778	5_10_2
t_10779	5_10_2
t_10780	5_10_2
t_10781	5_10_2
t_10782	5_10_2
t_10783	5_10_2
t_10784	5_10_2
t_10785	5_10_2
t_10786	5_10_2
t_10787	5_10_2
t_10788	5_10_2
t_10789	5_10_2
t_10790	5_10_2
t_10791	5_10_2
t_10792	5_10_2
t_10793	5_10_2
t_10794	5_10_2
t_10795	5_10_2
t_10796	5_10_2
t_10797	5_10_2
t_10798	5_10_2
t_10799	5_10_2
t_10800	5_10_2
t_10801	5_10_2
t_10802	5_10_2
t_10803	5_10_2
t_10804	5_10_2
t_10805	5_10_2
t_10806	5_10_2
t_10807	5_10_2
t_10808	5_10_2
t_10809	5_10_2
t_10810	5_10_2
t_10811	5_10_2
t_10812	5_10_2
t_10813	5_10_2
t_10814	5_10_2
t_10815	5_10_2
t_10816	5_10_2
t_10817	5_10_2
t_10818	5_10_2
t_10819	5_10_2
t_10820	5_10_2
t_10821	5_10_2
t_10822	5_10_2
t_10823	5_10_2
t_10824	5_10_2
t_10825	5_10_2
t_10826	5_10_2
t_10827	5_10_2
t_10828	5_10_2
t_10829	5_10_2
t_10830	5_10_2
t_10831	5_10_2
t_10832	5_10_2
t_10833	5_10_2
t_10834	5_10_2
t_10835	5_10_2
t_10836	5_10_2
t_10837	5_10_2
t_10838	5_11_1
t_10839	5_11_1
t_10840	5_11_1
t_10841	5_11_1
t_10842	5_11_1
t_10843	5_11_1
t_10844	5_11_1
t_10845	5_11_1
t_10846	5_11_1
t_10847	5_11_1
t_10848	5_11_1
t_10849	5_11_1
t_10850	5_11_1
t_10851	5_11_1
t_10852	5_11_1
t_10853	5_11_1
t_10854	5_11_1
t_10855	5_11_1
t_10856	5_11_1
t_10857	5_11_1
t_10858	5_11_1
t_10859	5_11_1
t_10860	5_11_1
t_10861	5_11_1
t_10862	5_11_1
t_10863	5_11_1
t_10864	5_11_1
t_10865	5_11_1
t_10866	5_11_1
t_10867	5_11_1
t_10868	5_11_1
t_10869	5_11_1
t_10870	5_11_1
t_10871	5_11_1
t_10872	5_11_1
t_10873	5_11_1
t_10874	5_11_1
t_10875	5_11_1
t_10876	5_11_1
t_10877	5_11_1
t_10878	5_11_1
t_10879	5_11_1
t_10880	5_11_1
t_10881	5_11_1
t_10882	5_11_1
t_10883	5_11_1
t_10884	5_11_1
t_10885	5_11_1
t_10886	5_11_1
t_10887	5_11_1
t_10888	5_11_1
t_10889	5_11_1
t_10890	5_11_1
t_10891	5_11_1
t_10892	5_11_1
t_10893	5_11_1
t_10894	5_12_1
t_10895	5_12_1
t_10896	5_12_1
t_10897	5_12_1
t_10898	5_12_1
t_10899	5_12_1
t_10900	5_12_1
t_10901	5_12_1
t_10902	5_12_1
t_10903	5_12_1
t_10904	5_12_1
t_10905	5_12_1
t_10906	5_12_1
t_10907	5_12_1
t_10908	5_12_1
t_10909	5_12_1
t_10910	5_12_1
t_10911	5_12_1
t_10912	5_12_1
t_10913	5_12_1
t_10914	5_12_1
t_10915	5_12_1
t_10916	5_12_1
t_10917	5_12_1
t_10918	5_12_1
t_10919	5_12_1
t_10920	5_12_1
t_10921	5_12_1
t_10922	5_12_1
t_10923	5_12_1
t_10924	5_12_1
t_10925	5_12_1
t_10926	5_12_1
t_10927	5_12_1
t_10928	5_12_1
t_10929	5_12_1
t_10930	5_12_1
t_10931	5_12_1
t_10932	5_12_1
t_10933	5_12_1
t_10934	5_12_1
t_10935	5_12_1
t_10936	5_12_1
t_10937	5_12_1
t_10938	5_12_1
t_10939	5_12_1
t_10940	5_12_1
t_10941	5_12_1
t_10942	5_12_1
t_10943	5_12_1
t_10944	5_12_1
t_10945	5_12_1
t_10946	5_12_1
t_10947	5_12_1
t_10948	5_12_1
t_10949	5_12_1
t_10950	5_12_1
t_10951	5_12_1
t_10952	5_12_1
t_10953	5_12_1
t_10954	5_12_1
t_10955	5_12_1
t_10956	5_12_1
t_10957	5_12_1
t_10958	5_12_1
t_10959	5_12_1
t_10960	5_12_1
t_10961	5_12_1
t_10962	5_12_1
t_10963	5_12_1
t_10964	5_12_1
t_10965	5_12_1
t_10966	5_12_1
t_10967	5_12_1
t_10968	5_12_1
t_10969	5_12_1
t_10970	5_12_1
t_10971	5_12_1
t_10972	5_12_1
t_10973	5_12_1
t_10974	5_12_1
t_10975	5_12_1
t_10976	5_12_1
t_10977	5_12_1
t_10978	5_12_1
t_10979	5_12_1
t_10980	5_12_1
t_10981	5_12_1
t_10982	5_12_1
t_10983	5_12_1
t_10984	5_12_1
t_10985	5_12_1
t_10986	5_12_1
t_10987	5_12_1
t_10988	5_12_1
t_10989	5_12_1
t_10990	5_12_1
t_10991	5_12_1
t_10992	5_12_1
t_10993	5_12_1
t_10994	5_12_1
t_10995	5_12_1
t_10996	5_12_1
t_10997	5_12_1
t_10998	5_12_1
t_10999	5_12_1
t_11000	5_12_1
t_11001	5_12_1
t_11002	5_12_1
t_11003	5_12_1
t_11004	5_12_1
t_11005	5_12_1
t_11006	5_12_1
t_11007	5_12_1
t_11008	5_12_1
t_11009	5_12_1
t_11010	5_12_1
t_11011	5_12_1
t_11012	5_12_1
t_11013	5_12_1
t_11014	5_12_1
t_11015	5_12_1
t_11016	5_12_1
t_11017	5_12_1
t_11018	5_12_1
t_11019	5_12_1
t_11020	5_12_1
t_11021	5_12_1
t_11022	5_12_1
t_11023	5_12_1
t_11024	5_12_1
t_11025	5_12_1
t_11026	5_12_1
t_11027	5_12_1
t_11028	5_12_1
t_11029	5_12_1
t_11030	5_12_1
t_11031	5_13_1
t_11032	5_13_1
t_11033	5_13_1
t_11034	5_13_1
t_11035	5_13_1
t_11036	5_13_1
t_11037	5_13_1
t_11038	5_13_1
t_11039	5_13_1
t_11040	5_13_1
t_11041	5_13_1
t_11042	5_13_1
t_11043	5_13_1
t_11044	5_13_1
t_11045	5_13_1
t_11046	5_13_1
t_11047	5_13_1
t_11048	5_13_1
t_11049	5_13_1
t_11050	5_13_1
t_11051	5_13_1
t_11052	5_13_1
t_11053	5_13_1
t_11054	5_13_1
t_11055	5_13_1
t_11056	5_13_1
t_11057	5_13_1
t_11058	5_13_1
t_11059	5_13_1
t_11060	5_13_1
t_11061	5_13_1
t_11062	5_13_1
t_11063	5_13_1
t_11064	5_13_1
t_11065	5_13_1
t_11066	5_13_1
t_11067	5_13_1
t_11068	5_13_1
t_11069	5_13_1
t_11070	5_13_1
t_11071	5_13_1
t_11072	5_13_1
t_11073	5_13_1
t_11074	5_13_1
t_11075	5_13_1
t_11076	5_13_1
t_11077	5_13_1
t_11078	5_13_1
t_11079	5_13_1
t_11080	5_13_1
t_11081	5_13_1
t_11082	5_13_1
t_11083	5_13_1
t_11084	5_13_1
t_11085	5_13_1
t_11086	5_13_1
t_11087	5_13_1
t_11088	5_13_1
t_11089	5_13_1
t_11090	5_13_1
t_11091	5_13_1
t_11092	5_13_1
t_11093	5_13_1
t_11094	5_13_1
t_11095	5_13_1
t_11096	5_13_1
t_11097	5_13_1
t_11098	5_13_1
t_11099	5_13_1
t_11100	5_13_1
t_11101	5_13_1
t_11102	5_13_1
t_11103	5_13_1
t_11104	5_13_1
t_11105	5_13_1
t_11106	5_13_1
t_11107	5_13_1
t_11108	5_13_1
t_11109	5_13_1
t_11110	5_13_1
t_11111	5_13_1
t_11112	5_13_1
t_11113	5_13_1
t_11114	5_14_1
t_11115	5_14_1
t_11116	5_14_1
t_11117	5_14_1
t_11118	5_14_1
t_11119	5_14_1
t_11120	5_14_1
t_11121	5_14_1
t_11122	5_14_1
t_11123	5_14_1
t_11124	5_14_1
t_11125	5_14_1
t_11126	5_14_1
t_11127	5_14_1
t_11128	5_14_1
t_11129	5_14_1
t_11130	5_14_1
t_11131	5_14_1
t_11132	5_14_1
t_11133	5_14_1
t_11134	5_14_1
t_11135	5_14_1
t_11136	5_14_1
t_11137	5_14_1
t_11138	5_14_1
t_11139	5_14_1
t_11140	5_14_1
t_11141	5_14_1
t_11142	5_14_1
t_11143	5_14_1
t_11144	5_14_1
t_11145	5_14_1
t_11146	5_14_1
t_11147	5_14_1
t_11148	5_14_1
t_11149	5_14_1
t_11150	5_14_1
t_11151	5_14_1
t_11152	5_14_1
t_11153	5_14_1
t_11154	5_14_1
t_11155	5_14_1
t_11156	5_14_1
t_11157	5_15_1
t_11158	5_15_1
t_11159	5_15_1
t_11160	5_15_1
t_11161	5_15_1
t_11162	5_15_1
t_11163	5_15_1
t_11164	5_15_1
t_11165	5_15_1
t_11166	5_15_1
t_11167	5_15_1
t_11168	5_15_1
t_11169	5_15_1
t_11170	5_15_1
t_11171	5_15_1
t_11172	5_15_1
t_11173	5_15_1
t_11174	5_15_1
t_11175	5_15_1
t_11176	5_15_1
t_11177	5_15_1
t_11178	5_15_1
t_11179	5_15_1
t_11180	5_15_1
t_11181	5_15_1
t_11182	5_15_1
t_11183	5_15_1
t_11184	5_15_1
t_11185	5_15_1
t_11186	5_15_1
t_11187	5_15_1
t_11188	5_15_1
t_11189	5_15_1
t_11190	5_15_1
t_11191	5_15_1
t_11192	5_15_1
t_11193	5_15_1
t_11194	5_15_1
t_11195	5_15_1
t_11196	5_15_1
t_11197	5_15_1
t_11198	5_15_1
t_11199	5_15_1
t_11200	5_15_1
t_11201	5_15_1
t_11202	5_15_1
t_11203	5_15_1
t_11204	5_15_1
t_11205	5_15_1
t_11206	5_15_1
t_11207	5_15_1
t_11208	5_15_1
t_11209	5_15_1
t_11210	5_15_1
t_11211	5_15_1
t_11212	5_15_1
t_11213	5_15_1
t_11214	5_15_1
t_11215	5_15_1
t_11216	5_15_1
t_11217	5_15_1
t_11218	5_15_1
t_11219	5_15_1
t_11220	5_15_1
t_11221	5_15_1
t_11222	5_15_1
t_11223	5_15_1
t_11224	5_15_1
t_11225	5_15_1
t_11226	5_15_1
t_11227	5_15_1
t_11228	5_15_1
t_11229	5_15_1
t_11230	5_15_1
t_11231	5_15_1
t_11232	5_15_1
t_11233	5_15_1
t_11234	5_15_1
t_11235	5_15_1
t_11236	5_15_1
t_11237	5_15_1
t_11238	5_15_1
t_11239	5_15_1
t_11240	5_15_1
t_11241	5_15_1
t_11242	5_15_1
t_11243	5_15_1
t_11244	5_15_1
t_11245	5_15_1
t_11246	5_15_1
t_11247	5_15_1
t_11248	5_15_1
t_11249	5_15_1
t_11250	5_15_1
t_11251	5_15_1
t_11252	5_15_1
t_11253	5_15_1
t_11254	5_15_1
t_11255	5_15_1
t_11256	5_15_1
t_11257	5_15_1
t_11258	5_15_1
t_11259	5_15_1
t_11260	5_15_1
t_11261	5_15_1
t_11262	5_15_1
t_11263	5_15_1
t_11264	5_15_1
t_11265	5_15_1
t_11266	5_15_1
t_11267	5_15_1
t_11268	5_15_1
t_11269	5_15_1
t_11270	5_15_1
t_11271	5_15_1
t_11272	5_15_1
t_11273	5_15_1
t_11274	5_15_1
t_11275	5_15_1
t_11276	5_15_1
t_11277	5_15_1
t_11278	5_15_1
t_11279	5_15_1
t_11280	5_15_1
t_11281	5_15_1
t_11282	5_15_1
t_11283	5_15_1
t_11284	5_16_1
t_11285	5_16_1
t_11286	5_16_1
t_11287	5_16_1
t_11288	5_16_1
t_11289	5_16_1
t_11290	5_16_1
t_11291	5_16_1
t_11292	5_16_1
t_11293	5_16_1
t_11294	5_16_1
t_11295	5_16_1
t_11296	5_16_1
t_11297	5_16_1
t_11298	5_16_1
t_11299	5_16_1
t_11300	5_16_1
t_11301	5_16_1
t_11302	5_16_1
t_11303	5_16_1
t_11304	5_16_1
t_11305	5_16_1
t_11306	5_16_1
t_11307	5_16_1
t_11308	5_16_1
t_11309	5_16_1
t_11310	5_16_1
t_11311	5_16_1
t_11312	5_16_1
t_11313	5_16_1
t_11314	5_16_1
t_11315	5_16_1
t_11316	5_16_1
t_11317	5_16_1
t_11318	5_16_1
t_11319	5_16_1
t_11320	5_16_1
t_11321	5_16_1
t_11322	5_16_1
t_11323	5_16_1
t_11324	5_16_1
t_11325	5_16_1
t_11326	5_16_1
t_11327	5_16_1
t_11328	5_16_1
t_11329	5_16_1
t_11330	5_16_1
t_11331	5_16_1
t_11332	5_16_1
t_11333	5_16_1
t_11334	5_16_1
t_11335	5_16_1
t_11336	5_16_1
t_11337	5_16_1
t_11338	5_16_1
t_11339	5_16_1
t_11340	5_16_1
t_11341	5_16_1
t_11342	5_16_1
t_11343	5_16_1
t_11344	5_16_1
t_11345	5_16_1
t_11346	5_16_1
t_11347	5_16_1
t_11348	5_16_1
t_11349	5_16_1
t_11350	5_16_1
t_11351	5_16_1
t_11352	5_16_1
t_11353	5_16_1
t_11354	5_16_1
t_11355	5_16_1
t_11356	5_16_1
t_11357	5_16_1
t_11358	5_16_1
t_11359	5_16_1
t_11360	5_16_1
t_11361	5_16_1
t_11362	5_16_1
t_11363	5_16_1
t_11364	5_16_1
t_11365	5_16_1
t_11366	5_16_1
t_11367	5_16_1
t_11368	5_16_1
t_11369	5_16_1
t_11370	5_16_1
t_11371	5_16_1
t_11372	5_16_1
t_11373	5_16_1
t_11374	5_16_1
t_11375	5_16_1
t_11376	5_16_1
t_11377	5_16_1
t_11378	5_16_1
t_11379	5_16_1
t_11380	5_16_1
t_11381	5_16_1
t_11382	5_16_1
t_11383	5_16_1
t_11384	5_16_1
t_11385	5_16_1
t_11386	5_16_1
t_11387	5_16_1
t_11388	5_16_1
t_11389	5_16_1
t_11390	5_16_1
t_11391	5_16_1
t_11392	5_16_1
t_11393	5_16_1
t_11394	5_16_1
t_11395	5_16_1
t_11396	5_16_1
t_11397	5_16_1
t_11398	5_16_1
t_11399	5_16_1
t_11400	5_16_1
t_11401	5_16_1
t_11402	5_16_1
t_11403	5_16_1
t_11404	5_16_1
t_11405	5_16_1
t_11406	5_16_1
t_11407	5_16_1
t_11408	5_16_1
t_11409	5_16_1
t_11410	5_16_1
t_11411	5_16_1
t_11412	5_16_1
t_11413	5_16_1
t_11414	5_16_1
t_11415	5_16_1
t_11416	5_16_1
t_11417	5_16_1
t_11418	5_16_1
t_11419	5_16_1
t_11420	5_16_1
t_11421	5_16_1
t_11422	5_16_1
t_11423	5_17_1
t_11424	5_17_1
t_11425	5_17_1
t_11426	5_17_1
t_11427	5_17_1
t_11428	5_17_1
t_11429	5_17_1
t_11430	5_17_1
t_11431	5_17_1
t_11432	5_17_1
t_11433	5_17_1
t_11434	5_17_1
t_11435	5_17_1
t_11436	5_17_1
t_11437	5_17_1
t_11438	5_17_1
t_11439	5_18_1
t_11440	5_18_1
t_11441	5_18_1
t_11442	5_18_1
t_11443	5_18_1
t_11444	5_18_1
t_11445	5_18_1
t_11446	5_18_1
t_11447	5_18_1
t_11448	5_18_1
t_11449	5_18_1
t_11450	5_18_1
t_11451	5_18_1
t_11452	5_18_1
t_11453	5_18_1
t_11454	5_18_1
t_11455	5_18_1
t_11456	5_18_1
t_11457	5_18_1
t_11458	5_18_1
t_11459	5_18_1
t_11460	5_18_1
t_11461	5_18_1
t_11462	5_18_1
t_11463	5_18_1
t_11464	5_18_1
t_11465	5_18_1
t_11466	5_18_1
t_11467	5_18_1
t_11468	5_18_1
t_11469	5_18_1
t_11470	5_18_1
t_11471	5_18_1
t_11472	5_18_1
t_11473	5_18_1
t_11474	5_18_1
t_11475	5_19_1
t_11476	5_19_1
t_11477	5_19_1
t_11478	5_19_1
t_11479	5_19_1
t_11480	5_19_1
t_11481	5_19_1
t_11482	5_19_1
t_11483	5_19_1
t_11484	5_19_1
t_11485	5_19_1
t_11486	5_19_1
t_11487	5_19_1
t_11488	5_19_1
t_11489	5_19_1
t_11490	5_19_1
t_11491	5_19_1
t_11492	5_19_1
t_11493	5_19_1
t_11494	5_19_1
t_11495	5_19_1
t_11496	5_19_1
t_11497	5_19_1
t_11498	5_19_1
t_11499	5_19_1
t_11500	5_19_1
t_11501	5_19_1
t_11502	5_19_1
t_11503	5_19_1
t_11504	5_19_1
t_11505	5_19_1
t_11506	5_19_1
t_11507	5_19_1
t_11508	5_19_1
t_11509	5_19_1
t_11510	5_19_1
t_11511	5_19_1
t_11512	5_19_1
t_11513	5_19_1
t_11514	5_19_1
t_11515	5_19_1
t_11516	5_19_1
t_11517	5_19_1
t_11518	5_20_1
t_11519	5_20_1
t_11520	5_20_1
t_11521	5_20_1
t_11522	5_20_1
t_11523	5_20_1
t_11524	5_20_1
t_11525	5_20_1
t_11526	5_20_1
t_11527	5_20_1
t_11528	5_20_1
t_11529	5_20_1
t_11530	5_20_1
t_11531	5_20_1
t_11532	5_20_1
t_11533	5_20_1
t_11534	5_20_1
t_11535	5_20_1
t_11536	5_20_1
t_11537	5_20_1
t_11538	5_20_1
t_11539	5_20_1
t_11540	5_20_1
t_11541	5_20_1
t_11542	5_20_1
t_11543	5_20_1
t_11544	5_20_1
t_11545	5_20_1
t_11546	5_20_1
t_11547	5_20_1
t_11548	5_20_1
t_11549	5_20_1
t_11550	5_20_1
t_11551	5_20_1
t_11552	5_20_1
t_11553	5_20_1
t_11554	5_20_1
t_11555	5_20_1
t_11556	5_20_1
t_11557	5_20_1
t_11558	5_20_1
t_11559	5_20_1
t_11560	5_20_1
t_11561	5_20_1
t_11562	5_20_1
t_11563	5_20_1
t_11564	5_20_1
t_11565	5_20_1
t_11566	5_20_1
t_11567	5_20_1
t_11568	5_20_1
t_11569	5_20_1
t_11570	5_20_1
t_11571	5_20_1
t_11572	5_20_1
t_11573	5_20_1
t_11574	5_20_1
t_11575	5_20_1
t_11576	5_20_1
t_11577	5_20_1
t_11578	5_20_1
t_11579	5_20_1
t_11580	5_20_1
t_11581	5_20_1
t_11582	5_20_1
t_11583	5_20_1
t_11584	5_20_1
t_11585	5_20_1
t_11586	5_20_1
t_11587	5_20_1
t_11588	5_20_1
t_11589	5_20_1
t_11590	5_20_1
t_11591	5_20_1
t_11592	5_20_1
t_11593	5_20_1
t_11594	5_20_1
t_11595	5_20_1
t_11596	5_20_1
t_11597	5_20_1
t_11598	5_20_1
t_11599	5_20_1
t_11600	5_20_1
t_11601	5_20_1
t_11602	5_20_1
t_11603	5_20_1
t_11604	5_20_1
t_11605	5_20_1
t_11606	5_20_1
t_11607	5_20_1
t_11608	5_20_1
t_11609	5_20_1
t_11610	5_20_1
t_11611	5_20_1
t_11612	5_20_1
t_11613	5_20_1
t_11614	5_20_1
t_11615	5_20_1
t_11616	5_20_1
t_11617	5_20_1
t_11618	5_21_1
t_11619	5_21_1
t_11620	5_21_1
t_11621	5_21_1
t_11622	5_21_1
t_11623	5_21_1
t_11624	5_21_1
t_11625	5_21_1
t_11626	5_21_1
t_11627	5_21_1
t_11628	5_21_1
t_11629	5_21_1
t_11630	5_21_1
t_11631	5_21_1
t_11632	5_21_1
t_11633	5_21_1
t_11634	5_21_1
t_11635	5_21_1
t_11636	5_21_1
t_11637	5_21_1
t_11638	5_21_1
t_11639	5_21_1
t_11640	5_21_1
t_11641	5_21_1
t_11642	5_21_1
t_11643	5_21_1
t_11644	5_21_1
t_11645	5_21_1
t_11646	5_21_1
t_11647	5_21_1
t_11648	5_21_1
t_11649	5_21_1
t_11650	5_21_1
t_11651	5_21_1
t_11652	5_21_1
t_11653	5_21_1
t_11654	5_21_1
t_11655	5_21_1
t_11656	5_21_1
t_11657	5_21_1
t_11658	5_21_1
t_11659	5_21_1
t_11660	5_21_1
t_11661	5_21_1
t_11662	5_21_1
t_11663	5_21_1
t_11664	5_21_1
t_11665	5_21_1
t_11666	5_21_1
t_11667	5_21_1
t_11668	5_21_1
t_11669	5_21_1
t_11670	5_21_1
t_11671	5_22_1
t_11672	5_22_1
t_11673	5_22_1
t_11674	5_22_1
t_11675	5_22_1
t_11676	5_22_1
t_11677	5_22_1
t_11678	5_22_1
t_11679	5_22_1
t_11680	5_22_1
t_11681	5_22_1
t_11682	5_22_1
t_11683	5_22_1
t_11684	5_22_1
t_11685	5_22_1
t_11686	5_22_1
t_11687	5_22_1
t_11688	5_22_1
t_11689	5_22_1
t_11690	5_22_1
t_11691	5_22_1
t_11692	5_22_1
t_11693	5_22_1
t_11694	5_22_1
t_11695	5_22_1
t_11696	5_22_1
t_11697	5_22_1
t_11698	5_22_1
t_11699	5_22_1
t_11700	5_22_1
t_11701	5_22_1
t_11702	5_22_1
t_11703	5_22_1
t_11704	5_22_1
t_11705	5_22_1
t_11706	5_22_1
t_11707	5_22_1
t_11708	5_22_1
t_11709	5_22_1
t_11710	5_22_1
t_11711	5_22_1
t_11712	5_22_1
t_11713	5_22_1
t_11714	5_22_1
t_11715	5_22_1
t_11716	5_22_1
t_11717	5_22_1
t_11718	5_22_1
t_11719	5_22_1
t_11720	5_22_1
t_11721	5_22_1
t_11722	5_22_1
t_11723	5_22_1
t_11724	5_22_1
t_11725	5_22_1
t_11726	5_22_1
t_11727	5_23_1
t_11728	5_23_1
t_11729	5_23_1
t_11730	5_23_1
t_11731	5_23_1
t_11732	5_23_1
t_11733	5_23_1
t_11734	5_23_1
t_11735	5_23_1
t_11736	5_23_1
t_11737	5_23_1
t_11738	5_23_1
t_11739	5_23_1
t_11740	5_23_1
t_11741	5_23_1
t_11742	5_23_1
t_11743	5_23_1
t_11744	5_23_1
t_11745	5_23_1
t_11746	5_23_1
t_11747	5_23_1
t_11748	5_23_1
t_11749	5_23_1
t_11750	5_23_1
t_11751	5_23_1
t_11752	5_23_1
t_11753	5_23_1
t_11754	5_23_1
t_11755	5_23_1
t_11756	5_23_1
t_11757	5_23_1
t_11758	5_23_1
t_11759	5_23_1
t_11760	5_23_1
t_11761	5_23_1
t_11762	5_23_1
t_11763	5_23_1
t_11764	5_23_1
t_11765	5_23_1
t_11766	5_23_1
t_11767	5_23_1
t_11768	5_23_1
t_11769	5_23_1
t_11770	5_23_1
t_11771	5_23_1
t_11772	5_23_1
t_11773	5_23_1
t_11774	5_23_1
t_11775	5_23_1
t_11776	5_23_1
t_11777	5_23_1
t_11778	5_23_1
t_11779	5_23_1
t_11780	5_23_1
t_11781	5_23_1
t_11782	5_23_1
t_11783	5_23_1
t_11784	5_23_1
t_11785	5_23_1
t_11786	5_23_1
t_11787	5_23_1
t_11788	5_23_1
t_11789	5_23_1
t_11790	5_23_1
t_11791	5_23_1
t_11792	5_23_1
t_11793	5_23_1
t_11794	5_23_1
t_11795	5_23_1
t_11796	5_23_1
t_11797	5_23_1
t_11798	5_23_1
t_11799	5_23_1
t_11800	5_23_1
t_11801	5_23_1
t_11802	5_23_1
t_11803	5_23_1
t_11804	5_24_1
t_11805	5_24_1
t_11806	5_24_1
t_11807	5_24_1
t_11808	5_24_1
t_11809	5_24_1
t_11810	5_24_1
t_11811	5_24_1
t_11812	5_24_1
t_11813	5_24_1
t_11814	5_24_1
t_11815	5_24_1
t_11816	5_24_1
t_11817	5_24_1
t_11818	5_24_1
t_11819	5_24_1
t_11820	5_24_1
t_11821	5_24_1
t_11822	5_24_1
t_11823	5_24_1
t_11824	5_24_1
t_11825	5_24_1
t_11826	5_24_1
t_11827	5_24_1
t_11828	5_24_1
t_11829	5_24_1
t_11830	5_24_1
t_11831	5_24_1
t_11832	5_24_1
t_11833	5_24_1
t_11834	5_24_1
t_11835	5_25_1
t_11836	5_25_1
t_11837	5_25_1
t_11838	5_25_1
t_11839	5_25_1
t_11840	5_25_1
t_11841	5_25_1
t_11842	5_25_1
t_11843	5_25_1
t_11844	5_25_1
t_11845	5_25_1
t_11846	5_25_1
t_11847	5_25_1
t_11848	5_25_1
t_11849	5_25_1
t_11850	5_25_1
t_11851	5_25_1
t_11852	5_25_1
t_11853	5_25_1
t_11854	5_25_1
t_11855	5_25_1
t_11856	5_25_1
t_11857	5_25_1
t_11858	5_25_1
t_11859	5_25_1
t_11860	5_25_1
t_11861	5_25_1
t_11862	5_25_1
t_11863	5_25_1
t_11864	5_25_1
t_11865	5_25_1
t_11866	5_25_1
t_11867	5_25_1
t_11868	5_25_1
t_11869	5_25_1
t_11870	5_25_1
t_11871	5_25_1
t_11872	5_25_1
t_11873	5_25_1
t_11874	5_25_1
t_11875	5_26_1
t_11876	5_26_1
t_11877	5_26_1
t_11878	5_26_1
t_11879	5_26_1
t_11880	5_26_1
t_11881	5_26_1
t_11882	5_26_1
t_11883	5_26_1
t_11884	5_26_1
t_11885	5_26_1
t_11886	5_26_1
t_11887	5_26_1
t_11888	5_26_1
t_11889	5_26_1
t_11890	5_26_1
t_11891	5_26_1
t_11892	5_26_1
t_11893	5_26_1
t_11894	5_26_1
t_11895	5_26_1
t_11896	5_26_1
t_11897	5_26_1
t_11898	5_26_1
t_11899	5_26_1
t_11900	5_26_1
t_11901	5_26_1
t_11902	5_26_1
t_11903	5_26_1
t_11904	5_26_1
t_11905	5_26_1
t_11906	5_26_1
t_11907	5_26_1
t_11908	5_26_1
t_11909	5_26_1
t_11910	5_26_1
t_11911	5_26_1
t_11912	5_26_1
t_11913	5_26_1
t_11914	5_26_1
t_11915	5_26_1
t_11916	5_26_1
t_11917	5_26_1
t_11918	5_26_1
t_11919	5_26_1
t_11920	5_26_1
t_11921	5_26_1
t_11922	5_26_1
t_11923	5_26_1
t_11924	5_26_1
t_11925	5_26_1
t_11926	5_26_1
t_11927	5_26_1
t_11928	5_26_1
t_11929	5_26_1
t_11930	5_26_1
t_11931	5_26_1
t_11932	5_26_1
t_11933	5_26_1
t_11934	5_26_1
t_11935	5_26_1
t_11936	5_26_1
t_11937	5_26_1
t_11938	5_26_1
t_11939	5_26_1
t_11940	5_26_1
t_11941	5_26_1
t_11942	5_26_1
t_11943	5_26_1
t_11944	5_26_1
t_11945	5_26_1
t_11946	5_26_1
t_11947	5_26_1
t_11948	5_26_1
t_11949	5_26_1
t_11950	5_26_1
t_11951	5_26_1
t_11952	5_27_1
t_11953	5_27_1
t_11954	5_27_1
t_11955	5_27_1
t_11956	5_27_1
t_11957	5_27_1
t_11958	5_27_1
t_11959	5_27_1
t_11960	5_27_1
t_11961	5_27_1
t_11962	5_27_1
t_11963	5_27_1
t_11964	5_27_1
t_11965	5_27_1
t_11966	5_27_1
t_11967	5_27_1
t_11968	5_27_1
t_11969	5_27_1
t_11970	5_27_1
t_11971	5_27_1
t_11972	5_27_1
t_11973	5_27_1
t_11974	5_27_1
t_11975	5_27_1
t_11976	5_27_1
t_11977	5_27_1
t_11978	5_27_1
t_11979	5_27_1
t_11980	5_27_1
t_11981	5_27_1
t_11982	5_27_1
t_11983	5_27_1
t_11984	5_27_1
t_11985	5_27_1
t_11986	5_27_1
t_11987	5_27_1
t_11988	5_27_1
t_11989	5_27_1
t_11990	5_27_1
t_11991	5_27_1
t_11992	5_27_1
t_11993	5_27_1
t_11994	5_27_1
t_11995	5_27_1
t_11996	5_27_1
t_11997	5_27_1
t_11998	5_27_1
t_11999	5_28_1
t_12000	5_28_1
t_12001	5_28_1
t_12002	5_28_1
t_12003	5_28_1
t_12004	5_28_1
t_12005	5_28_1
t_12006	5_28_1
t_12007	5_28_1
t_12008	5_28_1
t_12009	5_28_1
t_12010	5_28_1
t_12011	5_28_1
t_12012	5_28_1
t_12013	5_28_1
t_12014	5_28_1
t_12015	5_28_1
t_12016	5_28_1
t_12017	5_28_1
t_12018	5_28_1
t_12019	5_28_1
t_12020	5_28_1
t_12021	5_28_1
t_12022	5_28_1
t_12023	5_28_1
t_12024	5_28_1
t_12025	5_28_1
t_12026	5_28_1
t_12027	5_28_1
t_12028	5_28_1
t_12029	5_28_1
t_12030	5_28_1
t_12031	5_28_1
t_12032	5_28_1
t_12033	5_28_1
t_12034	5_28_1
t_12035	5_28_1
t_12036	5_28_1
t_12037	5_28_1
t_12038	5_28_1
t_12039	5_28_1
t_12040	5_28_1
t_12041	5_28_1
t_12042	5_28_1
t_12043	5_28_1
t_12044	5_28_1
t_12045	5_28_1
t_12046	5_28_1
t_12047	5_28_1
t_12048	5_28_1
t_12049	5_28_1
t_12050	5_28_1
t_12051	5_28_1
t_12052	5_28_1
t_12053	5_28_1
t_12054	5_28_1
t_12055	5_28_1
t_12056	5_28_1
t_12057	5_28_1
t_12058	5_28_1
t_12059	5_28_1
t_12060	5_28_1
t_12061	5_28_1
t_12062	5_28_1
t_12063	5_28_1
t_12064	5_28_1
t_12065	5_28_1
t_12066	5_28_1
t_12067	5_28_1
t_12068	5_28_1
t_12069	5_28_1
t_12070	5_28_1
t_12071	5_28_1
t_12072	5_28_1
t_12073	5_28_1
t_12074	5_28_1
t_12075	5_28_1
t_12076	5_28_1
t_12077	5_28_1
t_12078	5_28_1
t_12079	5_28_1
t_12080	5_28_1
t_12081	5_28_1
t_12082	5_29_1
t_12083	5_29_1
t_12084	5_29_1
t_12085	5_29_1
t_12086	5_29_1
t_12087	5_29_1
t_12088	5_29_1
t_12089	5_29_1
t_12090	5_29_1
t_12091	5_29_1
t_12092	5_29_1
t_12093	5_29_1
t_12094	5_29_1
t_12095	5_29_1
t_12096	5_29_1
t_12097	5_29_1
t_12098	5_29_1
t_12099	5_29_1
t_12100	5_29_1
t_12101	5_29_1
t_12102	5_29_1
t_12103	5_29_1
t_12104	5_29_1
t_12105	5_29_1
t_12106	5_29_1
t_12107	5_29_1
t_12108	5_29_1
t_12109	5_29_1
t_12110	5_29_1
t_12111	5_29_1
t_12112	5_29_1
t_12113	5_29_1
t_12114	5_29_1
t_12115	5_29_1
t_12116	5_29_1
t_12117	5_29_1
t_12118	5_29_1
t_12119	5_29_1
t_12120	5_29_1
t_12121	5_29_1
t_12122	5_29_1
t_12123	5_29_1
t_12124	5_29_1
t_12125	5_29_1
t_12126	5_29_1
t_12127	5_29_1
t_12128	5_29_1
t_12129	5_29_1
t_12130	5_29_1
t_12131	5_29_1
t_12132	5_29_1
t_12133	5_29_1
t_12134	5_29_1
t_12135	5_29_1
t_12136	5_29_1
t_12137	5_29_1
t_12138	5_29_1
t_12139	5_29_1
t_12140	5_29_1
t_12141	5_29_1
t_12142	5_29_1
t_12143	5_29_1
t_12144	5_29_1
t_12145	5_29_1
t_12146	5_30_1
t_12147	5_30_1
t_12148	5_30_1
t_12149	5_30_1
t_12150	5_30_1
t_12151	5_30_1
t_12152	5_30_1
t_12153	5_30_1
t_12154	5_30_1
t_12155	5_30_1
t_12156	5_30_1
t_12157	5_30_1
t_12158	5_30_1
t_12159	5_30_1
t_12160	5_30_1
t_12161	5_30_1
t_12162	5_30_1
t_12163	5_30_1
t_12164	5_30_1
t_12165	5_30_1
t_12166	5_30_1
t_12167	5_30_1
t_12168	5_30_1
t_12169	5_30_1
t_12170	5_30_1
t_12171	5_30_1
t_12172	5_30_1
t_12173	5_30_1
t_12174	5_30_1
t_12175	5_30_1
t_12176	5_30_1
t_12177	5_30_1
t_12178	5_30_1
t_12179	5_30_1
t_12180	5_30_1
t_12181	5_30_1
t_12182	5_30_1
t_12183	5_30_1
t_12184	5_30_1
t_12185	5_31_1
t_12186	5_31_1
t_12187	5_31_1
t_12188	5_31_1
t_12189	5_31_1
t_12190	5_31_1
t_12191	5_31_1
t_12192	5_31_1
t_12193	5_31_1
t_12194	5_31_1
t_12195	5_31_1
t_12196	5_31_1
t_12197	5_31_1
t_12198	5_31_1
t_12199	5_31_1
t_12200	5_31_1
t_12201	5_31_1
t_12202	5_31_1
t_12203	5_31_1
t_12204	5_31_1
t_12205	5_31_1
t_12206	5_31_1
t_12207	5_31_1
t_12208	5_31_1
t_12209	5_31_1
t_12210	5_31_1
t_12211	5_31_1
t_12212	5_31_1
t_12213	5_31_1
t_12214	5_31_1
t_12215	5_31_1
t_12216	5_31_1
t_12217	5_31_1
t_12218	5_31_1
t_12219	5_31_1
t_12220	5_31_1
t_12221	5_31_1
t_12222	5_31_1
t_12223	5_31_1
t_12224	5_31_1
t_12225	5_31_1
t_12226	5_31_1
t_12227	5_31_1
t_12228	5_31_1
t_12229	5_31_1
t_12230	5_31_1
t_12231	5_31_1
t_12232	5_31_1
t_12233	5_31_1
t_12234	5_31_1
t_12235	5_31_1
t_12236	5_31_1
t_12237	5_31_1
t_12238	5_31_1
t_12239	5_31_1
t_12240	5_31_1
t_12241	5_31_1
t_12242	5_31_1
t_12243	5_31_1
t_12244	5_31_1
t_12245	5_31_1
t_12246	5_31_1
t_12247	5_31_1
t_12248	5_31_1
t_12249	5_31_1
t_12250	5_31_1
t_12251	5_31_1
t_12252	5_31_1
t_12253	5_31_1
t_12254	5_31_1
t_12255	5_31_1
t_12256	5_31_1
t_12257	5_31_1
t_12258	5_31_1
t_12259	5_31_1
t_12260	5_31_1
t_12261	5_31_1
t_12262	5_31_1
t_12263	5_31_1
t_12264	5_31_1
t_12265	5_31_1
t_12266	5_31_1
t_12267	5_31_1
t_12268	5_31_1
t_12269	5_31_1
t_12270	5_31_1
t_12271	5_31_1
t_12272	5_31_1
t_12273	5_31_1
t_12274	5_31_1
t_12275	5_32_1
t_12276	5_32_1
t_12277	5_32_1
t_12278	5_32_1
t_12279	5_32_1
t_12280	5_32_1
t_12281	5_32_1
t_12282	5_32_1
t_12283	5_32_1
t_12284	5_32_1
t_12285	5_32_1
t_12286	5_32_1
t_12287	5_32_1
t_12288	5_32_1
t_12289	5_32_1
t_12290	5_32_1
t_12291	5_32_1
t_12292	5_32_1
t_12293	5_32_1
t_12294	5_32_1
t_12295	5_32_1
t_12296	5_32_1
t_12297	5_32_1
t_12298	5_32_1
t_12299	5_32_1
t_12300	5_32_1
t_12301	5_32_1
t_12302	5_32_1
t_12303	5_32_1
t_12304	5_32_1
t_12305	5_32_1
t_12306	5_32_1
t_12307	5_32_1
t_12308	5_32_1
t_12309	5_32_1
t_12310	5_32_1
t_12311	5_32_1
t_12312	5_32_1
t_12313	5_32_1
t_12314	5_32_1
t_12315	5_32_1
t_12316	5_32_1
t_12317	5_32_1
t_12318	5_33_1
t_12319	5_33_1
t_12320	5_33_1
t_12321	5_33_1
t_12322	5_33_1
t_12323	5_33_1
t_12324	5_33_1
t_12325	5_33_1
t_12326	5_33_1
t_12327	5_33_1
t_12328	5_33_1
t_12329	5_33_1
t_12330	5_33_1
t_12331	5_33_1
t_12332	5_33_1
t_12333	5_33_1
t_12334	5_33_1
t_12335	5_33_1
t_12336	5_33_1
t_12337	5_33_1
t_12338	5_33_1
t_12339	5_33_1
t_12340	5_33_1
t_12341	5_33_1
t_12342	5_33_1
t_12343	5_33_1
t_12344	5_33_1
t_12345	5_33_1
t_12346	5_33_1
t_12347	5_33_1
t_12348	5_33_1
t_12349	5_33_1
t_12350	5_33_1
t_12351	5_33_1
t_12352	5_33_1
t_12353	5_33_1
t_12354	5_33_1
t_12355	5_33_1
t_12356	5_33_1
t_12357	5_33_1
t_12358	5_33_1
t_12359	5_33_1
t_12360	5_33_1
t_12361	5_33_1
t_12362	5_33_1
t_12363	5_33_1
t_12364	5_33_1
t_12365	5_33_1
t_12366	5_33_1
t_12367	5_33_1
t_12368	5_33_1
t_12369	5_33_1
t_12370	5_33_1
t_12371	5_33_1
t_12372	5_33_1
t_12373	5_33_1
t_12374	5_33_1
t_12375	5_33_1
t_12376	5_33_1
t_12377	5_33_1
t_12378	5_33_1
t_12379	5_33_1
t_12380	5_33_1
t_12381	5_33_1
t_12382	5_33_1
t_12383	5_33_1
t_12384	5_33_1
t_12385	5_33_1
t_12386	5_33_1
t_12387	5_33_1
t_12388	5_33_1
t_12389	5_33_1
t_12390	5_33_1
t_12391	5_33_1
t_12392	5_33_1
t_12393	5_33_1
t_12394	5_33_1
t_12395	5_33_1
t_12396	5_33_1
t_12397	5_33_1
t_12398	5_33_1
t_12399	5_33_1
t_12400	5_33_1
t_12401	5_33_1
t_12402	5_33_1
t_12403	5_33_1
t_12404	5_33_1
t_12405	5_33_1
t_12406	5_33_1
t_12407	5_33_1
t_12408	5_33_1
t_12409	5_33_1
t_12410	5_33_1
t_12411	5_33_1
t_12412	5_33_1
t_12413	5_33_1
t_12414	5_33_1
t_12415	5_33_1
t_12416	5_33_1
t_12417	5_33_1
t_12418	5_33_1
t_12419	5_33_1
t_12420	5_33_1
t_12421	5_33_1
t_12422	5_33_1
t_12423	5_33_1
t_12424	5_33_1
t_12425	5_33_1
t_12426	5_33_1
t_12427	5_33_1
t_12428	5_33_1
t_12429	5_33_1
t_12430	5_33_1
t_12431	5_33_1
t_12432	5_33_1
t_12433	5_33_1
t_12434	5_33_1
t_12435	5_33_1
t_12436	5_33_1
t_12437	5_33_1
t_12438	5_33_1
t_12439	5_33_1
t_12440	5_33_1
t_12441	5_33_1
t_12442	5_33_1
t_12443	5_33_1
t_12444	5_33_1
t_12445	5_33_1
t_12446	5_33_1
t_12447	5_33_1
t_12448	5_33_1
t_12449	5_33_1
t_12450	5_33_1
t_12451	5_33_1
t_12452	5_33_1
t_12453	5_33_1
t_12454	5_33_1
t_12455	5_33_1
t_12456	5_33_1
t_12457	5_33_1
t_12458	5_33_1
t_12459	5_33_1
t_12460	5_33_1
t_12461	5_33_1
t_12462	5_33_1
t_12463	5_33_1
t_12464	5_33_1
t_12465	5_33_1
t_12466	5_33_1
t_12467	5_33_1
t_12468	5_33_1
t_12469	5_33_1
t_12470	5_33_1
t_12471	5_33_1
t_12472	5_33_1
t_12473	5_33_1
t_12474	5_33_1
t_12475	5_33_1
t_12476	5_33_1
t_12477	5_33_1
t_12478	5_33_1
t_12479	5_34_1
t_12480	5_34_1
t_12481	5_34_1
t_12482	5_34_1
t_12483	5_34_1
t_12484	5_34_1
t_12485	5_34_1
t_12486	5_34_1
t_12487	5_34_1
t_12488	5_34_1
t_12489	5_34_1
t_12490	5_34_1
t_12491	5_34_1
t_12492	5_34_1
t_12493	5_34_1
t_12494	5_34_1
t_12495	5_34_1
t_12496	5_34_1
t_12497	5_34_1
t_12498	5_34_1
t_12499	5_34_1
t_12500	5_34_1
t_12501	5_34_1
t_12502	5_34_1
t_12503	5_34_1
t_12504	5_34_1
t_12505	5_34_1
t_12506	5_34_1
t_12507	5_34_1
t_12508	5_34_1
t_12509	5_34_1
t_12510	5_34_1
t_12511	5_34_1
t_12512	5_34_1
t_12513	5_34_1
t_12514	5_34_1
t_12515	5_34_1
t_12516	5_34_1
t_12517	5_34_1
t_12518	5_34_1
t_12519	5_34_1
t_12520	5_34_1
t_12521	5_34_1
t_12522	5_34_1
t_12523	5_34_1
t_12524	5_34_1
t_12525	5_34_1
t_12526	5_34_1
t_12527	5_34_1
t_12528	5_34_1
t_12529	5_34_1
t_12530	5_34_1
t_12531	5_34_1
t_12532	5_34_1
t_12533	5_34_1
t_12534	5_34_1
t_12535	5_35_1
t_12536	5_35_1
t_12537	5_35_1
t_12538	5_35_1
t_12539	5_35_1
t_12540	5_35_1
t_12541	5_35_1
t_12542	5_35_1
t_12543	5_35_1
t_12544	5_35_1
t_12545	5_35_1
t_12546	5_35_1
t_12547	5_35_1
t_12548	5_35_1
t_12549	5_35_1
t_12550	5_35_1
t_12551	5_35_1
t_12552	5_35_1
t_12553	5_35_1
t_12554	5_35_1
t_12555	5_35_1
t_12556	5_35_1
t_12557	5_35_1
t_12558	5_35_1
t_12559	5_35_1
t_12560	5_35_1
t_12561	5_35_1
t_12562	5_35_1
t_12563	5_35_1
t_12564	5_35_1
t_12565	5_36_1
t_12566	5_36_1
t_12567	5_36_1
t_12568	5_36_1
t_12569	5_36_1
t_12570	5_36_1
t_12571	5_36_1
t_12572	5_36_1
t_12573	5_36_1
t_12574	5_36_1
t_12575	5_36_1
t_12576	5_36_1
t_12577	5_36_1
t_12578	5_36_1
t_12579	5_36_1
t_12580	5_36_1
t_12581	5_36_1
t_12582	5_36_1
t_12583	5_36_1
t_12584	5_36_1
t_12585	5_36_1
t_12586	5_36_1
t_12587	5_36_1
t_12588	5_36_1
t_12589	5_36_1
t_12590	5_36_1
t_12591	5_36_1
t_12592	5_36_1
t_12593	5_36_1
t_12594	5_36_1
t_12595	5_36_1
t_12596	5_36_1
t_12597	5_36_1
t_12598	5_36_1
t_12599	5_36_1
t_12600	5_36_1
t_12601	5_36_1
t_12602	5_36_1
t_12603	5_36_1
t_12604	5_36_1
t_12605	5_36_1
t_12606	5_36_1
t_12607	5_36_1
t_12608	5_36_1
t_12609	5_36_1
t_12610	5_36_1
t_12611	5_36_1
t_12612	5_36_1
t_12613	5_36_1
t_12614	5_36_1
t_12615	5_36_1
t_12616	5_36_1
t_12617	5_36_1
t_12618	5_36_1
t_12619	5_36_1
t_12620	5_36_1
t_12621	5_36_1
t_12622	5_36_1
t_12623	5_36_1
t_12624	5_36_1
t_12625	5_36_1
t_12626	5_36_1
t_12627	5_36_1
t_12628	5_36_1
t_12629	5_36_1
t_12630	5_36_1
t_12631	5_36_1
t_12632	5_36_1
t_12633	5_36_1
t_12634	5_36_1
t_12635	5_36_1
t_12636	5_36_1
t_12637	5_36_1
t_12638	5_36_1
t_12639	5_36_1
t_12640	5_36_1
t_12641	5_36_1
t_12642	5_36_1
t_12643	5_36_1
t_12644	5_36_1
t_12645	5_36_1
t_12646	5_36_1
t_12647	5_36_1
t_12648	5_36_1
t_12649	5_36_1
t_12650	5_36_1
t_12651	5_36_1
t_12652	5_36_1
t_12653	5_36_1
t_12654	5_36_1
t_12655	5_36_1
t_12656	5_36_1
t_12657	5_36_1
t_12658	5_36_1
t_12659	5_36_1
t_12660	5_36_1
t_12661	5_36_1
t_12662	5_36_1
t_12663	5_36_1
t_12664	5_36_1
t_12665	5_36_1
t_12666	5_36_1
t_12667	5_36_1
t_12668	5_36_1
t_12669	5_36_1
t_12670	5_36_1
t_12671	5_36_1
t_12672	5_36_1
t_12673	5_36_1
t_12674	5_36_1
t_12675	5_36_1
t_12676	5_36_1
t_12677	5_36_1
t_12678	5_36_1
t_12679	6_1_1
t_12680	6_1_1
t_12681	6_1_1
t_12682	6_1_1
t_12683	6_1_1
t_12684	6_1_1
t_12685	6_1_1
t_12686	6_1_1
t_12687	6_1_1
t_12688	6_1_1
t_12689	6_1_1
t_12690	6_1_1
t_12691	6_1_1
t_12692	6_1_1
t_12693	6_1_1
t_12694	6_1_1
t_12695	6_1_1
t_12696	6_1_1
t_12697	6_1_1
t_12698	6_1_1
t_12699	6_1_1
t_12700	6_1_1
t_12701	6_1_1
t_12702	6_1_1
t_12703	6_1_1
t_12704	6_1_1
t_12705	6_1_1
t_12706	6_1_1
t_12707	6_1_1
t_12708	6_1_1
t_12709	6_1_1
t_12710	6_1_1
t_12711	6_1_1
t_12712	6_1_1
t_12713	6_1_1
t_12714	6_1_1
t_12715	6_1_1
t_12716	6_1_1
t_12717	6_1_1
t_12718	6_1_1
t_12719	6_1_1
t_12720	6_1_1
t_12721	6_1_1
t_12722	6_1_1
t_12723	6_2_1
t_12724	6_2_1
t_12725	6_2_1
t_12726	6_2_1
t_12727	6_2_1
t_12728	6_2_1
t_12729	6_2_1
t_12730	6_2_1
t_12731	6_2_1
t_12732	6_2_1
t_12733	6_2_1
t_12734	6_2_1
t_12735	6_2_1
t_12736	6_2_1
t_12737	6_2_1
t_12738	6_2_1
t_12739	6_2_1
t_12740	6_2_1
t_12741	6_2_1
t_12742	6_2_1
t_12743	6_2_1
t_12744	6_2_1
t_12745	6_2_1
t_12746	6_2_1
t_12747	6_2_1
t_12748	6_2_1
t_12749	6_2_1
t_12750	6_2_1
t_12751	6_2_1
t_12752	6_2_1
t_12753	6_2_1
t_12754	6_2_1
t_12755	6_2_1
t_12756	6_2_1
t_12757	6_2_1
t_12758	6_2_1
t_12759	6_2_1
t_12760	6_2_1
t_12761	6_2_1
t_12762	6_2_1
t_12763	6_2_1
t_12764	6_2_1
t_12765	6_2_1
t_12766	6_2_1
t_12767	6_2_1
t_12768	6_2_1
t_12769	6_2_1
t_12770	6_2_1
t_12771	6_2_1
t_12772	6_2_1
t_12773	6_2_1
t_12774	6_2_1
t_12775	6_2_1
t_12776	6_2_1
t_12777	6_2_1
t_12778	6_2_1
t_12779	6_3_1
t_12780	6_3_1
t_12781	6_3_1
t_12782	6_3_1
t_12783	6_3_1
t_12784	6_3_1
t_12785	6_3_1
t_12786	6_3_1
t_12787	6_3_1
t_12788	6_3_1
t_12789	6_3_1
t_12790	6_3_1
t_12791	6_3_1
t_12792	6_3_1
t_12793	6_3_1
t_12794	6_3_1
t_12795	6_3_1
t_12796	6_4_1
t_12797	6_4_1
t_12798	6_4_1
t_12799	6_4_1
t_12800	6_4_1
t_12801	6_4_1
t_12802	6_4_1
t_12803	6_4_1
t_12804	6_4_1
t_12805	6_4_1
t_12806	6_4_1
t_12807	6_4_1
t_12808	6_4_1
t_12809	6_4_1
t_12810	6_4_1
t_12811	6_4_1
t_12812	6_4_1
t_12813	6_5_1
t_12814	6_5_1
t_12815	6_5_1
t_12816	6_5_1
t_12817	6_5_1
t_12818	6_5_1
t_12819	6_5_1
t_12820	6_5_1
t_12821	6_5_1
t_12822	6_5_1
t_12823	6_5_1
t_12824	6_5_1
t_12825	6_5_1
t_12826	6_5_1
t_12827	6_6_1
t_12828	6_6_1
t_12829	6_6_1
t_12830	6_6_1
t_12831	6_6_1
t_12832	6_6_1
t_12833	6_6_1
t_12834	6_6_1
t_12835	6_7_1
t_12836	6_7_1
t_12837	6_7_1
t_12838	6_7_1
t_12839	6_7_1
t_12840	6_7_1
t_12841	6_7_1
t_12842	6_7_1
t_12843	6_7_1
t_12844	6_7_1
t_12845	6_7_1
t_12846	6_7_1
t_12847	6_7_1
t_12848	6_7_1
t_12849	6_7_1
t_12850	6_7_1
t_12851	6_7_1
t_12852	6_8_1
t_12853	6_8_1
t_12854	6_8_1
t_12855	6_8_1
t_12856	6_8_1
t_12857	6_8_1
t_12858	6_8_1
t_12859	6_8_1
t_12860	6_8_1
t_12861	6_8_1
t_12862	6_8_1
t_12863	6_8_1
t_12864	6_8_1
t_12865	6_8_1
t_12866	6_8_1
t_12867	6_8_1
t_12868	6_8_1
t_12869	6_8_1
t_12870	6_8_1
t_12871	6_8_1
t_12872	6_8_1
t_12873	6_8_1
t_12874	6_8_1
t_12875	6_8_1
t_12876	6_8_1
t_12877	6_8_1
t_12878	6_8_1
t_12879	6_8_1
t_12880	6_9_1
t_12881	6_9_1
t_12882	6_9_1
t_12883	6_9_1
t_12884	6_9_1
t_12885	6_9_1
t_12886	6_9_1
t_12887	6_9_1
t_12888	6_9_1
t_12889	6_9_1
t_12890	6_9_1
t_12891	6_9_1
t_12892	6_9_1
t_12893	6_9_1
t_12894	6_9_1
t_12895	6_9_1
t_12896	6_9_1
t_12897	6_9_1
t_12898	6_9_1
t_12899	6_9_1
t_12900	6_9_1
t_12901	6_9_1
t_12902	6_9_1
t_12903	6_9_1
t_12904	6_9_1
t_12905	6_10_1
t_12906	6_10_1
t_12907	6_10_1
t_12908	6_10_1
t_12909	6_10_1
t_12910	6_10_1
t_12911	6_10_1
t_12912	6_10_1
t_12913	6_10_1
t_12914	6_10_1
t_12915	6_10_1
t_12916	6_10_1
t_12917	6_10_1
t_12918	6_10_1
t_12919	6_10_1
t_12920	6_10_1
t_12921	6_10_1
t_12922	6_10_1
t_12923	6_10_1
t_12924	6_10_1
t_12925	6_10_1
t_12926	6_10_1
t_12927	6_10_1
t_12928	6_10_1
t_12929	6_10_1
t_12930	6_10_1
t_12931	6_10_1
t_12932	6_10_1
t_12933	6_10_1
t_12934	6_10_1
t_12935	6_10_1
t_12936	6_10_1
t_12937	6_10_1
t_12938	6_10_1
t_12939	6_10_1
t_12940	6_10_1
t_12941	6_10_1
t_12942	6_10_1
t_12943	6_10_1
t_12944	6_10_1
t_12945	6_10_1
t_12946	6_10_1
t_12947	6_10_1
t_12948	6_10_1
t_12949	6_10_1
t_12950	6_10_1
t_12951	6_10_1
t_12952	6_10_1
t_12953	6_10_1
t_12954	6_10_1
t_12955	6_10_1
t_12956	6_10_1
t_12957	6_10_1
t_12958	6_10_1
t_12959	6_10_1
t_12960	6_10_1
t_12961	6_10_1
t_12962	6_10_1
t_12963	6_10_1
t_12964	6_10_1
t_12965	6_10_1
t_12966	6_10_1
t_12967	6_10_1
t_12968	6_10_1
t_12969	6_10_1
t_12970	6_10_1
t_12971	6_10_1
t_12972	6_10_1
t_12973	6_10_1
t_12974	6_10_1
t_12975	6_10_1
t_12976	6_10_1
t_12977	6_10_1
t_12978	6_11_1
t_12979	6_11_1
t_12980	6_11_1
t_12981	6_11_1
t_12982	6_11_1
t_12983	6_11_1
t_12984	6_11_1
t_12985	6_11_1
t_12986	6_11_1
t_12987	6_11_1
t_12988	6_11_1
t_12989	6_11_1
t_12990	6_11_1
t_12991	6_11_1
t_12992	6_11_1
t_12993	6_11_1
t_12994	6_11_1
t_12995	6_11_1
t_12996	6_11_1
t_12997	6_11_1
t_12998	6_11_1
t_12999	6_11_1
t_13000	6_11_1
t_13001	6_11_1
t_13002	6_11_1
t_13003	6_11_1
t_13004	6_11_1
t_13005	6_11_1
t_13006	6_11_1
t_13007	6_11_1
t_13008	6_11_1
t_13009	6_11_1
t_13010	6_12_1
t_13011	6_12_1
t_13012	6_12_1
t_13013	6_12_1
t_13014	6_12_1
t_13015	6_12_1
t_13016	6_12_1
t_13017	6_12_1
t_13018	6_12_1
t_13019	6_12_1
t_13020	6_12_1
t_13021	6_12_1
t_13022	6_12_1
t_13023	6_12_1
t_13024	6_12_1
t_13025	6_12_1
t_13026	6_12_1
t_13027	6_12_1
t_13028	6_12_1
t_13029	6_12_1
t_13030	6_12_1
t_13031	6_12_1
t_13032	6_12_1
t_13033	6_12_1
t_13034	6_12_1
t_13035	6_12_1
t_13036	6_12_1
t_13037	6_12_1
t_13038	6_12_1
t_13039	6_12_1
t_13040	6_12_1
t_13041	6_12_1
t_13042	6_12_1
t_13043	6_12_1
t_13044	6_12_1
t_13045	6_12_1
t_13046	6_12_1
t_13047	6_12_1
t_13048	6_12_1
t_13049	6_12_1
t_13050	6_12_1
t_13051	6_12_1
t_13052	6_12_1
t_13053	6_12_1
t_13054	6_12_1
t_13055	6_12_1
t_13056	6_12_1
t_13057	6_12_1
t_13058	6_12_1
t_13059	6_12_1
t_13060	6_12_1
t_13061	6_12_1
t_13062	6_12_1
t_13063	6_12_1
t_13064	6_13_1
t_13065	6_13_1
t_13066	6_13_1
t_13067	6_13_1
t_13068	6_13_1
t_13069	6_13_1
t_13070	6_13_1
t_13071	6_13_1
t_13072	6_13_1
t_13073	6_13_1
t_13074	6_13_1
t_13075	6_13_1
t_13076	6_13_1
t_13077	6_13_1
t_13078	6_13_1
t_13079	6_13_1
t_13080	6_13_1
t_13081	6_13_1
t_13082	6_13_1
t_13083	6_13_1
t_13084	6_13_1
t_13085	6_13_1
t_13086	6_13_1
t_13087	6_13_1
t_13088	6_13_1
t_13089	6_13_1
t_13090	6_13_1
t_13091	6_13_1
t_13092	6_13_1
t_13093	6_13_1
t_13094	6_13_1
t_13095	6_13_1
t_13096	6_13_1
t_13097	6_13_1
t_13098	6_13_1
t_13099	6_13_1
t_13100	6_13_1
t_13101	6_13_1
t_13102	6_13_1
t_13103	6_13_1
t_13104	6_13_1
t_13105	6_13_1
t_13106	6_13_1
t_13107	6_13_1
t_13108	6_13_1
t_13109	6_13_1
t_13110	6_13_1
t_13111	6_13_1
t_13112	6_13_1
t_13113	6_13_1
t_13114	6_13_1
t_13115	6_13_1
t_13116	6_13_1
t_13117	6_13_1
t_13118	6_13_1
t_13119	6_13_1
t_13120	6_13_1
t_13121	6_13_1
t_13122	6_13_1
t_13123	6_13_1
t_13124	6_13_1
t_13125	6_13_1
t_13126	6_13_1
t_13127	6_13_1
t_13128	6_13_1
t_13129	6_13_1
t_13130	6_13_1
t_13131	6_13_1
t_13132	6_13_1
t_13133	6_13_1
t_13134	6_13_1
t_13135	6_13_1
t_13136	6_13_1
t_13137	6_13_1
t_13138	6_13_1
t_13139	6_13_1
t_13140	6_13_1
t_13141	6_13_1
t_13142	6_13_1
t_13143	6_13_1
t_13144	6_13_1
t_13145	6_13_1
t_13146	6_13_1
t_13147	6_13_1
t_13148	6_13_1
t_13149	6_13_1
t_13150	6_13_1
t_13151	6_13_1
t_13152	6_13_1
t_13153	6_13_1
t_13154	6_13_1
t_13155	6_13_1
t_13156	6_13_1
t_13157	6_13_1
t_13158	6_13_1
t_13159	6_13_1
t_13160	6_13_1
t_13161	6_13_1
t_13162	6_13_1
t_13163	6_13_1
t_13164	6_13_1
t_13165	6_13_1
t_13166	6_13_1
t_13167	6_13_1
t_13168	6_13_1
t_13169	6_13_1
t_13170	6_13_1
t_13171	6_13_1
t_13172	6_13_1
t_13173	6_13_1
t_13174	6_13_1
t_13175	6_13_1
t_13176	6_13_1
t_13177	6_13_1
t_13178	6_13_1
t_13179	6_13_1
t_13180	6_13_1
t_13181	6_13_1
t_13182	6_13_1
t_13183	6_13_1
t_13184	6_13_1
t_13185	6_13_1
t_13186	6_13_1
t_13187	6_13_1
t_13188	6_13_1
t_13189	6_13_1
t_13190	6_13_1
t_13191	6_13_1
t_13192	6_13_1
t_13193	6_13_1
t_13194	6_13_1
t_13195	6_13_1
t_13196	6_13_1
t_13197	6_13_1
t_13198	6_13_1
t_13199	6_13_1
t_13200	6_13_1
t_13201	6_13_1
t_13202	6_13_1
t_13203	6_14_1
t_13204	6_14_1
t_13205	6_14_1
t_13206	6_14_1
t_13207	6_14_1
t_13208	6_14_1
t_13209	6_14_1
t_13210	6_14_1
t_13211	6_14_1
t_13212	6_14_1
t_13213	6_14_1
t_13214	6_14_1
t_13215	6_14_1
t_13216	6_14_1
t_13217	6_14_1
t_13218	6_14_1
t_13219	6_14_1
t_13220	6_14_1
t_13221	6_14_1
t_13222	6_14_1
t_13223	6_14_1
t_13224	6_14_1
t_13225	6_14_1
t_13226	6_14_1
t_13227	6_14_1
t_13228	6_14_1
t_13229	6_14_1
t_13230	6_14_1
t_13231	6_14_1
t_13232	6_14_1
t_13233	6_14_1
t_13234	6_14_1
t_13235	6_14_1
t_13236	6_14_1
t_13237	6_14_1
t_13238	6_14_1
t_13239	6_14_1
t_13240	6_14_1
t_13241	6_14_1
t_13242	6_14_1
t_13243	6_14_1
t_13244	6_14_1
t_13245	6_14_1
t_13246	6_14_1
t_13247	6_14_1
t_13248	6_14_1
t_13249	6_14_1
t_13250	6_14_1
t_13251	6_14_1
t_13252	6_14_1
t_13253	6_14_1
t_13254	6_14_1
t_13255	6_14_1
t_13256	6_14_1
t_13257	6_14_1
t_13258	6_14_1
t_13259	6_14_1
t_13260	6_14_1
t_13261	6_14_1
t_13262	6_14_1
t_13263	6_14_1
t_13264	6_14_1
t_13265	6_14_1
t_13266	6_14_1
t_13267	6_14_1
t_13268	6_14_1
t_13269	6_14_1
t_13270	6_14_1
t_13271	6_14_1
t_13272	6_14_1
t_13273	6_14_1
t_13274	6_14_1
t_13275	6_14_1
t_13276	6_14_1
t_13277	6_14_1
t_13278	6_14_1
t_13279	6_14_1
t_13280	6_14_1
t_13281	6_14_1
t_13282	6_14_1
t_13283	6_14_1
t_13284	6_14_1
t_13285	6_14_1
t_13286	6_14_1
t_13287	6_14_1
t_13288	6_14_1
t_13289	6_14_1
t_13290	6_14_1
t_13291	6_14_1
t_13292	6_14_1
t_13293	6_14_1
t_13294	6_14_1
t_13295	6_14_1
t_13296	6_14_1
t_13297	6_14_1
t_13298	6_14_1
t_13299	6_14_1
t_13300	6_14_1
t_13301	6_14_1
t_13302	6_14_1
t_13303	6_14_1
t_13304	6_14_1
t_13305	6_14_1
t_13306	6_14_1
t_13307	6_14_1
t_13308	6_14_1
t_13309	6_14_1
t_13310	6_14_1
t_13311	6_14_1
t_13312	6_14_1
t_13313	6_15_1
t_13314	6_15_1
t_13315	6_15_1
t_13316	6_15_1
t_13317	6_15_1
t_13318	6_15_1
t_13319	6_15_1
t_13320	6_15_1
t_13321	6_15_1
t_13322	6_15_1
t_13323	6_15_1
t_13324	6_15_1
t_13325	6_15_1
t_13326	6_15_1
t_13327	6_15_1
t_13328	6_15_1
t_13329	6_15_1
t_13330	6_15_1
t_13331	6_15_1
t_13332	6_15_1
t_13333	6_15_1
t_13334	6_15_1
t_13335	6_15_1
t_13336	6_15_1
t_13337	6_15_1
t_13338	6_15_1
t_13339	6_15_1
t_13340	6_15_1
t_13341	6_15_1
t_13342	6_15_1
t_13343	6_15_1
t_13344	6_15_1
t_13345	6_15_1
t_13346	6_15_1
t_13347	6_15_1
t_13348	6_15_1
t_13349	6_15_1
t_13350	6_15_1
t_13351	6_15_1
t_13352	6_15_1
t_13353	6_15_1
t_13354	6_15_1
t_13355	6_15_1
t_13356	6_15_1
t_13357	6_15_1
t_13358	6_15_1
t_13359	6_15_1
t_13360	6_15_1
t_13361	6_15_1
t_13362	6_15_1
t_13363	6_15_1
t_13364	6_15_1
t_13365	6_15_1
t_13366	6_15_1
t_13367	6_15_1
t_13368	6_15_1
t_13369	6_15_1
t_13370	6_15_1
t_13371	6_15_1
t_13372	6_15_1
t_13373	6_15_1
t_13374	6_15_1
t_13375	6_15_1
t_13376	6_15_1
t_13377	6_15_1
t_13378	6_15_1
t_13379	6_15_1
t_13380	6_15_1
t_13381	6_15_1
t_13382	6_15_1
t_13383	6_15_1
t_13384	6_15_1
t_13385	6_15_1
t_13386	6_15_1
t_13387	6_15_1
t_13388	6_15_1
t_13389	6_15_1
t_13390	6_15_1
t_13391	6_15_1
t_13392	6_15_1
t_13393	6_15_1
t_13394	6_15_1
t_13395	6_15_1
t_13396	6_15_1
t_13397	6_15_1
t_13398	6_15_1
t_13399	6_15_1
t_13400	6_15_1
t_13401	6_15_1
t_13402	6_15_1
t_13403	6_15_1
t_13404	6_15_1
t_13405	6_15_1
t_13406	6_15_1
t_13407	6_15_1
t_13408	6_15_1
t_13409	6_15_1
t_13410	6_15_1
t_13411	6_15_1
t_13412	6_15_1
t_13413	6_15_1
t_13414	6_15_1
t_13415	6_15_1
t_13416	6_15_1
t_13417	6_15_1
t_13418	6_15_1
t_13419	6_15_1
t_13420	6_15_1
t_13421	6_15_1
t_13422	6_15_1
t_13423	6_15_1
t_13424	6_15_1
t_13425	6_15_1
t_13426	6_15_1
t_13427	6_15_1
t_13428	6_15_1
t_13429	6_15_1
t_13430	6_15_1
t_13431	6_15_1
t_13432	6_15_1
t_13433	6_15_1
t_13434	6_15_1
t_13435	6_15_1
t_13436	6_15_1
t_13437	6_15_1
t_13438	6_15_1
t_13439	6_15_1
t_13440	6_15_1
t_13441	6_15_1
t_13442	6_15_1
t_13443	6_15_1
t_13444	6_15_1
t_13445	6_15_1
t_13446	6_15_1
t_13447	6_16_1
t_13448	6_16_1
t_13449	6_16_1
t_13450	6_16_1
t_13451	6_16_1
t_13452	6_16_1
t_13453	6_16_1
t_13454	6_16_1
t_13455	6_16_1
t_13456	6_16_1
t_13457	6_16_1
t_13458	6_16_1
t_13459	6_16_1
t_13460	6_16_1
t_13461	6_16_1
t_13462	6_16_1
t_13463	6_16_1
t_13464	6_16_1
t_13465	6_16_1
t_13466	6_16_1
t_13467	6_16_1
t_13468	6_16_1
t_13469	6_16_1
t_13470	6_16_1
t_13471	6_16_1
t_13472	6_16_1
t_13473	6_16_1
t_13474	6_16_1
t_13475	6_16_1
t_13476	6_16_1
t_13477	6_16_1
t_13478	6_16_1
t_13479	6_16_1
t_13480	6_16_1
t_13481	6_16_1
t_13482	6_16_1
t_13483	6_16_1
t_13484	6_16_1
t_13485	6_16_1
t_13486	6_16_1
t_13487	6_16_1
t_13488	6_16_1
t_13489	6_16_1
t_13490	6_16_1
t_13491	6_16_1
t_13492	6_16_1
t_13493	6_16_1
t_13494	6_16_1
t_13495	6_16_2
t_13496	6_16_2
t_13497	6_16_2
t_13498	6_16_2
t_13499	6_16_2
t_13500	6_16_2
t_13501	6_16_2
t_13502	6_16_2
t_13503	6_16_2
t_13504	6_16_2
t_13505	6_16_2
t_13506	6_16_2
t_13507	6_16_2
t_13508	6_16_2
t_13509	6_16_2
t_13510	6_16_2
t_13511	6_16_2
t_13512	6_16_2
t_13513	6_16_2
t_13514	6_16_2
t_13515	6_16_2
t_13516	6_16_2
t_13517	6_16_2
t_13518	6_16_2
t_13519	6_16_2
t_13520	6_16_2
t_13521	6_16_2
t_13522	6_16_2
t_13523	6_16_2
t_13524	6_16_2
t_13525	6_16_2
t_13526	6_16_2
t_13527	6_16_2
t_13528	6_16_2
t_13529	6_16_2
t_13530	6_16_2
t_13531	6_16_2
t_13532	6_16_2
t_13533	6_16_2
t_13534	6_16_2
t_13535	6_16_2
t_13536	6_16_2
t_13537	6_16_2
t_13538	6_16_2
t_13539	6_16_2
t_13540	6_16_2
t_13541	6_16_2
t_13542	6_16_2
t_13543	6_16_2
t_13544	6_16_2
t_13545	6_16_2
t_13546	6_16_2
t_13547	6_16_2
t_13548	6_16_2
t_13549	6_16_2
t_13550	6_16_2
t_13551	6_16_2
t_13552	6_16_3
t_13553	6_16_3
t_13554	6_16_3
t_13555	6_16_3
t_13556	6_16_3
t_13557	6_16_3
t_13558	6_16_3
t_13559	6_16_3
t_13560	6_16_3
t_13561	6_16_3
t_13562	6_16_3
t_13563	6_16_3
t_13564	6_16_3
t_13565	6_16_3
t_13566	6_16_3
t_13567	6_16_3
t_13568	6_16_3
t_13569	6_16_3
t_13570	6_16_3
t_13571	6_16_3
t_13572	6_16_3
t_13573	6_16_3
t_13574	6_16_3
t_13575	6_16_3
t_13576	6_16_3
t_13577	6_16_3
t_13578	6_16_3
t_13579	6_16_3
t_13580	6_16_3
t_13581	6_16_3
t_13582	6_16_3
t_13583	6_16_3
t_13584	6_16_3
t_13585	6_16_3
t_13586	6_16_3
t_13587	6_16_3
t_13588	6_16_3
t_13589	6_16_3
t_13590	6_16_3
t_13591	6_16_3
t_13592	6_16_3
t_13593	6_16_3
t_13594	6_16_3
t_13595	6_16_3
t_13596	6_16_3
t_13597	6_16_3
t_13598	6_16_3
t_13599	6_16_3
t_13600	6_16_3
t_13601	6_16_3
t_13602	6_16_3
t_13603	6_16_4
t_13604	6_16_4
t_13605	6_16_4
t_13606	6_16_4
t_13607	6_16_4
t_13608	6_16_4
t_13609	6_16_4
t_13610	6_16_4
t_13611	6_16_4
t_13612	6_16_4
t_13613	6_16_4
t_13614	6_16_4
t_13615	6_16_4
t_13616	6_16_4
t_13617	6_16_4
t_13618	6_16_4
t_13619	6_16_4
t_13620	6_16_4
t_13621	6_16_4
t_13622	6_16_4
t_13623	6_16_4
t_13624	6_16_4
t_13625	6_16_4
t_13626	6_16_4
t_13627	6_16_4
t_13628	6_16_4
t_13629	6_16_4
t_13630	6_16_4
t_13631	6_16_4
t_13632	6_16_4
t_13633	6_16_4
t_13634	6_16_4
t_13635	6_16_4
t_13636	6_16_4
t_13637	6_16_4
t_13638	6_16_4
t_13639	6_16_4
t_13640	6_16_4
t_13641	6_16_4
t_13642	6_16_4
t_13643	6_16_4
t_13644	6_16_4
t_13645	6_16_4
t_13646	6_16_4
t_13647	6_16_4
t_13648	6_16_4
t_13649	6_16_4
t_13650	6_16_4
t_13651	6_16_4
t_13652	6_16_4
t_13653	6_16_4
t_13654	6_16_4
t_13655	6_16_4
t_13656	6_16_4
t_13657	6_16_4
t_13658	6_16_4
t_13659	6_16_4
t_13660	6_16_4
t_13661	6_16_4
t_13662	6_16_4
t_13663	6_16_4
t_13664	6_16_4
t_13665	6_16_4
t_13666	6_16_4
t_13667	6_16_4
t_13668	6_16_4
t_13669	6_16_4
t_13670	6_16_4
t_13671	6_16_4
t_13672	6_16_4
t_13673	6_16_4
t_13674	6_16_4
t_13675	6_16_5
t_13676	6_16_5
t_13677	6_16_5
t_13678	6_16_5
t_13679	6_16_5
t_13680	6_16_5
t_13681	6_16_5
t_13682	6_16_5
t_13683	6_16_5
t_13684	6_16_5
t_13685	6_16_5
t_13686	6_16_5
t_13687	6_16_5
t_13688	6_16_5
t_13689	6_16_5
t_13690	6_16_5
t_13691	6_16_5
t_13692	6_16_5
t_13693	6_16_5
t_13694	6_16_5
t_13695	6_16_5
t_13696	6_16_5
t_13697	6_16_5
t_13698	6_16_5
t_13699	6_16_5
t_13700	6_16_5
t_13701	6_16_5
t_13702	6_16_5
t_13703	6_16_5
t_13704	6_16_5
t_13705	6_16_5
t_13706	6_17_1
t_13707	6_17_1
t_13708	6_17_1
t_13709	6_17_1
t_13710	6_17_1
t_13711	6_17_1
t_13712	6_17_1
t_13713	6_17_1
t_13714	6_17_1
t_13715	6_17_1
t_13716	6_17_1
t_13717	6_17_1
t_13718	6_17_1
t_13719	6_17_1
t_13720	6_17_1
t_13721	6_17_1
t_13722	6_17_1
t_13723	6_17_1
t_13724	6_17_1
t_13725	6_17_1
t_13726	6_17_1
t_13727	6_17_1
t_13728	6_17_1
t_13729	6_17_1
t_13730	6_17_1
t_13731	6_17_1
t_13732	6_17_1
t_13733	6_18_1
t_13734	6_18_1
t_13735	6_18_1
t_13736	6_18_1
t_13737	6_18_1
t_13738	6_18_1
t_13739	6_18_1
t_13740	6_18_1
t_13741	6_18_1
t_13742	6_18_1
t_13743	6_18_1
t_13744	6_18_1
t_13745	6_18_1
t_13746	6_18_1
t_13747	6_18_1
t_13748	6_18_1
t_13749	6_18_1
t_13750	6_18_1
t_13751	6_18_1
t_13752	6_18_1
t_13753	6_18_1
t_13754	6_18_1
t_13755	6_18_1
t_13756	6_18_1
t_13757	6_18_1
t_13758	6_18_1
t_13759	6_18_1
t_13760	6_18_1
t_13761	6_18_1
t_13762	6_18_1
t_13763	6_18_1
t_13764	6_18_1
t_13765	6_18_1
t_13766	6_18_1
t_13767	6_18_1
t_13768	6_18_1
t_13769	6_18_1
t_13770	6_18_1
t_13771	6_18_1
t_13772	6_18_1
t_13773	6_18_1
t_13774	6_18_1
t_13775	6_18_1
t_13776	6_18_1
t_13777	6_18_1
t_13778	6_18_1
t_13779	6_18_1
t_13780	6_18_1
t_13781	6_18_1
t_13782	6_18_1
t_13783	6_18_1
t_13784	6_18_1
t_13785	6_18_1
t_13786	6_18_1
t_13787	6_18_1
t_13788	6_18_1
t_13789	6_18_1
t_13790	6_18_1
t_13791	6_18_1
t_13792	6_19_1
t_13793	6_19_1
t_13794	6_19_1
t_13795	6_19_1
t_13796	6_19_1
t_13797	6_19_1
t_13798	6_19_1
t_13799	6_19_1
t_13800	6_19_1
t_13801	6_19_1
t_13802	6_19_1
t_13803	6_19_1
t_13804	6_19_1
t_13805	6_19_1
t_13806	6_19_1
t_13807	6_19_1
t_13808	6_19_1
t_13809	6_19_1
t_13810	6_19_1
t_13811	6_19_1
t_13812	6_19_1
t_13813	6_19_1
t_13814	6_19_1
t_13815	6_19_1
t_13816	6_19_1
t_13817	6_19_1
t_13818	6_19_1
t_13819	6_20_1
t_13820	6_20_1
t_13821	6_20_1
t_13822	6_20_1
t_13823	6_20_1
t_13824	6_20_1
t_13825	6_20_1
t_13826	6_20_1
t_13827	6_20_1
t_13828	6_20_1
t_13829	6_20_1
t_13830	6_20_1
t_13831	6_20_1
t_13832	6_20_1
t_13833	6_20_1
t_13834	6_20_1
t_13835	6_20_1
t_13836	6_20_1
t_13837	6_20_1
t_13838	6_20_1
t_13839	6_20_1
t_13840	6_20_1
t_13841	6_20_1
t_13842	6_20_1
t_13843	6_20_1
t_13844	6_20_1
t_13845	6_20_1
t_13846	6_20_1
t_13847	6_20_1
t_13848	6_20_1
t_13849	6_20_1
t_13850	6_20_1
t_13851	6_20_1
t_13852	6_20_1
t_13853	6_20_1
t_13854	6_20_1
t_13855	6_20_1
t_13856	6_20_1
t_13857	6_20_1
t_13858	6_20_1
t_13859	6_20_1
t_13860	6_20_1
t_13861	6_20_1
t_13862	6_20_1
t_13863	6_20_1
t_13864	6_20_1
t_13865	6_20_1
t_13866	6_20_1
t_13867	6_20_1
t_13868	6_20_1
t_13869	6_20_1
t_13870	6_20_1
t_13871	6_20_1
t_13872	6_20_1
t_13873	6_20_1
t_13874	6_20_1
t_13875	6_20_1
t_13876	6_20_1
t_13877	6_20_1
t_13878	6_20_1
t_13879	6_20_1
t_13880	6_20_1
t_13881	6_20_1
t_13882	6_20_1
t_13883	6_20_1
t_13884	6_20_1
t_13885	6_20_1
t_13886	6_20_1
t_13887	6_20_1
t_13888	6_20_1
t_13889	6_20_1
t_13890	6_20_1
t_13891	6_20_1
t_13892	6_20_1
t_13893	6_20_1
t_13894	6_20_1
t_13895	6_21_1
t_13896	6_21_1
t_13897	6_21_1
t_13898	6_21_1
t_13899	6_21_1
t_13900	6_21_1
t_13901	6_21_1
t_13902	6_21_1
t_13903	6_21_1
t_13904	6_21_1
t_13905	6_21_1
t_13906	6_21_1
t_13907	6_21_1
t_13908	6_21_1
t_13909	6_21_1
t_13910	6_21_1
t_13911	6_21_1
t_13912	6_21_1
t_13913	6_21_1
t_13914	6_21_1
t_13915	6_21_1
t_13916	6_21_1
t_13917	6_21_1
t_13918	6_21_1
t_13919	6_21_1
t_13920	6_21_1
t_13921	6_21_1
t_13922	6_21_1
t_13923	6_21_1
t_13924	6_21_1
t_13925	6_21_1
t_13926	6_21_1
t_13927	6_21_1
t_13928	6_21_1
t_13929	6_21_1
t_13930	6_21_1
t_13931	6_21_1
t_13932	6_21_1
t_13933	6_21_1
t_13934	6_21_1
t_13935	6_21_1
t_13936	6_21_1
t_13937	6_22_1
t_13938	6_22_1
t_13939	6_22_1
t_13940	6_22_1
t_13941	6_22_1
t_13942	6_22_1
t_13943	6_22_1
t_13944	6_22_1
t_13945	6_22_1
t_13946	6_22_1
t_13947	6_22_1
t_13948	6_22_1
t_13949	6_22_1
t_13950	6_22_1
t_13951	6_22_1
t_13952	6_22_1
t_13953	6_22_1
t_13954	6_22_1
t_13955	6_22_1
t_13956	6_22_1
t_13957	6_22_1
t_13958	6_22_1
t_13959	6_22_1
t_13960	6_22_1
t_13961	6_23_1
t_13962	6_23_1
t_13963	6_23_1
t_13964	6_23_1
t_13965	6_23_1
t_13966	6_23_1
t_13967	6_23_1
t_13968	6_23_1
t_13969	6_23_1
t_13970	6_23_1
t_13971	6_23_1
t_13972	6_23_1
t_13973	6_23_1
t_13974	6_23_1
t_13975	6_23_1
t_13976	6_23_1
t_13977	6_23_1
t_13978	6_23_1
t_13979	6_23_1
t_13980	6_23_1
t_13981	6_23_1
t_13982	6_23_1
t_13983	6_23_1
t_13984	6_23_1
t_13985	6_23_1
t_13986	6_23_1
t_13987	6_23_1
t_13988	6_23_1
t_13989	6_23_1
t_13990	6_23_1
t_13991	6_23_1
t_13992	6_23_1
t_13993	6_23_1
t_13994	6_23_1
t_13995	6_23_1
t_13996	6_23_1
t_13997	6_23_1
t_13998	6_23_1
t_13999	6_23_1
t_14000	6_23_1
t_14001	6_23_1
t_14002	6_23_1
t_14003	6_23_1
t_14004	6_23_1
t_14005	6_23_1
t_14006	6_23_1
t_14007	6_23_1
t_14008	6_23_1
t_14009	6_23_1
t_14010	6_23_1
t_14011	6_23_1
t_14012	6_23_1
t_14013	6_23_1
t_14014	6_23_1
t_14015	6_23_1
t_14016	6_23_1
t_14017	6_24_1
t_14018	6_24_1
t_14019	6_24_1
t_14020	6_24_1
t_14021	6_24_1
t_14022	6_24_1
t_14023	6_24_1
t_14024	6_24_1
t_14025	6_24_1
t_14026	6_24_1
t_14027	6_24_1
t_14028	6_24_1
t_14029	6_24_1
t_14030	6_24_1
t_14031	6_24_1
t_14032	6_24_1
t_14033	6_24_1
t_14034	6_24_1
t_14035	6_24_1
t_14036	6_24_1
t_14037	6_24_1
t_14038	6_24_1
t_14039	6_24_1
t_14040	6_24_1
t_14041	6_24_1
t_14042	6_24_1
t_14043	6_24_1
t_14044	6_24_1
t_14045	6_24_1
t_14046	6_24_1
t_14047	6_25_1
t_14048	6_25_1
t_14049	6_25_1
t_14050	6_25_1
t_14051	6_25_1
t_14052	6_25_1
t_14053	6_25_1
t_14054	6_25_1
t_14055	6_25_1
t_14056	6_25_1
t_14057	6_25_1
t_14058	6_25_1
t_14059	6_25_1
t_14060	6_25_1
t_14061	6_25_1
t_14062	6_25_1
t_14063	6_25_1
t_14064	6_25_1
t_14065	6_25_1
t_14066	6_25_1
t_14067	6_25_1
t_14068	6_25_1
t_14069	6_25_1
t_14070	6_25_1
t_14071	6_25_1
t_14072	6_25_1
t_14073	6_25_1
t_14074	6_25_1
t_14075	6_25_1
t_14076	6_25_1
t_14077	6_25_1
t_14078	6_25_1
t_14079	6_25_1
t_14080	6_25_1
t_14081	6_25_1
t_14082	6_25_1
t_14083	6_25_1
t_14084	6_25_1
t_14085	6_25_1
t_14086	6_25_1
t_14087	6_25_1
t_14088	6_25_1
t_14089	6_25_1
t_14090	6_25_1
t_14091	6_25_1
t_14092	6_26_1
t_14093	6_26_1
t_14094	6_26_1
t_14095	6_26_1
t_14096	6_26_1
t_14097	6_26_1
t_14098	6_26_1
t_14099	6_26_1
t_14100	6_26_1
t_14101	6_26_1
t_14102	6_26_1
t_14103	6_26_1
t_14104	6_26_1
t_14105	6_26_1
t_14106	6_26_1
t_14107	6_26_1
t_14108	6_26_1
t_14109	6_26_1
t_14110	6_26_1
t_14111	6_26_1
t_14112	6_26_1
t_14113	6_26_1
t_14114	6_26_1
t_14115	6_26_1
t_14116	6_26_1
t_14117	6_26_1
t_14118	6_26_1
t_14119	6_26_1
t_14120	6_26_1
t_14121	6_26_1
t_14122	6_26_1
t_14123	6_26_1
t_14124	6_26_1
t_14125	6_26_1
t_14126	6_26_1
t_14127	6_26_1
t_14128	6_26_1
t_14129	6_26_1
t_14130	6_26_1
t_14131	6_26_1
t_14132	6_26_1
t_14133	6_26_1
t_14134	6_26_1
t_14135	6_26_1
t_14136	6_26_1
t_14137	6_26_1
t_14138	6_26_1
t_14139	6_26_1
t_14140	6_26_1
t_14141	6_26_1
t_14142	6_26_1
t_14143	6_26_1
t_14144	6_26_1
t_14145	6_26_1
t_14146	6_26_1
t_14147	6_26_1
t_14148	6_26_1
t_14149	6_26_1
t_14150	6_26_1
t_14151	6_26_1
t_14152	6_26_1
t_14153	6_26_1
t_14154	6_26_1
t_14155	6_27_1
t_14156	6_27_1
t_14157	6_27_1
t_14158	6_27_1
t_14159	6_27_1
t_14160	6_27_1
t_14161	6_27_1
t_14162	6_27_1
t_14163	6_27_1
t_14164	6_27_1
t_14165	6_27_1
t_14166	6_27_1
t_14167	6_27_1
t_14168	6_27_1
t_14169	6_27_1
t_14170	6_27_1
t_14171	6_27_1
t_14172	6_27_1
t_14173	6_27_1
t_14174	6_27_1
t_14175	6_27_1
t_14176	6_27_1
t_14177	6_27_1
t_14178	6_27_1
t_14179	6_27_1
t_14180	6_27_1
t_14181	6_27_1
t_14182	6_27_1
t_14183	6_27_1
t_14184	6_27_1
t_14185	6_27_1
t_14186	6_27_1
t_14187	6_27_1
t_14188	6_27_1
t_14189	6_27_1
t_14190	6_27_1
t_14191	6_27_1
t_14192	6_27_1
t_14193	6_27_1
t_14194	6_27_1
t_14195	6_27_1
t_14196	6_27_1
t_14197	6_27_1
t_14198	6_27_1
t_14199	6_27_1
t_14200	6_27_1
t_14201	6_27_1
t_14202	6_27_1
t_14203	6_27_1
t_14204	6_27_1
t_14205	6_27_1
t_14206	6_27_1
t_14207	6_27_1
t_14208	6_27_1
t_14209	6_27_1
t_14210	6_27_1
t_14211	6_28_1
t_14212	6_28_1
t_14213	6_28_1
t_14214	6_28_1
t_14215	6_28_1
t_14216	6_28_1
t_14217	6_28_1
t_14218	6_28_1
t_14219	6_28_1
t_14220	6_28_1
t_14221	6_28_1
t_14222	6_28_1
t_14223	6_28_1
t_14224	6_28_1
t_14225	6_28_1
t_14226	6_28_1
t_14227	6_28_1
t_14228	6_29_1
t_14229	6_29_1
t_14230	6_29_1
t_14231	6_29_1
t_14232	6_29_1
t_14233	6_29_1
t_14234	6_29_1
t_14235	6_29_1
t_14236	6_29_1
t_14237	6_29_1
t_14238	6_29_1
t_14239	6_29_1
t_14240	6_29_1
t_14241	6_29_1
t_14242	6_29_1
t_14243	6_29_1
t_14244	6_29_1
t_14245	6_29_1
t_14246	6_30_1
t_14247	6_30_1
t_14248	6_30_1
t_14249	6_30_1
t_14250	6_30_1
t_14251	6_30_1
t_14252	6_30_1
t_14253	6_30_1
t_14254	6_30_1
t_14255	6_30_1
t_14256	6_30_1
t_14257	6_30_1
t_14258	6_30_1
t_14259	6_30_1
t_14260	6_30_1
t_14261	6_30_1
t_14262	6_30_1
t_14263	6_30_1
t_14264	6_30_1
t_14265	6_30_1
t_14266	6_30_1
t_14267	6_30_1
t_14268	6_30_1
t_14269	6_30_1
t_14270	6_30_1
t_14271	6_30_1
t_14272	6_30_1
t_14273	6_30_1
t_14274	6_30_1
t_14275	6_30_1
t_14276	6_30_1
t_14277	6_30_1
t_14278	6_30_1
t_14279	6_30_1
t_14280	6_30_1
t_14281	6_30_1
t_14282	6_30_1
t_14283	6_30_1
t_14284	6_30_1
t_14285	6_30_1
t_14286	6_30_1
t_14287	6_30_1
t_14288	6_30_1
t_14289	6_30_1
t_14290	6_30_1
t_14291	6_30_1
t_14292	6_30_1
t_14293	6_30_1
t_14294	6_30_1
t_14295	6_30_1
t_14296	6_30_1
t_14297	6_30_1
t_14298	6_30_1
t_14299	6_30_1
t_14300	6_30_1
t_14301	6_30_1
t_14302	6_30_1
t_14303	6_30_1
t_14304	6_30_1
t_14305	6_30_1
t_14306	6_30_1
t_14307	6_30_1
t_14308	6_30_1
t_14309	6_30_1
t_14310	6_30_1
t_14311	6_30_1
t_14312	6_30_1
t_14313	6_30_1
t_14314	6_30_1
t_14315	6_30_1
t_14316	6_30_1
t_14317	6_30_1
t_14318	6_30_1
t_14319	6_30_2
t_14320	6_30_2
t_14321	6_30_2
t_14322	6_30_2
t_14323	6_30_2
t_14324	6_30_2
t_14325	6_30_2
t_14326	6_30_2
t_14327	6_30_2
t_14328	6_30_2
t_14329	6_30_2
t_14330	6_30_2
t_14331	6_30_2
t_14332	6_30_2
t_14333	6_30_2
t_14334	6_30_2
t_14335	6_30_2
t_14336	6_30_2
t_14337	6_30_2
t_14338	6_30_2
t_14339	6_30_2
t_14340	6_30_2
t_14341	6_30_2
t_14342	6_30_2
t_14343	6_30_2
t_14344	6_30_2
t_14345	6_30_2
t_14346	6_30_2
t_14347	6_30_2
t_14348	6_30_2
t_14349	6_30_2
t_14350	6_30_2
t_14351	6_30_2
t_14352	6_30_2
t_14353	6_30_2
t_14354	6_30_2
t_14355	6_30_2
t_14356	6_30_2
t_14357	6_30_2
t_14358	6_30_2
t_14359	6_30_3
t_14360	6_30_3
t_14361	6_30_3
t_14362	6_30_3
t_14363	6_30_3
t_14364	6_30_3
t_14365	6_30_3
t_14366	6_30_3
t_14367	6_30_3
t_14368	6_30_3
t_14369	6_30_3
t_14370	6_30_3
t_14371	6_30_3
t_14372	6_30_3
t_14373	6_30_3
t_14374	6_30_3
t_14375	6_30_3
t_14376	6_30_3
t_14377	6_30_3
t_14378	6_30_3
t_14379	6_30_3
t_14380	6_30_3
t_14381	6_30_3
t_14382	6_30_3
t_14383	6_30_3
t_14384	6_30_3
t_14385	6_30_3
t_14386	6_30_3
t_14387	6_30_3
t_14388	6_30_3
t_14389	6_30_3
t_14390	6_30_3
t_14391	6_30_3
t_14392	6_30_3
t_14393	6_30_3
t_14394	6_30_3
t_14395	6_30_3
t_14396	6_30_3
t_14397	6_30_3
t_14398	6_30_3
t_14399	6_30_3
t_14400	6_30_3
t_14401	6_30_3
t_14402	6_30_3
t_14403	6_30_3
t_14404	6_30_3
t_14405	6_30_3
t_14406	6_30_3
t_14407	6_30_3
t_14408	6_30_3
t_14409	6_30_3
t_14410	6_30_3
t_14411	6_30_3
t_14412	6_30_3
t_14413	6_30_3
t_14414	6_30_3
t_14415	6_30_3
t_14416	6_30_3
t_14417	6_30_3
t_14418	6_30_3
t_14419	6_30_3
t_14420	6_30_3
t_14421	6_30_3
t_14422	6_30_3
t_14423	6_30_3
t_14424	6_30_3
t_14425	6_30_3
t_14426	6_30_3
t_14427	6_30_3
t_14428	6_30_3
t_14429	6_30_3
t_14430	6_30_3
t_14431	6_30_3
t_14432	6_30_3
t_14433	6_30_3
t_14434	6_30_3
t_14435	6_30_3
t_14436	6_30_4
t_14437	6_30_4
t_14438	6_30_4
t_14439	6_30_4
t_14440	6_30_4
t_14441	6_30_4
t_14442	6_30_4
t_14443	6_30_4
t_14444	6_30_4
t_14445	6_30_4
t_14446	6_30_4
t_14447	6_30_4
t_14448	6_30_4
t_14449	6_30_4
t_14450	6_30_4
t_14451	6_30_4
t_14452	6_30_4
t_14453	6_30_4
t_14454	6_30_4
t_14455	6_30_4
t_14456	6_30_4
t_14457	6_30_4
t_14458	6_30_4
t_14459	6_30_4
t_14460	6_30_4
t_14461	6_30_4
t_14462	6_30_4
t_14463	6_30_4
t_14464	6_30_4
t_14465	6_30_4
t_14466	6_30_4
t_14467	6_30_4
t_14468	6_30_4
t_14469	6_30_4
t_14470	6_30_4
t_14471	6_30_4
t_14472	6_30_4
t_14473	6_30_4
t_14474	6_30_4
t_14475	6_30_4
t_14476	6_30_4
t_14477	6_30_4
t_14478	6_30_4
t_14479	6_30_4
t_14480	6_30_4
t_14481	6_30_4
t_14482	6_30_4
t_14483	6_30_4
t_14484	6_30_4
t_14485	6_30_4
t_14486	6_30_4
t_14487	6_30_4
t_14488	6_30_4
t_14489	6_30_4
t_14490	6_30_4
t_14491	6_30_4
t_14492	6_30_4
t_14493	6_30_4
t_14494	6_30_4
t_14495	6_30_4
t_14496	6_30_4
t_14497	6_30_4
t_14498	6_30_4
t_14499	6_30_4
t_14500	6_30_4
t_14501	6_30_4
t_14502	6_30_4
t_14503	6_30_4
t_14504	6_30_4
t_14505	6_30_4
t_14506	6_30_4
t_14507	6_30_4
t_14508	6_30_4
t_14509	6_30_4
t_14510	6_30_4
t_14511	6_31_1
t_14512	6_31_1
t_14513	6_31_1
t_14514	6_31_1
t_14515	6_31_1
t_14516	6_31_1
t_14517	6_31_1
t_14518	6_31_1
t_14519	6_31_1
t_14520	6_31_1
t_14521	6_31_1
t_14522	6_31_1
t_14523	6_31_1
t_14524	6_31_1
t_14525	6_31_1
t_14526	6_31_1
t_14527	6_31_1
t_14528	6_31_1
t_14529	6_31_1
t_14530	6_31_1
t_14531	6_31_1
t_14532	6_31_1
t_14533	6_31_1
t_14534	6_32_1
t_14535	6_32_1
t_14536	6_32_1
t_14537	6_32_1
t_14538	6_32_1
t_14539	6_32_1
t_14540	6_32_1
t_14541	6_32_1
t_14542	6_32_1
t_14543	6_32_1
t_14544	6_32_1
t_14545	6_32_1
t_14546	6_32_1
t_14547	6_32_1
t_14548	6_32_1
t_14549	6_32_1
t_14550	6_32_1
t_14551	6_32_1
t_14552	6_32_1
t_14553	6_32_1
t_14554	6_32_1
t_14555	6_32_1
t_14556	6_32_1
t_14557	6_32_1
t_14558	6_32_1
t_14559	6_32_1
t_14560	6_32_1
t_14561	6_32_1
t_14562	6_32_1
t_14563	6_32_1
t_14564	6_32_1
t_14565	6_32_1
t_14566	6_32_1
t_14567	6_32_1
t_14568	6_32_1
t_14569	6_32_1
t_14570	6_32_1
t_14571	6_32_1
t_14572	6_32_1
t_14573	6_32_1
t_14574	6_32_1
t_14575	6_32_1
t_14576	6_32_1
t_14577	6_32_1
t_14578	6_32_1
t_14579	6_32_1
t_14580	6_32_1
t_14581	6_32_1
t_14582	6_32_1
t_14583	6_32_1
t_14584	6_32_1
t_14585	6_32_1
t_14586	6_32_1
t_14587	6_32_1
t_14588	6_32_1
t_14589	6_32_1
t_14590	6_32_1
t_14591	6_32_1
t_14592	6_32_1
t_14593	6_32_1
t_14594	6_32_1
t_14595	6_32_1
t_14596	6_32_1
t_14597	6_33_1
t_14598	6_33_1
t_14599	6_33_1
t_14600	6_33_1
t_14601	6_33_1
t_14602	6_33_1
t_14603	6_33_1
t_14604	6_33_1
t_14605	6_33_1
t_14606	6_33_1
t_14607	6_33_1
t_14608	6_33_1
t_14609	6_33_1
t_14610	6_33_1
t_14611	6_33_1
t_14612	6_33_1
t_14613	6_33_1
t_14614	6_33_1
t_14615	6_33_1
t_14616	6_33_1
t_14617	6_33_1
t_14618	6_33_1
t_14619	6_33_1
t_14620	6_33_1
t_14621	6_33_1
t_14622	6_33_1
t_14623	6_33_1
t_14624	6_33_1
t_14625	6_33_1
t_14626	6_33_1
t_14627	6_33_1
t_14628	6_33_1
t_14629	6_33_1
t_14630	6_33_1
t_14631	6_33_1
t_14632	6_33_1
t_14633	6_33_1
t_14634	6_33_1
t_14635	6_33_1
t_14636	6_33_1
t_14637	6_33_1
t_14638	6_33_1
t_14639	6_33_1
t_14640	6_33_1
t_14641	6_33_1
t_14642	6_33_1
t_14643	6_33_1
t_14644	6_33_1
t_14645	6_33_1
t_14646	6_33_1
t_14647	6_33_1
t_14648	6_33_1
t_14649	6_33_1
t_14650	6_33_1
t_14651	6_33_1
t_14652	6_33_1
t_14653	6_33_1
t_14654	6_33_1
t_14655	6_33_1
t_14656	6_33_1
t_14657	6_33_1
t_14658	6_33_1
t_14659	6_34_1
t_14660	6_34_1
t_14661	6_34_1
t_14662	6_34_1
t_14663	6_34_1
t_14664	6_34_1
t_14665	6_34_1
t_14666	6_34_1
t_14667	6_34_1
t_14668	6_34_1
t_14669	6_34_1
t_14670	6_35_1
t_14671	6_35_1
t_14672	6_35_1
t_14673	6_35_1
t_14674	6_35_1
t_14675	6_35_1
t_14676	6_35_1
t_14677	6_35_1
t_14678	6_35_1
t_14679	6_35_1
t_14680	6_35_1
t_14681	6_35_1
t_14682	6_35_1
t_14683	6_35_1
t_14684	6_35_1
t_14685	6_35_1
t_14686	6_35_1
t_14687	6_35_1
t_14688	6_35_1
t_14689	6_35_1
t_14690	6_35_1
t_14691	6_35_1
t_14692	6_35_1
t_14693	6_35_1
t_14694	6_35_1
t_14695	6_35_1
t_14696	6_35_1
t_14697	6_35_1
t_14698	6_35_1
t_14699	6_35_1
t_14700	6_35_1
t_14701	6_35_1
t_14702	6_35_1
t_14703	6_35_1
t_14704	6_35_1
t_14705	6_35_1
t_14706	6_35_1
t_14707	6_35_1
t_14708	6_35_1
t_14709	6_35_1
t_14710	6_35_1
t_14711	6_35_1
t_14712	6_35_1
t_14713	6_35_1
t_14714	6_35_1
t_14715	6_35_1
t_14716	6_35_1
t_14717	6_35_1
t_14718	6_35_1
t_14719	6_35_1
t_14720	6_35_1
t_14721	6_35_1
t_14722	6_35_1
t_14723	6_35_1
t_14724	6_35_1
t_14725	6_35_1
t_14726	6_35_1
t_14727	6_36_1
t_14728	6_36_1
t_14729	6_36_1
t_14730	6_36_1
t_14731	6_36_1
t_14732	6_36_1
t_14733	6_36_1
t_14734	6_36_1
t_14735	6_36_1
t_14736	6_36_1
t_14737	6_36_1
t_14738	6_36_1
t_14739	6_36_1
t_14740	6_36_1
t_14741	6_36_1
t_14742	6_36_1
t_14743	6_36_1
t_14744	6_36_1
t_14745	6_36_1
t_14746	6_36_1
t_14747	6_36_1
t_14748	6_36_1
t_14749	6_36_1
t_14750	6_36_1
t_14751	6_36_1
t_14752	6_36_1
t_14753	6_36_1
t_14754	6_36_1
t_14755	6_36_1
t_14756	6_36_1
t_14757	6_36_1
t_14758	6_36_1
t_14759	6_36_1
t_14760	6_36_1
t_14761	6_36_1
t_14762	6_36_1
t_14763	6_36_1
t_14764	6_36_1
t_14765	6_36_1
t_14766	6_36_1
t_14767	6_36_1
t_14768	6_36_1
t_14769	6_36_1
t_14770	6_36_1
t_14771	6_36_1
t_14772	6_36_1
t_14773	6_36_1
t_14774	6_36_1
t_14775	6_36_1
t_14776	6_36_1
t_14777	6_36_1
t_14778	6_36_1
t_14779	6_36_1
t_14780	6_36_1
t_14781	6_36_1
t_14782	6_36_1
t_14783	6_36_1
t_14784	6_36_1
t_14785	6_36_1
t_14786	6_36_1
t_14787	6_36_1
t_14788	6_36_1
t_14789	6_36_1
t_14790	6_36_1
t_14791	6_36_1
t_14792	6_36_1
t_14793	6_36_1
t_14794	6_36_1
t_14795	6_36_1
t_14796	6_36_1
t_14797	6_36_1
t_14798	6_36_1
t_14799	6_36_1
t_14800	6_36_1
t_14801	6_36_1
t_14802	6_36_1
t_14803	6_36_1
t_14804	6_36_1
t_14805	6_36_1
t_14806	6_36_1
t_14807	6_36_1
t_14808	6_36_1
t_14809	6_36_1
t_14810	6_36_1
t_14811	6_36_1
t_14812	6_36_1
t_14813	6_36_1
t_14814	6_36_1
t_14815	6_36_1
t_14816	6_36_1
t_14817	6_37_1
t_14818	6_37_1
t_14819	6_37_1
t_14820	6_37_1
t_14821	6_37_1
t_14822	6_37_1
t_14823	6_37_1
t_14824	6_37_1
t_14825	6_37_1
t_14826	6_37_1
t_14827	6_37_1
t_14828	6_37_1
t_14829	6_37_1
t_14830	6_37_1
t_14831	6_37_1
t_14832	6_37_1
t_14833	6_37_1
t_14834	6_37_1
t_14835	6_37_1
t_14836	6_37_1
t_14837	6_37_1
t_14838	6_37_1
t_14839	6_37_1
t_14840	6_37_1
t_14841	6_37_1
t_14842	6_38_1
t_14843	6_38_1
t_14844	6_38_1
t_14845	6_38_1
t_14846	6_38_1
t_14847	6_38_1
t_14848	6_38_1
t_14849	6_38_1
t_14850	6_38_1
t_14851	6_38_1
t_14852	6_38_1
t_14853	6_38_1
t_14854	6_38_1
t_14855	6_38_1
t_14856	6_38_1
t_14857	6_38_1
t_14858	6_38_1
t_14859	6_38_1
t_14860	6_38_1
t_14861	6_38_1
t_14862	6_38_1
t_14863	6_38_1
t_14864	6_38_1
t_14865	6_38_1
t_14866	6_38_1
t_14867	6_38_1
t_14868	6_38_1
t_14869	6_38_1
t_14870	6_38_1
t_14871	6_38_1
t_14872	6_38_1
t_14873	6_38_1
t_14874	6_38_1
t_14875	6_38_1
t_14876	6_38_1
t_14877	6_38_1
t_14878	6_38_1
t_14879	6_38_1
t_14880	6_38_1
t_14881	6_38_1
t_14882	6_38_1
t_14883	6_38_1
t_14884	6_38_1
t_14885	6_38_1
t_14886	6_38_1
t_14887	6_38_1
t_14888	6_39_1
t_14889	6_39_1
t_14890	6_39_1
t_14891	6_39_1
t_14892	6_39_1
t_14893	6_39_1
t_14894	6_39_1
t_14895	6_39_1
t_14896	6_39_1
t_14897	6_39_1
t_14898	6_39_1
t_14899	6_39_1
t_14900	6_39_1
t_14901	6_39_1
t_14902	6_39_1
t_14903	6_39_1
t_14904	6_39_1
t_14905	6_39_1
t_14906	6_40_1
t_14907	6_40_1
t_14908	6_40_1
t_14909	6_40_1
t_14910	6_40_1
t_14911	6_40_1
t_14912	6_40_1
t_14913	6_40_1
t_14914	6_40_1
t_14915	6_40_1
t_14916	6_40_1
t_14917	6_40_1
t_14918	6_40_1
t_14919	6_40_1
t_14920	6_40_1
t_14921	6_40_1
t_14922	6_40_1
t_14923	6_40_1
t_14924	6_40_1
t_14925	6_40_1
t_14926	6_40_1
t_14927	6_40_1
t_14928	6_40_1
t_14929	6_40_1
t_14930	6_40_1
t_14931	6_40_1
t_14932	6_40_1
t_14933	6_40_1
t_14934	6_40_1
t_14935	6_40_1
t_14936	6_40_1
t_14937	6_40_1
t_14938	6_40_1
t_14939	6_40_1
t_14940	6_40_1
t_14941	6_40_1
t_14942	6_40_1
t_14943	6_40_1
t_14944	6_40_1
t_14945	6_40_1
t_14946	6_40_1
t_14947	6_40_1
t_14948	6_40_1
t_14949	6_40_1
t_14950	6_40_1
t_14951	6_40_1
t_14952	6_40_1
t_14953	6_40_1
t_14954	6_40_1
t_14955	6_40_1
t_14956	6_40_1
t_14957	6_40_1
t_14958	6_40_1
t_14959	6_40_1
t_14960	6_40_1
t_14961	6_40_1
t_14962	6_40_1
t_14963	6_40_1
t_14964	6_40_1
t_14965	6_40_1
t_14966	6_40_1
t_14967	6_40_1
t_14968	6_40_1
t_14969	6_40_1
t_14970	6_40_1
t_14971	6_40_1
t_14972	6_40_1
t_14973	6_40_1
t_14974	6_40_1
t_14975	6_40_1
t_14976	6_41_1
t_14977	6_41_1
t_14978	6_41_1
t_14979	6_41_1
t_14980	6_41_1
t_14981	6_41_1
t_14982	6_41_1
t_14983	6_41_1
t_14984	6_41_1
t_14985	6_41_1
t_14986	6_41_1
t_14987	6_41_1
t_14988	6_41_1
t_14989	6_41_1
t_14990	6_41_1
t_14991	6_41_1
t_14992	6_41_1
t_14993	6_41_1
t_14994	6_41_1
t_14995	6_41_1
t_14996	6_41_1
t_14997	6_41_1
t_14998	6_41_1
t_14999	6_41_1
t_15000	6_41_1
t_15001	6_41_1
t_15002	6_41_1
t_15003	6_41_1
t_15004	6_41_1
t_15005	6_41_1
t_15006	6_41_1
t_15007	6_41_1
t_15008	6_41_1
t_15009	6_41_1
t_15010	6_41_1
t_15011	6_41_1
t_15012	6_41_1
t_15013	6_41_1
t_15014	6_41_1
t_15015	6_41_1
t_15016	6_41_1
t_15017	6_41_1
t_15018	6_41_1
t_15019	6_41_1
t_15020	6_41_1
t_15021	6_41_1
t_15022	6_41_1
t_15023	6_41_1
t_15024	6_41_1
t_15025	6_41_1
t_15026	6_41_1
t_15027	6_41_1
t_15028	6_41_1
t_15029	6_41_1
t_15030	6_41_1
t_15031	6_41_1
t_15032	6_41_1
t_15033	6_41_1
t_15034	6_41_1
t_15035	6_41_1
t_15036	6_41_1
t_15037	6_41_1
t_15038	6_41_1
t_15039	6_41_1
t_15040	6_41_1
t_15041	6_41_1
t_15042	6_41_1
t_15043	6_41_1
t_15044	6_41_1
t_15045	6_41_1
t_15046	6_41_1
t_15047	6_41_1
t_15048	6_41_1
t_15049	6_41_1
t_15050	6_41_1
t_15051	6_41_1
t_15052	6_41_1
t_15053	6_41_1
t_15054	6_41_1
t_15055	6_42_1
t_15056	6_42_1
t_15057	6_42_1
t_15058	6_42_1
t_15059	6_42_1
t_15060	6_42_1
t_15061	6_42_1
t_15062	6_42_1
t_15063	6_42_1
t_15064	6_42_1
t_15065	6_42_1
t_15066	6_42_1
t_15067	6_42_1
t_15068	6_42_1
t_15069	6_42_1
t_15070	6_42_1
t_15071	6_42_1
t_15072	6_42_1
t_15073	6_42_1
t_15074	6_42_1
t_15075	6_42_1
t_15076	6_42_1
t_15077	6_42_1
t_15078	6_42_1
t_15079	6_42_1
t_15080	6_42_1
t_15081	6_42_1
t_15082	6_42_1
t_15083	6_42_1
t_15084	6_42_1
t_15085	6_42_1
t_15086	6_42_1
t_15087	6_42_1
t_15088	6_42_1
t_15089	6_42_1
t_15090	6_42_1
t_15091	6_42_1
t_15092	6_42_1
t_15093	6_42_1
t_15094	6_42_1
t_15095	6_42_1
t_15096	6_42_1
t_15097	6_42_1
t_15098	6_42_1
t_15099	6_42_1
t_15100	6_42_1
t_15101	6_42_1
t_15102	6_42_1
t_15103	6_42_1
t_15104	6_42_1
t_15105	6_42_1
t_15106	6_42_1
t_15107	6_42_1
t_15108	6_42_1
t_15109	6_42_1
t_15110	6_42_1
t_15111	6_42_1
t_15112	6_42_1
t_15113	6_42_1
t_15114	6_42_1
t_15115	6_42_1
t_15116	6_42_1
t_15117	6_42_1
t_15118	6_42_1
t_15119	6_42_1
t_15120	6_42_1
t_15121	6_42_1
t_15122	6_42_1
t_15123	6_42_1
t_15124	6_42_1
t_15125	6_42_1
t_15126	6_42_1
t_15127	6_42_1
t_15128	6_42_1
t_15129	6_42_1
t_15130	6_42_1
t_15131	6_42_1
t_15132	6_42_1
t_15133	6_42_1
t_15134	6_42_1
t_15135	6_42_1
t_15136	6_42_1
t_15137	6_42_1
t_15138	6_42_1
t_15139	6_42_1
t_15140	6_42_1
t_15141	6_42_1
t_15142	6_42_1
t_15143	6_42_1
t_15144	6_42_1
t_15145	6_42_1
t_15146	6_42_1
t_15147	6_42_1
t_15148	6_42_1
t_15149	6_42_1
t_15150	6_42_1
t_15151	6_42_1
t_15152	6_42_1
t_15153	6_42_1
t_15154	6_42_1
t_15155	6_42_1
t_15156	6_42_1
t_15157	6_42_1
t_15158	6_42_1
t_15159	6_42_1
t_15160	6_42_1
t_15161	6_42_1
t_15162	6_42_1
t_15163	6_42_1
t_15164	6_42_1
t_15165	6_42_1
t_15166	6_42_1
t_15167	6_42_1
t_15168	6_42_1
t_15169	6_42_1
t_15170	6_42_1
t_15171	6_43_1
t_15172	6_43_1
t_15173	6_43_1
t_15174	6_43_1
t_15175	6_43_1
t_15176	6_43_1
t_15177	6_43_1
t_15178	6_43_1
t_15179	6_43_1
t_15180	6_43_1
t_15181	6_43_1
t_15182	6_43_1
t_15183	6_43_1
t_15184	6_43_1
t_15185	6_43_1
t_15186	6_43_1
t_15187	6_43_1
t_15188	6_43_1
t_15189	6_43_1
t_15190	6_43_1
t_15191	6_43_1
t_15192	6_43_1
t_15193	6_43_1
t_15194	6_43_1
t_15195	6_43_1
t_15196	6_43_1
t_15197	6_43_1
t_15198	6_43_1
t_15199	6_43_1
t_15200	6_43_1
t_15201	6_43_1
t_15202	6_43_1
t_15203	6_44_1
t_15204	6_44_1
t_15205	6_44_1
t_15206	6_44_1
t_15207	6_44_1
t_15208	6_44_1
t_15209	6_44_1
t_15210	6_44_1
t_15211	6_44_1
t_15212	6_44_1
t_15213	6_44_1
t_15214	6_44_1
t_15215	6_44_1
t_15216	6_44_1
t_15217	6_44_1
t_15218	6_44_1
t_15219	6_44_1
t_15220	6_44_1
t_15221	6_44_1
t_15222	6_44_1
t_15223	6_44_1
t_15224	6_44_1
t_15225	6_44_1
t_15226	6_44_1
t_15227	6_44_1
t_15228	6_44_1
t_15229	6_44_1
t_15230	6_44_1
t_15231	6_44_1
t_15232	6_44_1
t_15233	6_44_1
t_15234	6_44_1
t_15235	6_44_1
t_15236	6_44_1
t_15237	6_44_1
t_15238	6_44_1
t_15239	6_44_1
t_15240	6_44_1
t_15241	6_44_1
t_15242	6_44_1
t_15243	6_44_1
t_15244	6_44_1
t_15245	6_44_1
t_15246	6_44_1
t_15247	6_44_1
t_15248	6_44_1
t_15249	6_44_1
t_15250	6_44_1
t_15251	6_44_1
t_15252	6_44_1
t_15253	6_44_1
t_15254	6_44_1
t_15255	6_44_1
t_15256	6_44_1
t_15257	6_44_1
t_15258	6_44_1
t_15259	6_44_1
t_15260	6_44_1
t_15261	6_44_1
t_15262	6_44_1
t_15263	6_44_1
t_15264	6_44_1
t_15265	6_44_1
t_15266	6_44_1
t_15267	6_44_1
t_15268	6_44_1
t_15269	6_44_1
t_15270	6_44_1
t_15271	6_44_1
t_15272	6_44_1
t_15273	6_44_1
t_15274	6_44_1
t_15275	6_44_1
t_15276	6_44_1
t_15277	6_44_1
t_15278	6_44_1
t_15279	6_44_2
t_15280	6_44_2
t_15281	6_44_2
t_15282	6_44_2
t_15283	6_44_2
t_15284	6_44_2
t_15285	6_44_2
t_15286	6_44_2
t_15287	6_44_2
t_15288	6_44_2
t_15289	6_44_2
t_15290	6_44_2
t_15291	6_44_2
t_15292	6_44_2
t_15293	6_44_2
t_15294	6_44_2
t_15295	6_44_2
t_15296	6_44_2
t_15297	6_44_2
t_15298	6_44_2
t_15299	6_44_2
t_15300	6_44_2
t_15301	6_44_2
t_15302	6_44_2
t_15303	6_44_2
t_15304	6_44_2
t_15305	6_44_2
t_15306	6_44_2
t_15307	6_44_2
t_15308	6_44_2
t_15309	6_44_2
t_15310	6_44_2
t_15311	6_44_2
t_15312	6_44_2
t_15313	6_44_2
t_15314	6_44_2
t_15315	6_44_2
t_15316	6_44_2
t_15317	6_44_2
t_15318	6_44_2
t_15319	6_44_2
t_15320	6_44_2
t_15321	6_44_2
t_15322	6_44_2
t_15323	6_44_2
t_15324	6_44_2
t_15325	6_44_2
t_15326	6_44_2
t_15327	6_44_2
t_15328	6_44_2
t_15329	6_44_2
t_15330	6_44_2
t_15331	6_44_2
t_15332	6_44_2
t_15333	6_44_2
t_15334	6_44_2
t_15335	6_44_2
t_15336	6_44_2
t_15337	6_44_2
t_15338	6_44_2
t_15339	6_44_2
t_15340	6_44_2
t_15341	6_44_2
t_15342	6_44_2
t_15343	6_44_2
t_15344	6_44_2
t_15345	6_44_2
t_15346	6_44_2
t_15347	6_44_2
t_15348	6_44_2
t_15349	6_44_2
t_15350	6_44_2
t_15351	6_44_2
t_15352	6_44_2
t_15353	6_44_2
t_15354	6_44_2
t_15355	6_44_2
t_15356	6_44_2
t_15357	6_44_2
t_15358	6_44_2
t_15359	6_44_2
t_15360	6_44_2
t_15361	6_44_2
t_15362	6_44_2
t_15363	6_44_2
t_15364	6_44_2
t_15365	6_44_2
t_15366	6_44_2
t_15367	6_44_2
t_15368	6_44_2
t_15369	6_44_2
t_15370	6_44_2
t_15371	6_44_2
t_15372	6_44_2
t_15373	6_44_2
t_15374	6_44_2
t_15375	6_44_2
t_15376	6_44_2
t_15377	6_44_2
t_15378	6_44_2
t_15379	6_44_2
t_15380	6_44_2
t_15381	6_44_2
t_15382	6_44_2
t_15383	6_44_2
t_15384	6_44_2
t_15385	6_44_2
t_15386	6_44_2
t_15387	6_44_2
t_15388	6_44_2
t_15389	6_45_1
t_15390	6_45_1
t_15391	6_45_1
t_15392	6_45_1
t_15393	6_45_1
t_15394	6_45_1
t_15395	6_45_1
t_15396	6_45_1
t_15397	6_45_1
t_15398	6_45_1
t_15399	6_45_1
t_15400	6_45_1
t_15401	6_45_1
t_15402	6_45_1
t_15403	6_45_1
t_15404	6_45_1
t_15405	6_45_1
t_15406	6_45_1
t_15407	6_45_1
t_15408	6_45_1
t_15409	6_45_1
t_15410	6_45_1
t_15411	6_45_1
t_15412	6_45_1
t_15413	6_45_1
t_15414	6_45_1
t_15415	6_45_1
t_15416	6_45_1
t_15417	6_45_1
t_15418	6_45_1
t_15419	6_45_1
t_15420	6_45_1
t_15421	6_45_1
t_15422	6_45_1
t_15423	6_45_1
t_15424	6_45_1
t_15425	6_45_1
t_15426	6_46_1
t_15427	6_46_1
t_15428	6_46_1
t_15429	6_46_1
t_15430	6_46_1
t_15431	6_46_1
t_15432	6_46_1
t_15433	6_46_1
t_15434	6_46_1
t_15435	6_46_1
t_15436	6_46_1
t_15437	6_46_1
t_15438	6_46_1
t_15439	6_46_1
t_15440	6_46_1
t_15441	6_46_1
t_15442	6_46_1
t_15443	6_46_1
t_15444	6_46_1
t_15445	6_46_1
t_15446	6_46_1
t_15447	6_46_1
t_15448	6_46_1
t_15449	6_46_1
t_15450	6_46_1
t_15451	6_46_1
t_15452	6_46_1
t_15453	6_46_1
t_15454	6_46_1
t_15455	6_46_1
t_15456	6_46_1
t_15457	6_46_1
t_15458	6_46_1
t_15459	6_46_1
t_15460	6_46_1
t_15461	6_46_1
t_15462	6_46_1
t_15463	6_46_1
t_15464	6_46_1
t_15465	6_46_1
t_15466	6_46_1
t_15467	6_46_1
t_15468	6_46_1
t_15469	6_46_1
t_15470	6_46_1
t_15471	6_46_1
t_15472	6_46_1
t_15473	6_46_1
t_15474	6_47_1
t_15475	6_47_1
t_15476	6_47_1
t_15477	6_47_1
t_15478	6_47_1
t_15479	6_47_1
t_15480	6_47_1
t_15481	6_47_1
t_15482	6_47_1
t_15483	6_47_1
t_15484	6_47_1
t_15485	6_47_1
t_15486	6_47_1
t_15487	6_47_1
t_15488	6_47_1
t_15489	6_47_1
t_15490	6_47_1
t_15491	6_47_1
t_15492	6_47_1
t_15493	6_47_1
t_15494	6_47_1
t_15495	6_47_1
t_15496	6_47_1
t_15497	6_47_1
t_15498	6_47_1
t_15499	6_47_1
t_15500	6_47_1
t_15501	6_47_1
t_15502	6_47_1
t_15503	6_47_1
t_15504	6_47_1
t_15505	6_47_1
t_15506	6_47_1
t_15507	6_47_1
t_15508	6_47_1
t_15509	6_47_1
t_15510	6_47_1
t_15511	6_47_1
t_15512	6_47_1
t_15513	6_47_1
t_15514	6_47_1
t_15515	6_47_1
t_15516	6_47_1
t_15517	6_47_1
t_15518	6_47_1
t_15519	6_47_1
t_15520	6_47_1
t_15521	6_47_1
t_15522	6_47_1
t_15523	6_47_1
t_15524	6_47_1
t_15525	6_47_1
t_15526	6_47_1
t_15527	6_47_1
t_15528	6_47_1
t_15529	6_47_1
t_15530	6_47_1
t_15531	6_47_1
t_15532	6_47_1
t_15533	6_47_1
t_15534	6_47_1
t_15535	6_47_1
t_15536	6_47_1
t_15537	6_47_1
t_15538	6_47_1
t_15539	6_47_1
t_15540	6_47_1
t_15541	6_47_1
t_15542	6_47_1
t_15543	6_47_1
t_15544	6_47_1
t_15545	6_47_1
t_15546	6_47_1
t_15547	6_47_1
t_15548	6_47_1
t_15549	6_47_1
t_15550	6_47_1
t_15551	6_47_1
t_15552	6_47_1
t_15553	6_47_1
t_15554	6_47_1
t_15555	6_47_1
t_15556	6_47_1
t_15557	6_47_1
t_15558	6_47_1
t_15559	6_47_1
t_15560	6_47_1
t_15561	6_47_1
t_15562	6_47_1
t_15563	6_47_1
t_15564	6_47_1
t_15565	6_47_1
t_15566	6_47_1
t_15567	6_47_1
t_15568	6_47_1
t_15569	6_47_1
t_15570	6_47_1
t_15571	6_47_1
t_15572	6_47_1
t_15573	6_47_1
t_15574	6_47_1
t_15575	6_47_1
t_15576	6_47_1
t_15577	6_47_1
t_15578	6_47_1
t_15579	6_47_1
t_15580	6_47_1
t_15581	6_47_1
t_15582	6_47_1
t_15583	6_47_1
t_15584	6_47_1
t_15585	6_47_1
t_15586	6_47_1
t_15587	6_47_1
t_15588	6_47_1
t_15589	6_47_1
t_15590	6_47_1
t_15591	6_47_1
t_15592	6_47_1
t_15593	6_47_1
t_15594	6_47_1
t_15595	6_47_1
t_15596	6_47_1
t_15597	6_47_1
t_15598	6_47_1
t_15599	6_47_1
t_15600	6_47_1
t_15601	6_47_1
t_15602	6_47_1
t_15603	6_47_1
t_15604	6_47_1
t_15605	6_47_1
t_15606	6_47_1
t_15607	6_47_1
t_15608	6_47_1
t_15609	6_47_1
t_15610	6_47_1
t_15611	6_47_1
t_15612	6_47_1
t_15613	6_47_1
t_15614	6_47_1
t_15615	6_48_1
t_15616	6_48_1
t_15617	6_48_1
t_15618	6_48_1
t_15619	6_48_1
t_15620	6_48_1
t_15621	6_48_1
t_15622	6_48_1
t_15623	6_48_1
t_15624	6_48_1
t_15625	6_48_1
t_15626	6_48_1
t_15627	6_48_1
t_15628	6_48_1
t_15629	6_48_1
t_15630	6_48_1
t_15631	6_48_1
t_15632	6_48_1
t_15633	6_48_1
t_15634	6_48_1
t_15635	6_48_1
t_15636	6_48_1
t_15637	6_48_1
t_15638	6_48_1
t_15639	6_48_1
t_15640	6_48_1
t_15641	6_48_1
t_15642	6_48_1
t_15643	6_48_1
t_15644	6_48_1
t_15645	6_48_1
t_15646	6_48_1
t_15647	6_48_1
t_15648	6_48_1
t_15649	6_48_1
t_15650	6_48_1
t_15651	6_48_1
t_15652	6_48_1
t_15653	6_48_1
t_15654	6_48_1
t_15655	6_48_1
t_15656	6_48_1
t_15657	6_48_1
t_15658	6_48_1
t_15659	6_48_1
t_15660	6_48_1
t_15661	6_48_1
t_15662	6_48_1
t_15663	6_48_1
t_15664	6_48_1
t_15665	6_48_1
t_15666	6_48_1
t_15667	6_48_1
t_15668	6_48_1
t_15669	6_48_1
t_15670	6_48_1
t_15671	6_48_1
t_15672	6_48_1
t_15673	6_48_1
t_15674	6_49_1
t_15675	6_49_1
t_15676	6_49_1
t_15677	6_49_1
t_15678	6_49_1
t_15679	6_49_1
t_15680	6_49_1
t_15681	6_49_1
t_15682	6_49_1
t_15683	6_49_1
t_15684	6_49_1
t_15685	6_49_1
t_15686	6_49_1
t_15687	6_49_1
t_15688	6_49_1
t_15689	6_49_1
t_15690	6_49_1
t_15691	6_49_1
t_15692	6_49_1
t_15693	6_49_1
t_15694	6_49_1
t_15695	6_49_1
t_15696	6_49_1
t_15697	6_49_1
t_15698	6_49_1
t_15699	6_49_1
t_15700	6_49_1
t_15701	6_49_1
t_15702	6_49_1
t_15703	6_49_1
t_15704	6_49_1
t_15705	6_49_1
t_15706	6_49_1
t_15707	6_49_1
t_15708	6_49_1
t_15709	6_49_1
t_15710	6_49_1
t_15711	6_49_1
t_15712	6_49_1
t_15713	6_49_1
t_15714	6_50_1
t_15715	6_50_1
t_15716	6_50_1
t_15717	6_50_1
t_15718	6_50_1
t_15719	6_50_1
t_15720	6_50_1
t_15721	6_50_1
t_15722	6_50_1
t_15723	6_50_1
t_15724	6_50_1
t_15725	6_50_1
t_15726	6_50_1
t_15727	6_50_1
t_15728	6_50_1
t_15729	6_50_1
t_15730	6_50_1
t_15731	6_50_1
t_15732	6_50_1
t_15733	6_50_1
t_15734	6_50_1
t_15735	6_50_1
t_15736	6_50_1
t_15737	6_50_1
t_15738	6_50_1
t_15739	6_50_1
t_15740	6_50_1
t_15741	6_50_1
t_15742	6_50_1
t_15743	6_50_1
t_15744	6_50_1
t_15745	6_50_1
t_15746	6_50_1
t_15747	6_50_1
t_15748	6_50_1
t_15749	6_50_1
t_15750	6_50_1
t_15751	6_50_1
t_15752	6_50_1
t_15753	6_50_1
t_15754	6_50_1
t_15755	6_50_1
t_15756	6_50_1
t_15757	6_50_1
t_15758	6_50_1
t_15759	6_50_1
t_15760	6_50_1
t_15761	6_50_1
t_15762	6_50_1
t_15763	6_50_1
t_15764	6_50_1
t_15765	6_50_1
t_15766	6_50_1
t_15767	6_50_1
t_15768	6_50_1
t_15769	6_50_1
t_15770	6_50_1
t_15771	6_50_1
t_15772	6_50_1
t_15773	6_50_1
t_15774	6_50_1
t_15775	6_50_1
t_15776	6_50_1
t_15777	6_50_1
t_15778	6_50_1
t_15779	6_50_1
t_15780	6_50_1
t_15781	6_50_1
t_15782	6_50_1
t_15783	6_50_1
t_15784	6_50_1
t_15785	6_51_1
t_15786	6_51_1
t_15787	6_51_1
t_15788	6_51_1
t_15789	6_51_1
t_15790	6_51_1
t_15791	6_51_1
t_15792	6_51_1
t_15793	6_51_1
t_15794	6_51_1
t_15795	6_51_1
t_15796	6_51_1
t_15797	6_51_1
t_15798	6_51_1
t_15799	6_51_1
t_15800	6_51_1
t_15801	6_51_1
t_15802	6_51_1
t_15803	6_51_1
t_15804	6_51_1
t_15805	6_51_1
t_15806	6_51_1
t_15807	6_52_1
t_15808	6_52_1
t_15809	6_52_1
t_15810	6_52_1
t_15811	6_52_1
t_15812	6_52_1
t_15813	6_52_1
t_15814	6_52_1
t_15815	6_52_1
t_15816	6_52_1
t_15817	6_52_1
t_15818	6_52_1
t_15819	6_52_1
t_15820	6_52_1
t_15821	6_52_1
t_15822	6_52_1
t_15823	6_52_1
t_15824	6_52_1
t_15825	6_52_1
t_15826	6_52_1
t_15827	6_52_1
t_15828	6_52_1
t_15829	6_52_1
t_15830	6_53_1
t_15831	6_53_1
t_15832	6_53_1
t_15833	6_53_1
t_15834	6_53_1
t_15835	6_53_1
t_15836	6_53_1
t_15837	6_53_1
t_15838	6_53_1
t_15839	6_53_1
t_15840	6_53_1
t_15841	6_53_1
t_15842	6_53_1
t_15843	6_53_1
t_15844	6_53_1
t_15845	6_53_1
t_15846	6_53_1
t_15847	6_53_1
t_15848	6_53_1
t_15849	6_53_1
t_15850	6_54_1
t_15851	6_54_1
t_15852	6_54_1
t_15853	6_54_1
t_15854	6_54_1
t_15855	6_54_1
t_15856	6_54_1
t_15857	6_54_1
t_15858	6_54_1
t_15859	6_54_1
t_15860	6_54_1
t_15861	6_55_1
t_15862	6_55_1
t_15863	6_55_1
t_15864	6_55_1
t_15865	6_55_1
t_15866	6_55_1
t_15867	6_55_1
t_15868	6_55_1
t_15869	6_55_1
t_15870	6_55_1
t_15871	6_55_1
t_15872	6_55_1
t_15873	6_55_1
t_15874	6_55_1
t_15875	6_55_1
t_15876	6_55_1
t_15877	6_55_1
t_15878	6_55_1
t_15879	6_55_1
t_15880	6_55_1
t_15881	6_55_1
t_15882	6_55_1
t_15883	6_55_1
t_15884	6_55_1
t_15885	6_55_1
t_15886	6_55_1
t_15887	6_55_1
t_15888	6_55_1
t_15889	6_55_1
t_15890	6_56_1
t_15891	6_56_1
t_15892	6_56_1
t_15893	6_56_1
t_15894	6_56_1
t_15895	6_56_1
t_15896	6_56_1
t_15897	6_56_1
t_15898	6_56_1
t_15899	6_56_1
t_15900	6_56_1
t_15901	6_56_1
t_15902	6_57_1
t_15903	6_57_1
t_15904	6_57_1
t_15905	6_57_1
t_15906	6_57_1
t_15907	6_57_1
t_15908	6_57_1
t_15909	6_57_1
t_15910	6_57_1
t_15911	6_57_1
t_15912	6_57_1
t_15913	6_57_1
t_15914	6_57_1
t_15915	6_57_1
t_15916	6_57_1
t_15917	6_57_1
t_15918	6_57_1
t_15919	6_57_1
t_15920	6_57_1
t_15921	6_57_1
t_15922	6_57_1
t_15923	6_57_1
t_15924	6_57_1
t_15925	6_57_1
t_15926	6_57_1
t_15927	6_57_1
t_15928	6_57_1
t_15929	6_57_1
t_15930	6_57_1
t_15931	6_57_1
t_15932	6_57_1
t_15933	6_57_1
t_15934	6_57_1
t_15935	6_57_1
t_15936	6_57_1
t_15937	6_57_1
t_15938	6_57_1
t_15939	6_57_1
t_15940	6_58_1
t_15941	6_58_1
t_15942	6_58_1
t_15943	6_58_1
t_15944	6_58_1
t_15945	6_58_1
t_15946	6_58_1
t_15947	6_58_1
t_15948	6_58_1
t_15949	6_58_1
t_15950	6_58_1
t_15951	6_58_1
t_15952	6_58_1
t_15953	6_58_1
t_15954	6_58_1
t_15955	6_58_1
t_15956	6_58_1
t_15957	6_58_1
t_15958	6_58_1
t_15959	6_58_1
t_15960	6_58_1
t_15961	6_59_1
t_15962	6_59_1
t_15963	6_59_1
t_15964	6_59_1
t_15965	6_59_1
t_15966	6_59_1
t_15967	6_59_1
t_15968	6_59_1
t_15969	6_59_1
t_15970	6_59_1
t_15971	6_59_1
t_15972	6_59_1
t_15973	6_59_1
t_15974	6_59_1
t_15975	6_59_1
t_15976	6_59_1
t_15977	6_59_1
t_15978	6_59_1
t_15979	6_59_1
t_15980	6_59_1
t_15981	6_59_1
t_15982	6_59_1
t_15983	6_59_1
t_15984	6_59_1
t_15985	6_59_1
t_15986	6_59_1
t_15987	7_1_1
t_15988	7_1_1
t_15989	7_1_1
t_15990	7_1_1
t_15991	7_1_1
t_15992	7_1_1
t_15993	7_1_1
t_15994	7_1_1
t_15995	7_1_1
t_15996	7_1_1
t_15997	7_1_1
t_15998	7_1_1
t_15999	7_1_1
t_16000	7_1_1
t_16001	7_1_1
t_16002	7_1_1
t_16003	7_1_1
t_16004	7_1_1
t_16005	7_1_1
t_16006	7_1_1
t_16007	7_1_1
t_16008	7_1_1
t_16009	7_1_1
t_16010	7_1_1
t_16011	7_1_1
t_16012	7_1_1
t_16013	7_1_1
t_16014	7_1_1
t_16015	7_1_1
t_16016	7_1_1
t_16017	7_1_1
t_16018	7_1_1
t_16019	7_1_1
t_16020	7_1_1
t_16021	7_1_1
t_16022	7_1_1
t_16023	7_1_1
t_16024	7_1_1
t_16025	7_1_1
t_16026	7_1_1
t_16027	7_1_1
t_16028	7_1_1
t_16029	7_1_1
t_16030	7_1_1
t_16031	7_1_1
t_16032	7_1_1
t_16033	7_1_1
t_16034	7_1_1
t_16035	7_1_1
t_16036	7_1_1
t_16037	7_1_1
t_16038	7_1_1
t_16039	7_1_1
t_16040	7_1_1
t_16041	7_1_1
t_16042	7_1_1
t_16043	7_1_1
t_16044	7_1_1
t_16045	7_1_1
t_16046	7_1_1
t_16047	7_1_1
t_16048	7_1_1
t_16049	7_1_1
t_16050	7_2_1
t_16051	7_2_1
t_16052	7_2_1
t_16053	7_2_1
t_16054	7_2_1
t_16055	7_2_1
t_16056	7_2_1
t_16057	7_2_1
t_16058	7_2_1
t_16059	7_2_1
t_16060	7_2_1
t_16061	7_2_1
t_16062	7_2_1
t_16063	7_2_1
t_16064	7_2_1
t_16065	7_2_1
t_16066	7_2_1
t_16067	7_2_1
t_16068	7_2_1
t_16069	7_2_1
t_16070	7_2_1
t_16071	7_2_1
t_16072	7_2_1
t_16073	7_2_1
t_16074	7_2_1
t_16075	7_2_1
t_16076	7_2_1
t_16077	7_2_1
t_16078	7_2_1
t_16079	7_2_1
t_16080	7_2_1
t_16081	7_2_1
t_16082	7_2_1
t_16083	7_2_1
t_16084	7_2_1
t_16085	7_2_1
t_16086	7_2_1
t_16087	7_2_1
t_16088	7_2_1
t_16089	7_2_1
t_16090	7_2_1
t_16091	7_2_1
t_16092	7_2_1
t_16093	7_2_1
t_16094	7_2_1
t_16095	7_2_1
t_16096	7_2_1
t_16097	7_2_1
t_16098	7_2_1
t_16099	7_2_1
t_16100	7_2_1
t_16101	7_2_1
t_16102	7_2_1
t_16103	7_2_1
t_16104	7_2_1
t_16105	7_2_1
t_16106	7_2_1
t_16107	7_2_1
t_16108	7_2_1
t_16109	7_2_1
t_16110	7_2_1
t_16111	7_2_1
t_16112	7_2_1
t_16113	7_2_1
t_16114	7_2_1
t_16115	7_2_1
t_16116	7_2_1
t_16117	7_2_1
t_16118	7_2_1
t_16119	7_2_1
t_16120	7_2_1
t_16121	7_3_1
t_16122	7_3_1
t_16123	7_3_1
t_16124	7_3_1
t_16125	7_3_1
t_16126	7_3_1
t_16127	7_3_1
t_16128	7_3_1
t_16129	7_3_1
t_16130	7_3_1
t_16131	7_3_1
t_16132	7_3_1
t_16133	7_3_1
t_16134	7_3_1
t_16135	7_3_1
t_16136	7_3_1
t_16137	7_3_1
t_16138	7_3_1
t_16139	7_3_1
t_16140	7_3_1
t_16141	7_3_1
t_16142	7_3_1
t_16143	7_3_1
t_16144	7_3_1
t_16145	7_3_1
t_16146	7_3_1
t_16147	7_3_1
t_16148	7_3_1
t_16149	7_3_1
t_16150	7_3_1
t_16151	7_3_1
t_16152	7_3_1
t_16153	7_3_1
t_16154	7_3_1
t_16155	7_3_1
t_16156	7_3_1
t_16157	7_3_1
t_16158	7_3_1
t_16159	7_3_1
t_16160	7_3_1
t_16161	7_3_1
t_16162	7_3_1
t_16163	7_3_1
t_16164	7_3_1
t_16165	7_3_1
t_16166	7_3_1
t_16167	7_3_1
t_16168	7_3_1
t_16169	7_3_1
t_16170	7_3_1
t_16171	7_3_1
t_16172	7_3_1
t_16173	7_3_1
t_16174	7_3_1
t_16175	7_3_1
t_16176	7_3_1
t_16177	7_3_1
t_16178	7_3_1
t_16179	7_3_1
t_16180	7_3_1
t_16181	7_3_1
t_16182	7_3_1
t_16183	7_3_1
t_16184	7_3_1
t_16185	7_4_1
t_16186	7_4_1
t_16187	7_4_1
t_16188	7_4_1
t_16189	7_4_1
t_16190	7_4_1
t_16191	7_4_1
t_16192	7_4_1
t_16193	7_4_1
t_16194	7_4_1
t_16195	7_4_1
t_16196	7_4_1
t_16197	7_4_1
t_16198	7_4_1
t_16199	7_4_1
t_16200	7_4_1
t_16201	7_4_1
t_16202	7_4_1
t_16203	7_4_1
t_16204	7_4_1
t_16205	7_4_1
t_16206	7_4_1
t_16207	7_4_1
t_16208	7_4_1
t_16209	7_4_1
t_16210	7_4_1
t_16211	7_4_1
t_16212	7_4_1
t_16213	7_4_1
t_16214	7_4_1
t_16215	7_4_1
t_16216	7_4_1
t_16217	7_4_1
t_16218	7_4_1
t_16219	7_4_1
t_16220	7_5_1
t_16221	7_5_1
t_16222	7_5_1
t_16223	7_5_1
t_16224	7_5_1
t_16225	7_5_1
t_16226	7_5_1
t_16227	7_5_1
t_16228	7_5_1
t_16229	7_5_1
t_16230	7_5_1
t_16231	7_5_1
t_16232	7_5_1
t_16233	7_5_1
t_16234	7_5_1
t_16235	7_5_1
t_16236	7_5_1
t_16237	7_5_1
t_16238	7_5_1
t_16239	7_5_1
t_16240	7_5_1
t_16241	7_5_1
t_16242	7_5_1
t_16243	7_5_1
t_16244	7_5_1
t_16245	7_5_1
t_16246	7_5_1
t_16247	7_5_1
t_16248	7_5_1
t_16249	7_5_1
t_16250	7_5_1
t_16251	7_5_1
t_16252	7_5_1
t_16253	7_5_1
t_16254	7_5_1
t_16255	7_5_1
t_16256	7_5_1
t_16257	7_5_1
t_16258	7_5_1
t_16259	7_5_1
t_16260	7_5_1
t_16261	7_5_1
t_16262	7_5_1
t_16263	7_5_1
t_16264	7_5_1
t_16265	7_5_1
t_16266	7_5_1
t_16267	7_5_1
t_16268	7_5_1
t_16269	7_5_1
t_16270	7_5_1
t_16271	7_5_1
t_16272	7_5_1
t_16273	7_5_1
t_16274	7_5_1
t_16275	7_5_1
t_16276	7_5_1
t_16277	7_5_1
t_16278	7_5_1
t_16279	7_5_1
t_16280	7_5_1
t_16281	7_5_1
t_16282	7_5_1
t_16283	7_5_1
t_16284	7_5_1
t_16285	7_5_1
t_16286	7_5_1
t_16287	7_5_1
t_16288	7_5_1
t_16289	7_5_1
t_16290	7_5_1
t_16291	7_5_1
t_16292	7_5_1
t_16293	7_5_1
t_16294	7_5_1
t_16295	7_5_1
t_16296	7_5_1
t_16297	7_5_1
t_16298	7_5_1
t_16299	7_5_1
t_16300	7_5_1
t_16301	7_5_1
t_16302	7_5_1
t_16303	7_5_1
t_16304	7_5_1
t_16305	7_5_1
t_16306	7_5_1
t_16307	7_5_1
t_16308	7_5_1
t_16309	7_5_1
t_16310	7_5_1
t_16311	7_5_1
t_16312	7_5_1
t_16313	7_5_1
t_16314	7_6_1
t_16315	7_6_1
t_16316	7_6_1
t_16317	7_6_1
t_16318	7_6_1
t_16319	7_6_1
t_16320	7_6_1
t_16321	7_6_1
t_16322	7_6_1
t_16323	7_6_1
t_16324	7_6_1
t_16325	7_6_1
t_16326	7_6_1
t_16327	7_6_1
t_16328	7_6_1
t_16329	7_7_1
t_16330	7_7_1
t_16331	7_7_1
t_16332	7_7_1
t_16333	7_7_1
t_16334	7_7_1
t_16335	7_7_1
t_16336	7_7_1
t_16337	7_7_1
t_16338	7_7_1
t_16339	7_7_1
t_16340	7_7_1
t_16341	7_7_1
t_16342	7_7_1
t_16343	7_7_1
t_16344	7_7_1
t_16345	7_7_1
t_16346	7_7_1
t_16347	7_7_1
t_16348	7_7_1
t_16349	7_7_1
t_16350	7_7_1
t_16351	7_7_1
t_16352	7_7_1
t_16353	7_7_1
t_16354	7_7_1
t_16355	7_7_1
t_16356	7_7_1
t_16357	7_7_1
t_16358	7_7_1
t_16359	7_7_1
t_16360	7_7_1
t_16361	7_7_1
t_16362	7_7_1
t_16363	7_7_1
t_16364	7_7_1
t_16365	7_7_1
t_16366	7_8_1
t_16367	7_8_1
t_16368	7_8_1
t_16369	7_8_1
t_16370	7_8_1
t_16371	7_8_1
t_16372	7_8_1
t_16373	7_8_1
t_16374	7_8_1
t_16375	7_8_1
t_16376	7_8_1
t_16377	7_8_1
t_16378	7_8_1
t_16379	7_8_1
t_16380	7_8_1
t_16381	7_8_1
t_16382	7_8_1
t_16383	7_8_1
t_16384	7_8_1
t_16385	7_8_1
t_16386	7_8_1
t_16387	7_8_1
t_16388	7_8_1
t_16389	7_8_1
t_16390	7_9_1
t_16391	7_9_1
t_16392	7_9_1
t_16393	7_9_1
t_16394	7_9_1
t_16395	7_9_1
t_16396	7_9_1
t_16397	7_9_1
t_16398	7_9_1
t_16399	7_9_1
t_16400	7_9_1
t_16401	7_9_1
t_16402	7_9_1
t_16403	7_9_1
t_16404	7_9_1
t_16405	7_9_1
t_16406	7_9_1
t_16407	7_9_1
t_16408	7_9_1
t_16409	7_9_1
t_16410	7_9_1
t_16411	7_9_1
t_16412	7_9_1
t_16413	7_9_1
t_16414	7_9_1
t_16415	7_9_1
t_16416	7_9_1
t_16417	7_9_1
t_16418	7_9_1
t_16419	7_9_1
t_16420	7_9_1
t_16421	7_9_1
t_16422	7_9_1
t_16423	7_9_1
t_16424	7_9_1
t_16425	7_9_1
t_16426	7_9_1
t_16427	7_9_1
t_16428	7_9_1
t_16429	7_9_1
t_16430	7_9_1
t_16431	7_9_1
t_16432	7_9_1
t_16433	7_9_1
t_16434	7_9_1
t_16435	7_9_1
t_16436	7_9_1
t_16437	7_9_1
t_16438	7_9_1
t_16439	7_9_1
t_16440	7_9_1
t_16441	7_9_1
t_16442	7_9_1
t_16443	7_9_1
t_16444	7_9_1
t_16445	7_9_1
t_16446	7_9_1
t_16447	7_9_1
t_16448	7_9_1
t_16449	7_9_1
t_16450	7_9_1
t_16451	7_9_1
t_16452	7_9_1
t_16453	7_9_1
t_16454	7_9_1
t_16455	7_10_1
t_16456	7_10_1
t_16457	7_10_1
t_16458	7_10_1
t_16459	7_10_1
t_16460	7_10_1
t_16461	7_10_1
t_16462	7_10_1
t_16463	7_10_1
t_16464	7_10_1
t_16465	7_10_1
t_16466	7_10_1
t_16467	7_10_1
t_16468	7_10_1
t_16469	7_10_1
t_16470	7_10_1
t_16471	7_10_1
t_16472	7_10_1
t_16473	7_10_1
t_16474	7_10_1
t_16475	7_10_1
t_16476	7_10_1
t_16477	7_10_1
t_16478	7_10_1
t_16479	7_10_1
t_16480	7_10_1
t_16481	7_10_1
t_16482	7_11_1
t_16483	7_11_1
t_16484	7_11_1
t_16485	7_11_1
t_16486	7_11_1
t_16487	7_11_1
t_16488	7_11_1
t_16489	7_11_1
t_16490	7_11_1
t_16491	7_11_1
t_16492	7_11_1
t_16493	7_11_1
t_16494	7_11_1
t_16495	7_12_1
t_16496	7_12_1
t_16497	7_12_1
t_16498	7_12_1
t_16499	7_12_1
t_16500	7_13_1
t_16501	7_13_1
t_16502	7_13_1
t_16503	7_13_1
t_16504	7_13_1
t_16505	7_13_1
t_16506	7_13_1
t_16507	7_13_1
t_16508	7_13_1
t_16509	7_13_1
t_16510	7_13_1
t_16511	7_13_1
t_16512	7_13_1
t_16513	7_13_1
t_16514	7_13_1
t_16515	7_13_1
t_16516	7_13_1
t_16517	7_13_1
t_16518	7_13_1
t_16519	7_13_1
t_16520	7_13_1
t_16521	7_13_1
t_16522	7_13_1
t_16523	7_13_1
t_16524	7_13_1
t_16525	7_13_1
t_16526	7_13_1
t_16527	7_13_1
t_16528	7_13_1
t_16529	7_13_1
t_16530	7_13_1
t_16531	7_13_1
t_16532	7_13_1
t_16533	7_13_1
t_16534	7_13_1
t_16535	7_13_1
t_16536	7_13_1
t_16537	7_13_1
t_16538	7_13_1
t_16539	7_13_1
t_16540	7_13_1
t_16541	7_13_1
t_16542	7_13_1
t_16543	7_13_1
t_16544	7_13_1
t_16545	7_13_1
t_16546	7_13_1
t_16547	7_13_1
t_16548	7_13_1
t_16549	7_13_1
t_16550	7_13_1
t_16551	7_13_1
t_16552	7_13_1
t_16553	7_13_1
t_16554	7_13_1
t_16555	7_13_1
t_16556	7_13_1
t_16557	7_13_1
t_16558	7_13_1
t_16559	7_13_1
t_16560	7_13_1
t_16561	7_13_1
t_16562	7_13_1
t_16563	7_13_1
t_16564	7_13_1
t_16565	7_13_1
t_16566	7_13_1
t_16567	7_13_1
t_16568	7_13_1
t_16569	7_13_1
t_16570	7_13_1
t_16571	7_13_1
t_16572	7_13_1
t_16573	7_13_1
t_16574	7_13_1
t_16575	7_13_1
t_16576	7_13_1
t_16577	7_13_1
t_16578	7_13_1
t_16579	7_13_1
t_16580	7_13_1
t_16581	7_13_1
t_16582	7_13_1
t_16583	7_13_1
t_16584	7_13_1
t_16585	7_14_1
t_16586	7_14_1
t_16587	7_14_1
t_16588	7_14_1
t_16589	7_14_1
t_16590	7_14_1
t_16591	7_14_1
t_16592	7_14_1
t_16593	7_14_1
t_16594	7_14_1
t_16595	7_14_1
t_16596	7_14_1
t_16597	7_14_1
t_16598	7_14_1
t_16599	7_14_1
t_16600	7_14_1
t_16601	7_14_1
t_16602	7_14_1
t_16603	7_14_1
t_16604	7_14_1
t_16605	7_14_1
t_16606	7_14_1
t_16607	7_14_1
t_16608	7_14_1
t_16609	7_14_1
t_16610	7_14_1
t_16611	7_14_1
t_16612	7_14_1
t_16613	7_14_1
t_16614	7_14_1
t_16615	7_14_1
t_16616	7_14_1
t_16617	7_14_1
t_16618	7_14_1
t_16619	7_14_1
t_16620	7_14_1
t_16621	7_14_1
t_16622	7_14_1
t_16623	7_14_1
t_16624	7_14_1
t_16625	7_14_1
t_16626	7_14_1
t_16627	7_14_1
t_16628	7_15_1
t_16629	7_15_1
t_16630	7_15_1
t_16631	7_15_1
t_16632	7_15_1
t_16633	7_15_1
t_16634	7_15_1
t_16635	7_15_1
t_16636	7_15_1
t_16637	7_15_1
t_16638	7_15_1
t_16639	7_15_1
t_16640	7_15_1
t_16641	7_15_1
t_16642	7_15_1
t_16643	7_15_1
t_16644	7_15_1
t_16645	7_15_1
t_16646	7_15_1
t_16647	7_15_1
t_16648	7_15_1
t_16649	7_15_1
t_16650	7_15_1
t_16651	7_15_1
t_16652	7_15_1
t_16653	7_15_1
t_16654	7_15_1
t_16655	7_15_1
t_16656	7_15_1
t_16657	7_15_1
t_16658	7_15_1
t_16659	7_15_1
t_16660	7_15_1
t_16661	7_15_1
t_16662	7_15_1
t_16663	7_15_1
t_16664	7_15_1
t_16665	7_15_1
t_16666	7_15_1
t_16667	7_15_1
t_16668	7_15_1
t_16669	7_15_1
t_16670	7_15_1
t_16671	7_15_1
t_16672	7_15_1
t_16673	7_15_1
t_16674	7_16_1
t_16675	7_16_1
t_16676	7_16_1
t_16677	7_16_1
t_16678	7_16_1
t_16679	7_16_1
t_16680	7_16_1
t_16681	7_16_1
t_16682	7_16_1
t_16683	7_16_1
t_16684	7_16_1
t_16685	7_16_1
t_16686	7_16_1
t_16687	7_16_1
t_16688	7_16_1
t_16689	7_16_1
t_16690	7_16_1
t_16691	7_16_1
t_16692	7_16_1
t_16693	7_16_1
t_16694	7_16_1
t_16695	7_16_1
t_16696	7_16_1
t_16697	7_16_1
t_16698	7_16_1
t_16699	7_16_1
t_16700	7_16_1
t_16701	7_16_1
t_16702	7_16_1
t_16703	7_16_1
t_16704	7_16_1
t_16705	7_16_1
t_16706	7_16_1
t_16707	7_16_1
t_16708	7_16_1
t_16709	7_16_1
t_16710	7_16_1
t_16711	7_16_1
t_16712	7_16_1
t_16713	7_16_1
t_16714	7_16_1
t_16715	7_16_1
t_16716	7_16_1
t_16717	7_16_1
t_16718	7_16_1
t_16719	7_16_1
t_16720	7_16_1
t_16721	7_16_1
t_16722	7_16_1
t_16723	7_16_1
t_16724	7_16_1
t_16725	7_16_1
t_16726	7_16_1
t_16727	7_16_1
t_16728	7_16_1
t_16729	7_16_1
t_16730	7_16_1
t_16731	7_16_1
t_16732	7_16_1
t_16733	7_16_1
t_16734	7_16_1
t_16735	7_16_1
t_16736	7_16_1
t_16737	7_16_1
t_16738	7_16_1
t_16739	7_16_1
t_16740	7_16_1
t_16741	7_16_1
t_16742	7_16_1
t_16743	7_16_1
t_16744	7_16_1
t_16745	7_16_1
t_16746	7_16_1
t_16747	7_16_1
t_16748	7_16_1
t_16749	7_16_1
t_16750	7_16_1
t_16751	7_16_1
t_16752	7_16_1
t_16753	7_16_1
t_16754	7_16_1
t_16755	7_16_1
t_16756	7_16_1
t_16757	7_16_1
t_16758	7_16_1
t_16759	7_16_1
t_16760	7_16_1
t_16761	7_16_1
t_16762	7_16_1
t_16763	7_16_1
t_16764	7_16_1
t_16765	7_16_1
t_16766	7_16_1
t_16767	7_16_1
t_16768	7_16_1
t_16769	7_16_1
t_16770	7_16_1
t_16771	7_16_1
t_16772	7_16_1
t_16773	7_16_1
t_16774	7_16_1
t_16775	7_16_1
t_16776	7_16_1
t_16777	7_16_1
t_16778	7_16_1
t_16779	7_16_1
t_16780	7_16_1
t_16781	7_16_1
t_16782	7_16_1
t_16783	7_16_1
t_16784	7_16_1
t_16785	7_16_1
t_16786	7_16_1
t_16787	7_16_1
t_16788	7_17_1
t_16789	7_17_1
t_16790	7_17_1
t_16791	7_17_1
t_16792	7_17_1
t_16793	7_17_1
t_16794	7_17_1
t_16795	7_17_1
t_16796	7_17_1
t_16797	7_17_1
t_16798	7_17_1
t_16799	7_17_1
t_16800	7_17_1
t_16801	7_17_1
t_16802	7_17_1
t_16803	7_17_1
t_16804	7_17_1
t_16805	7_17_1
t_16806	7_17_1
t_16807	7_17_1
t_16808	7_17_1
t_16809	7_17_1
t_16810	7_17_1
t_16811	7_17_1
t_16812	7_17_1
t_16813	7_17_1
t_16814	7_17_1
t_16815	7_17_1
t_16816	7_17_1
t_16817	7_17_1
t_16818	7_17_1
t_16819	7_17_1
t_16820	7_17_1
t_16821	7_17_1
t_16822	7_17_1
t_16823	7_17_1
t_16824	7_17_1
t_16825	7_17_1
t_16826	7_17_1
t_16827	7_17_1
t_16828	7_17_1
t_16829	7_17_1
t_16830	7_17_1
t_16831	7_17_1
t_16832	7_18_1
t_16833	7_18_1
t_16834	7_18_1
t_16835	7_18_1
t_16836	7_18_1
t_16837	7_18_1
t_16838	7_18_1
t_16839	7_18_1
t_16840	7_18_1
t_16841	7_18_1
t_16842	7_18_1
t_16843	7_18_1
t_16844	7_18_1
t_16845	7_18_1
t_16846	7_18_1
t_16847	7_18_1
t_16848	7_18_1
t_16849	7_18_1
t_16850	7_18_1
t_16851	7_18_1
t_16852	7_18_1
t_16853	7_18_1
t_16854	7_18_1
t_16855	7_18_1
t_16856	7_18_1
t_16857	7_18_1
t_16858	7_18_1
t_16859	7_18_1
t_16860	7_18_1
t_16861	7_18_1
t_16862	7_18_1
t_16863	7_18_1
t_16864	7_18_1
t_16865	7_18_1
t_16866	7_18_1
t_16867	7_18_1
t_16868	7_18_1
t_16869	7_18_1
t_16870	7_18_1
t_16871	7_18_1
t_16872	7_18_1
t_16873	7_18_1
t_16874	7_18_1
t_16875	7_18_1
t_16876	7_18_1
t_16877	7_18_1
t_16878	7_18_1
t_16879	7_18_1
t_16880	7_18_1
t_16881	7_18_1
t_16882	7_18_1
t_16883	7_18_1
t_16884	7_18_1
t_16885	7_18_1
t_16886	7_18_1
t_16887	7_18_1
t_16888	7_18_1
t_16889	7_18_1
t_16890	7_18_1
t_16891	7_18_1
t_16892	7_18_1
t_16893	7_18_1
t_16894	7_18_1
t_16895	7_18_1
t_16896	7_18_1
t_16897	7_18_1
t_16898	7_18_1
t_16899	7_18_1
t_16900	7_18_1
t_16901	7_18_1
t_16902	7_18_1
t_16903	7_18_1
t_16904	7_19_1
t_16905	7_19_1
t_16906	7_19_1
t_16907	7_19_1
t_16908	7_19_1
t_16909	7_19_1
t_16910	7_19_1
t_16911	7_19_1
t_16912	7_19_1
t_16913	7_19_1
t_16914	7_19_1
t_16915	7_19_1
t_16916	7_19_1
t_16917	7_19_1
t_16918	7_19_1
t_16919	7_19_1
t_16920	7_19_1
t_16921	7_19_1
t_16922	7_19_1
t_16923	7_19_1
t_16924	7_19_1
t_16925	7_19_1
t_16926	7_19_1
t_16927	7_19_1
t_16928	7_19_1
t_16929	7_19_1
t_16930	7_19_1
t_16931	7_19_1
t_16932	7_19_1
t_16933	7_19_1
t_16934	7_19_1
t_16935	7_19_1
t_16936	7_19_1
t_16937	7_19_1
t_16938	7_19_1
t_16939	7_19_1
t_16940	7_19_1
t_16941	7_19_1
t_16942	7_19_1
t_16943	7_19_1
t_16944	7_19_1
t_16945	7_19_1
t_16946	7_19_1
t_16947	7_19_1
t_16948	7_19_1
t_16949	7_19_1
t_16950	7_19_1
t_16951	7_19_1
t_16952	7_19_1
t_16953	7_19_1
t_16954	7_19_1
t_16955	7_20_1
t_16956	7_20_1
t_16957	7_20_1
t_16958	7_20_1
t_16959	7_20_1
t_16960	7_20_1
t_16961	7_20_1
t_16962	7_20_1
t_16963	7_20_1
t_16964	7_20_1
t_16965	7_20_1
t_16966	7_20_1
t_16967	7_20_1
t_16968	7_20_1
t_16969	7_20_1
t_16970	7_20_1
t_16971	7_20_1
t_16972	7_20_1
t_16973	7_20_1
t_16974	7_20_1
t_16975	7_20_1
t_16976	7_20_1
t_16977	7_20_1
t_16978	7_20_1
t_16979	7_20_1
t_16980	7_20_1
t_16981	7_20_1
t_16982	7_21_1
t_16983	7_21_1
t_16984	7_21_1
t_16985	7_21_1
t_16986	7_21_1
t_16987	7_21_1
t_16988	7_21_1
t_16989	7_21_1
t_16990	7_21_1
t_16991	7_21_1
t_16992	7_21_1
t_16993	7_21_1
t_16994	7_21_1
t_16995	7_21_1
t_16996	7_21_1
t_16997	7_21_1
t_16998	7_22_1
t_16999	7_22_1
t_17000	7_22_1
t_17001	7_22_1
t_17002	7_22_1
t_17003	7_22_1
t_17004	7_22_1
t_17005	7_22_1
t_17006	7_22_1
t_17007	7_22_1
t_17008	7_22_1
t_17009	7_22_1
t_17010	7_22_1
t_17011	7_22_1
t_17012	7_22_1
t_17013	7_22_1
t_17014	7_22_1
t_17015	7_22_1
t_17016	7_22_1
t_17017	7_22_1
t_17018	7_22_1
t_17019	7_22_1
t_17020	7_22_1
t_17021	7_22_1
t_17022	7_22_1
t_17023	7_22_1
t_17024	7_22_1
t_17025	7_22_1
t_17026	7_22_1
t_17027	7_22_1
t_17028	7_22_1
t_17029	7_22_1
t_17030	7_22_1
t_17031	7_22_1
t_17032	7_22_1
t_17033	7_22_1
t_17034	7_22_1
t_17035	7_22_1
t_17036	7_22_1
t_17037	7_22_1
t_17038	7_22_1
t_17039	7_22_1
t_17040	7_22_1
t_17041	7_22_1
t_17042	7_22_1
t_17043	7_22_1
t_17044	7_22_1
t_17045	7_22_1
t_17046	7_22_1
t_17047	7_22_1
t_17048	7_22_1
t_17049	7_23_1
t_17050	7_23_1
t_17051	7_23_1
t_17052	7_23_1
t_17053	7_23_1
t_17054	7_23_1
t_17055	7_23_1
t_17056	7_23_1
t_17057	7_23_1
t_17058	7_23_1
t_17059	7_23_1
t_17060	7_23_1
t_17061	7_23_1
t_17062	7_23_1
t_17063	7_23_1
t_17064	7_23_1
t_17065	7_23_1
t_17066	7_23_1
t_17067	7_23_1
t_17068	7_23_1
t_17069	7_23_1
t_17070	7_23_1
t_17071	7_23_1
t_17072	7_23_1
t_17073	7_23_1
t_17074	7_23_1
t_17075	7_23_1
t_17076	7_23_1
t_17077	7_23_1
t_17078	7_23_1
t_17079	7_23_1
t_17080	7_23_1
t_17081	7_23_1
t_17082	7_23_1
t_17083	7_23_1
t_17084	7_23_1
t_17085	7_23_1
t_17086	7_23_1
t_17087	7_23_1
t_17088	7_23_1
t_17089	7_23_1
t_17090	7_23_1
t_17091	7_23_1
t_17092	7_23_1
t_17093	7_23_1
t_17094	7_23_1
t_17095	7_23_1
t_17096	7_23_1
t_17097	7_23_1
t_17098	7_23_1
t_17099	7_23_1
t_17100	7_23_1
t_17101	7_23_1
t_17102	7_23_1
t_17103	7_23_1
t_17104	7_23_1
t_17105	7_24_1
t_17106	7_24_1
t_17107	7_24_1
t_17108	7_24_1
t_17109	7_24_1
t_17110	7_24_1
t_17111	7_24_1
t_17112	7_24_1
t_17113	7_24_1
t_17114	7_24_1
t_17115	7_24_1
t_17116	7_24_1
t_17117	7_24_1
t_17118	7_24_1
t_17119	7_24_1
t_17120	7_24_1
t_17121	7_24_1
t_17122	7_24_1
t_17123	7_24_1
t_17124	7_24_1
t_17125	7_24_1
t_17126	7_24_1
t_17127	7_24_1
t_17128	7_24_1
t_17129	7_24_1
t_17130	7_24_1
t_17131	7_24_1
t_17132	7_24_1
t_17133	7_24_1
t_17134	7_24_1
t_17135	7_24_1
t_17136	7_24_1
t_17137	7_24_1
t_17138	7_24_1
t_17139	7_24_1
t_17140	7_24_1
t_17141	7_24_1
t_17142	7_24_1
t_17143	7_24_1
t_17144	7_24_1
t_17145	7_24_1
t_17146	7_24_1
t_17147	7_24_1
t_17148	7_24_1
t_17149	7_24_1
t_17150	7_24_1
t_17151	7_24_1
t_17152	7_24_1
t_17153	7_24_1
t_17154	7_24_1
t_17155	7_25_1
t_17156	7_25_1
t_17157	7_25_1
t_17158	7_25_1
t_17159	7_25_1
t_17160	7_25_1
t_17161	7_25_1
t_17162	7_25_1
t_17163	7_25_1
t_17164	7_25_1
t_17165	7_25_1
t_17166	7_25_1
t_17167	7_25_1
t_17168	7_25_1
t_17169	7_25_1
t_17170	7_25_1
t_17171	7_25_1
t_17172	7_25_1
t_17173	7_25_1
t_17174	7_25_1
t_17175	7_25_1
t_17176	7_25_1
t_17177	7_25_1
t_17178	7_25_1
t_17179	7_25_1
t_17180	7_25_1
t_17181	7_25_1
t_17182	7_25_1
t_17183	7_25_1
t_17184	7_25_1
t_17185	7_25_1
t_17186	7_25_1
t_17187	7_25_1
t_17188	7_26_1
t_17189	7_26_1
t_17190	7_26_1
t_17191	7_26_1
t_17192	7_26_1
t_17193	7_26_1
t_17194	7_26_1
t_17195	7_26_1
t_17196	7_26_1
t_17197	7_26_1
t_17198	7_26_1
t_17199	7_26_1
t_17200	7_26_1
t_17201	7_26_1
t_17202	7_26_1
t_17203	7_26_1
t_17204	7_26_1
t_17205	7_26_1
t_17206	7_26_1
t_17207	7_26_1
t_17208	7_26_1
t_17209	7_26_1
t_17210	7_26_1
t_17211	7_26_1
t_17212	7_26_1
t_17213	7_26_1
t_17214	7_26_1
t_17215	7_26_1
t_17216	7_26_1
t_17217	7_26_1
t_17218	7_26_1
t_17219	7_26_1
t_17220	7_26_1
t_17221	7_26_1
t_17222	7_26_1
t_17223	7_26_1
t_17224	7_26_1
t_17225	7_26_1
t_17226	7_26_1
t_17227	7_26_1
t_17228	7_26_1
t_17229	7_26_1
t_17230	7_26_1
t_17231	7_26_1
t_17232	7_26_1
t_17233	7_26_1
t_17234	7_26_1
t_17235	7_26_1
t_17236	7_26_1
t_17237	7_26_1
t_17238	7_26_1
t_17239	7_26_1
t_17240	7_26_1
t_17241	7_26_1
t_17242	7_26_1
t_17243	7_26_1
t_17244	7_26_1
t_17245	7_26_1
t_17246	7_26_1
t_17247	7_26_1
t_17248	7_26_1
t_17249	7_26_1
t_17250	7_26_1
t_17251	7_27_1
t_17252	7_27_1
t_17253	7_27_1
t_17254	7_27_1
t_17255	7_27_1
t_17256	7_27_1
t_17257	7_27_1
t_17258	7_27_1
t_17259	7_27_1
t_17260	7_27_1
t_17261	7_27_1
t_17262	7_27_1
t_17263	7_27_1
t_17264	7_27_1
t_17265	7_27_1
t_17266	7_27_1
t_17267	7_27_1
t_17268	7_27_1
t_17269	7_27_1
t_17270	7_27_1
t_17271	7_27_1
t_17272	7_27_1
t_17273	7_27_1
t_17274	7_27_1
t_17275	7_27_1
t_17276	7_27_1
t_17277	7_27_1
t_17278	7_27_1
t_17279	7_27_1
t_17280	7_27_1
t_17281	7_27_1
t_17282	7_27_1
t_17283	7_27_1
t_17284	7_27_1
t_17285	7_27_1
t_17286	7_27_1
t_17287	7_27_1
t_17288	7_27_1
t_17289	7_27_1
t_17290	7_27_1
t_17291	7_27_1
t_17292	7_27_1
t_17293	7_27_1
t_17294	7_27_1
t_17295	7_27_1
t_17296	7_27_1
t_17297	7_27_1
t_17298	7_27_1
t_17299	7_27_1
t_17300	7_28_1
t_17301	7_28_1
t_17302	7_28_1
t_17303	7_28_1
t_17304	7_28_1
t_17305	7_28_1
t_17306	7_28_1
t_17307	7_28_1
t_17308	7_28_1
t_17309	7_28_1
t_17310	7_28_1
t_17311	7_28_1
t_17312	7_28_1
t_17313	7_28_1
t_17314	7_28_1
t_17315	7_28_1
t_17316	7_28_1
t_17317	7_28_1
t_17318	7_28_1
t_17319	7_29_1
t_17320	7_29_1
t_17321	7_29_1
t_17322	7_29_1
t_17323	7_29_1
t_17324	7_29_1
t_17325	7_29_1
t_17326	7_29_1
t_17327	7_29_1
t_17328	7_29_1
t_17329	7_29_1
t_17330	7_29_1
t_17331	7_29_1
t_17332	7_29_1
t_17333	7_29_1
t_17334	7_29_1
t_17335	7_29_1
t_17336	7_29_1
t_17337	7_29_1
t_17338	7_29_1
t_17339	7_29_1
t_17340	7_29_1
t_17341	7_29_1
t_17342	7_29_1
t_17343	7_29_1
t_17344	7_29_1
t_17345	7_29_1
t_17346	7_29_1
t_17347	7_29_1
t_17348	7_29_1
t_17349	7_29_1
t_17350	7_29_1
t_17351	7_29_1
t_17352	7_29_1
t_17353	7_29_1
t_17354	7_29_1
t_17355	7_29_1
t_17356	7_29_1
t_17357	7_29_1
t_17358	7_29_1
t_17359	7_29_1
t_17360	7_29_1
t_17361	7_29_1
t_17362	7_29_1
t_17363	7_29_1
t_17364	7_29_1
t_17365	7_29_1
t_17366	7_29_1
t_17367	7_30_1
t_17368	7_30_1
t_17369	7_30_1
t_17370	7_30_1
t_17371	7_30_1
t_17372	7_30_1
t_17373	7_30_1
t_17374	7_30_1
t_17375	7_30_1
t_17376	7_30_1
t_17377	7_30_1
t_17378	7_30_1
t_17379	7_30_1
t_17380	7_30_1
t_17381	7_30_1
t_17382	7_31_1
t_17383	7_31_1
t_17384	7_31_1
t_17385	7_31_1
t_17386	7_31_1
t_17387	7_31_1
t_17388	7_31_1
t_17389	7_31_1
t_17390	7_31_1
t_17391	7_31_1
t_17392	7_31_1
t_17393	7_31_1
t_17394	7_31_1
t_17395	7_31_1
t_17396	7_31_1
t_17397	7_31_1
t_17398	7_31_1
t_17399	7_31_1
t_17400	7_31_1
t_17401	7_31_1
t_17402	7_31_1
t_17403	7_31_1
t_17404	7_31_1
t_17405	7_31_1
t_17406	7_31_1
t_17407	7_31_1
t_17408	7_31_1
t_17409	7_31_1
t_17410	7_31_1
t_17411	7_31_1
t_17412	7_31_1
t_17413	7_31_1
t_17414	7_31_1
t_17415	7_31_1
t_17416	7_31_1
t_17417	7_31_1
t_17418	7_31_1
t_17419	7_31_1
t_17420	7_31_1
t_17421	7_31_1
t_17422	7_31_1
t_17423	7_31_1
t_17424	7_31_1
t_17425	7_31_1
t_17426	7_31_1
t_17427	7_31_1
t_17428	7_31_1
t_17429	7_31_1
t_17430	7_31_1
t_17431	7_31_1
t_17432	7_32_1
t_17433	7_32_1
t_17434	7_32_1
t_17435	7_32_1
t_17436	7_32_1
t_17437	7_32_1
t_17438	7_32_1
t_17439	7_32_1
t_17440	7_32_1
t_17441	7_32_1
t_17442	7_32_1
t_17443	7_32_1
t_17444	7_32_1
t_17445	7_32_1
t_17446	7_32_1
t_17447	7_32_1
t_17448	7_32_1
t_17449	7_32_1
t_17450	7_33_1
t_17451	7_33_1
t_17452	7_33_1
t_17453	7_33_1
t_17454	7_33_1
t_17455	7_33_1
t_17456	7_33_1
t_17457	7_33_1
t_17458	7_33_1
t_17459	7_33_1
t_17460	7_33_1
t_17461	7_33_1
t_17462	7_33_1
t_17463	7_33_1
t_17464	7_33_1
t_17465	7_33_1
t_17466	7_33_1
t_17467	7_33_1
t_17468	7_33_1
t_17469	7_33_1
t_17470	7_33_1
t_17471	7_33_1
t_17472	7_33_1
t_17473	7_33_1
t_17474	7_33_1
t_17475	7_33_1
t_17476	7_33_1
t_17477	7_33_1
t_17478	7_33_1
t_17479	7_33_1
t_17480	7_33_1
t_17481	7_33_1
t_17482	7_33_1
t_17483	7_33_1
t_17484	7_33_1
t_17485	7_33_1
t_17486	7_33_1
t_17487	7_33_1
t_17488	7_33_1
t_17489	7_33_1
t_17490	7_33_1
t_17491	7_33_1
t_17492	7_33_1
t_17493	7_33_1
t_17494	7_33_1
t_17495	7_34_1
t_17496	7_34_1
t_17497	7_34_1
t_17498	7_34_1
t_17499	7_34_1
t_17500	7_34_1
t_17501	7_34_1
t_17502	7_34_1
t_17503	7_34_1
t_17504	7_34_1
t_17505	7_34_1
t_17506	7_34_1
t_17507	7_34_1
t_17508	7_34_1
t_17509	7_34_1
t_17510	7_34_1
t_17511	7_34_1
t_17512	7_34_1
t_17513	7_34_1
t_17514	7_34_1
t_17515	7_34_1
t_17516	7_34_1
t_17517	7_34_1
t_17518	7_34_1
t_17519	7_34_1
t_17520	7_34_1
t_17521	7_34_1
t_17522	7_34_1
t_17523	7_34_1
t_17524	7_34_1
t_17525	7_34_1
t_17526	7_34_1
t_17527	7_34_1
t_17528	7_34_1
t_17529	7_34_1
t_17530	7_34_1
t_17531	7_34_1
t_17532	7_34_1
t_17533	7_34_1
t_17534	7_34_1
t_17535	7_34_1
t_17536	7_34_1
t_17537	7_34_1
t_17538	7_34_1
t_17539	7_35_1
t_17540	7_35_1
t_17541	7_35_1
t_17542	7_35_1
t_17543	7_35_1
t_17544	7_35_1
t_17545	7_35_1
t_17546	7_35_1
t_17547	7_35_1
t_17548	7_35_1
t_17549	7_35_1
t_17550	7_35_1
t_17551	7_35_1
t_17552	7_35_1
t_17553	7_35_1
t_17554	7_35_1
t_17555	7_35_1
t_17556	7_35_1
t_17557	7_35_1
t_17558	7_35_1
t_17559	7_35_1
t_17560	7_35_1
t_17561	7_35_1
t_17562	7_35_1
t_17563	7_35_1
t_17564	7_35_1
t_17565	7_35_1
t_17566	7_35_1
t_17567	7_35_1
t_17568	7_35_1
t_17569	7_35_1
t_17570	7_35_1
t_17571	7_35_1
t_17572	7_35_1
t_17573	7_35_1
t_17574	7_35_1
t_17575	7_35_1
t_17576	7_35_1
t_17577	7_35_1
t_17578	7_35_1
t_17579	7_35_1
t_17580	7_35_1
t_17581	7_35_1
t_17582	7_35_1
t_17583	7_35_1
t_17584	7_35_1
t_17585	7_36_1
t_17586	7_36_1
t_17587	7_36_1
t_17588	7_36_1
t_17589	7_36_1
t_17590	7_36_1
t_17591	7_36_1
t_17592	7_36_1
t_17593	7_36_1
t_17594	7_36_1
t_17595	7_37_1
t_17596	7_37_1
t_17597	7_37_1
t_17598	7_37_1
t_17599	7_37_1
t_17600	7_37_1
t_17601	7_37_1
t_17602	7_37_1
t_17603	7_37_1
t_17604	7_37_1
t_17605	7_37_1
t_17606	7_37_1
t_17607	7_37_1
t_17608	7_37_1
t_17609	7_37_1
t_17610	7_37_1
t_17611	7_37_1
t_17612	7_37_1
t_17613	7_37_1
t_17614	7_37_1
t_17615	7_37_1
t_17616	7_37_1
t_17617	7_37_1
t_17618	7_37_1
t_17619	7_37_1
t_17620	7_37_1
t_17621	7_37_1
t_17622	7_38_1
t_17623	7_38_1
t_17624	7_38_1
t_17625	7_38_1
t_17626	7_38_1
t_17627	7_38_1
t_17628	7_38_1
t_17629	7_38_1
t_17630	7_38_1
t_17631	7_38_1
t_17632	7_38_1
t_17633	7_38_1
t_17634	7_39_1
t_17635	7_39_1
t_17636	7_39_1
t_17637	7_39_1
t_17638	7_39_1
t_17639	7_39_1
t_17640	7_39_1
t_17641	7_39_1
t_17642	7_40_1
t_17643	7_40_1
t_17644	7_40_1
t_17645	7_40_1
t_17646	7_40_1
t_17647	7_40_1
t_17648	7_40_1
t_17649	7_40_1
t_17650	7_40_1
t_17651	7_40_1
t_17652	7_40_1
t_17653	7_40_1
t_17654	7_40_1
t_17655	7_40_1
t_17656	7_41_1
t_17657	7_41_1
t_17658	7_41_1
t_17659	7_41_1
t_17660	7_41_1
t_17661	7_41_1
t_17662	7_41_1
t_17663	7_41_1
t_17664	7_41_1
t_17665	7_41_1
t_17666	7_41_1
t_17667	7_41_1
t_17668	7_41_1
t_17669	7_41_1
t_17670	7_42_1
t_17671	7_42_1
t_17672	7_42_1
t_17673	7_42_1
t_17674	7_42_1
t_17675	7_42_1
t_17676	7_42_1
t_17677	7_42_1
t_17678	7_42_1
t_17679	7_43_1
t_17680	7_43_1
t_17681	7_43_1
t_17682	7_43_1
t_17683	7_43_1
t_17684	7_43_1
t_17685	7_44_1
t_17686	7_44_1
t_17687	7_44_1
t_17688	7_44_1
t_17689	7_44_1
t_17690	7_44_1
t_17691	7_44_1
t_17692	7_44_1
t_17693	7_44_1
t_17694	7_44_1
t_17695	7_44_1
t_17696	7_44_1
t_17697	7_44_1
t_17698	7_44_1
t_17699	7_44_1
t_17700	7_44_1
t_17701	7_44_1
t_17702	7_44_1
t_17703	7_44_1
t_17704	7_44_1
t_17705	7_44_1
t_17706	7_44_1
t_17707	7_44_1
t_17708	7_44_1
t_17709	7_44_1
t_17710	7_44_1
t_17711	7_44_1
t_17712	7_44_1
t_17713	7_44_1
t_17714	7_44_1
t_17715	7_44_1
t_17716	7_44_1
t_17717	7_44_1
t_17718	7_44_1
t_17719	7_44_1
t_17720	7_44_1
t_17721	7_44_1
t_17722	7_44_1
t_17723	7_44_1
t_17724	7_44_1
t_17725	7_44_1
t_17726	7_44_1
t_17727	7_44_1
t_17728	7_44_1
t_17729	7_44_1
t_17730	7_44_1
t_17731	7_44_1
t_17732	7_44_1
t_17733	7_44_1
t_17734	7_44_1
t_17735	7_44_1
t_17736	7_44_1
t_17737	7_44_1
t_17738	7_44_1
t_17739	7_44_1
t_17740	7_45_1
t_17741	7_45_1
t_17742	7_45_1
t_17743	7_45_1
t_17744	7_45_1
t_17745	7_45_1
t_17746	7_45_1
t_17747	7_45_1
t_17748	7_45_1
t_17749	7_45_1
t_17750	7_45_1
t_17751	7_45_1
t_17752	7_45_1
t_17753	7_45_1
t_17754	7_45_1
t_17755	7_45_1
t_17756	7_45_1
t_17757	7_45_1
t_17758	7_45_1
t_17759	7_45_1
t_17760	7_45_1
t_17761	7_45_1
t_17762	7_45_1
t_17763	7_45_1
t_17764	7_45_1
t_17765	7_45_1
t_17766	7_45_1
t_17767	7_45_1
t_17768	7_45_1
t_17769	7_45_1
t_17770	7_45_1
t_17771	7_45_1
t_17772	7_45_1
t_17773	7_45_1
t_17774	7_45_1
t_17775	7_45_1
t_17776	7_45_1
t_17777	7_45_1
t_17778	7_45_1
t_17779	7_45_1
t_17780	7_45_1
t_17781	7_45_1
t_17782	7_45_1
t_17783	7_45_1
t_17784	7_45_1
t_17785	7_45_1
t_17786	7_45_1
t_17787	7_45_1
t_17788	7_46_1
t_17789	7_46_1
t_17790	7_46_1
t_17791	7_46_1
t_17792	7_46_1
t_17793	7_46_1
t_17794	7_46_1
t_17795	7_46_1
t_17796	7_46_1
t_17797	7_46_1
t_17798	7_46_1
t_17799	7_46_1
t_17800	7_46_1
t_17801	7_46_1
t_17802	7_46_1
t_17803	7_46_1
t_17804	7_46_1
t_17805	7_46_1
t_17806	7_46_1
t_17807	7_46_1
t_17808	7_46_1
t_17809	7_46_1
t_17810	7_46_1
t_17811	7_46_1
t_17812	7_46_1
t_17813	7_46_1
t_17814	7_46_1
t_17815	7_46_1
t_17816	7_46_1
t_17817	7_46_1
t_17818	7_46_1
t_17819	7_46_1
t_17820	7_46_1
t_17821	7_46_1
t_17822	7_46_1
t_17823	7_46_1
t_17824	7_46_1
t_17825	7_46_1
t_17826	7_46_1
t_17827	7_46_1
t_17828	7_46_1
t_17829	7_46_1
t_17830	7_46_1
t_17831	7_46_1
t_17832	7_46_1
t_17833	7_46_1
t_17834	7_46_1
t_17835	7_46_1
t_17836	7_46_1
t_17837	7_46_1
t_17838	7_46_1
t_17839	7_46_1
t_17840	7_46_1
t_17841	7_46_1
t_17842	7_46_1
t_17843	7_46_1
t_17844	7_46_1
t_17845	7_46_1
t_17846	7_46_1
t_17847	7_46_1
t_17848	7_46_1
t_17849	7_46_1
t_17850	7_46_1
t_17851	7_46_1
t_17852	7_46_1
t_17853	7_46_1
t_17854	7_46_1
t_17855	7_46_1
t_17856	7_46_1
t_17857	7_46_1
t_17858	7_46_1
t_17859	7_46_1
t_17860	7_46_1
t_17861	7_46_1
t_17862	7_46_1
t_17863	7_46_1
t_17864	7_46_1
t_17865	7_46_1
t_17866	7_46_1
t_17867	7_47_1
t_17868	7_47_1
t_17869	7_47_1
t_17870	7_47_1
t_17871	7_47_1
t_17872	7_47_1
t_17873	7_47_1
t_17874	7_47_1
t_17875	7_47_1
t_17876	7_47_1
t_17877	7_47_1
t_17878	7_47_1
t_17879	7_47_1
t_17880	7_47_1
t_17881	7_47_1
t_17882	7_47_1
t_17883	7_47_1
t_17884	7_47_1
t_17885	7_47_1
t_17886	7_47_1
t_17887	7_47_1
t_17888	7_47_1
t_17889	7_47_1
t_17890	7_47_1
t_17891	7_47_1
t_17892	7_47_1
t_17893	7_48_1
t_17894	7_48_1
t_17895	7_48_1
t_17896	7_48_1
t_17897	7_48_1
t_17898	7_48_1
t_17899	7_48_1
t_17900	7_48_1
t_17901	7_48_1
t_17902	7_48_1
t_17903	7_48_1
t_17904	7_48_1
t_17905	7_48_1
t_17906	7_48_1
t_17907	7_48_1
t_17908	7_48_1
t_17909	7_48_1
t_17910	7_48_1
t_17911	7_48_1
t_17912	7_48_1
t_17913	7_48_1
t_17914	7_48_1
t_17915	7_48_1
t_17916	7_48_1
t_17917	7_48_1
t_17918	7_48_1
t_17919	7_48_1
t_17920	7_48_1
t_17921	7_48_1
t_17922	7_48_1
t_17923	7_48_1
t_17924	7_48_1
t_17925	7_48_1
t_17926	7_48_1
t_17927	7_48_1
t_17928	7_48_1
t_17929	7_48_1
t_17930	7_48_1
t_17931	7_48_1
t_17932	7_48_1
t_17933	7_48_1
t_17934	7_48_1
t_17935	7_48_1
t_17936	7_48_1
t_17937	7_48_1
t_17938	7_48_1
t_17939	7_48_1
t_17940	7_48_1
t_17941	7_48_1
t_17942	7_48_1
t_17943	7_48_1
t_17944	7_48_1
t_17945	7_48_1
t_17946	7_48_1
t_17947	7_48_1
t_17948	7_48_1
t_17949	7_48_1
t_17950	7_48_1
t_17951	7_48_1
t_17952	7_48_1
t_17953	7_48_1
t_17954	7_49_1
t_17955	7_49_1
t_17956	7_49_1
t_17957	7_49_1
t_17958	7_49_1
t_17959	7_49_1
t_17960	7_49_1
t_17961	7_49_1
t_17962	7_49_1
t_17963	7_49_1
t_17964	7_49_1
t_17965	7_49_1
t_17966	7_49_1
t_17967	7_49_1
t_17968	7_49_1
t_17969	7_49_1
t_17970	7_49_1
t_17971	7_49_1
t_17972	7_49_1
t_17973	7_49_1
t_17974	7_49_1
t_17975	7_49_1
t_17976	7_49_1
t_17977	7_49_1
t_17978	7_49_1
t_17979	7_49_1
t_17980	7_49_1
t_17981	7_49_1
t_17982	7_49_1
t_17983	7_49_1
t_17984	7_49_1
t_17985	7_49_1
t_17986	7_49_1
t_17987	7_49_1
t_17988	7_49_1
t_17989	7_49_1
t_17990	7_49_1
t_17991	7_49_1
t_17992	7_49_1
t_17993	7_49_1
t_17994	7_49_1
t_17995	7_49_1
t_17996	7_49_1
t_17997	7_49_1
t_17998	7_49_1
t_17999	7_49_1
t_18000	7_49_1
t_18001	7_49_1
t_18002	7_49_1
t_18003	7_49_1
t_18004	7_49_1
t_18005	7_50_1
t_18006	7_50_1
t_18007	7_50_1
t_18008	7_50_1
t_18009	7_50_1
t_18010	7_50_1
t_18011	7_50_1
t_18012	7_50_1
t_18013	7_50_1
t_18014	7_50_1
t_18015	7_50_1
t_18016	7_50_1
t_18017	7_50_1
t_18018	7_50_1
t_18019	7_50_1
t_18020	7_50_1
t_18021	7_50_1
t_18022	7_50_1
t_18023	7_50_1
t_18024	7_50_1
t_18025	7_50_1
t_18026	7_50_1
t_18027	7_50_1
t_18028	7_50_1
t_18029	7_50_1
t_18030	7_50_1
t_18031	7_50_1
t_18032	7_50_1
t_18033	7_50_1
t_18034	7_50_1
t_18035	7_50_1
t_18036	7_50_1
t_18037	7_50_1
t_18038	7_50_1
t_18039	7_50_1
t_18040	7_50_1
t_18041	7_50_1
t_18042	7_50_1
t_18043	7_51_1
t_18044	7_51_1
t_18045	7_51_1
t_18046	7_51_1
t_18047	7_51_1
t_18048	7_51_1
t_18049	7_51_1
t_18050	7_51_1
t_18051	7_51_1
t_18052	7_51_1
t_18053	7_51_1
t_18054	7_51_1
t_18055	7_51_1
t_18056	7_51_1
t_18057	7_51_1
t_18058	7_51_1
t_18059	7_51_1
t_18060	7_51_1
t_18061	7_51_1
t_18062	7_51_1
t_18063	7_51_1
t_18064	7_51_1
t_18065	7_51_1
t_18066	7_51_1
t_18067	7_51_1
t_18068	7_51_1
t_18069	7_51_1
t_18070	7_51_1
t_18071	7_51_1
t_18072	7_51_1
t_18073	7_51_1
t_18074	7_51_1
t_18075	7_51_1
t_18076	7_51_1
t_18077	7_51_1
t_18078	7_52_1
t_18079	7_52_1
t_18080	7_52_1
t_18081	7_52_1
t_18082	7_52_1
t_18083	7_52_1
t_18084	7_52_1
t_18085	7_52_1
t_18086	7_52_1
t_18087	7_52_1
t_18088	7_52_1
t_18089	7_52_1
t_18090	7_52_1
t_18091	7_52_1
t_18092	7_52_1
t_18093	7_52_1
t_18094	7_52_1
t_18095	7_52_1
t_18096	7_52_1
t_18097	7_52_1
t_18098	7_52_1
t_18099	7_52_1
t_18100	7_52_1
t_18101	7_53_1
t_18102	7_53_1
t_18103	7_53_1
t_18104	7_53_1
t_18105	7_53_1
t_18106	7_53_1
t_18107	7_53_1
t_18108	7_53_1
t_18109	7_53_1
t_18110	7_53_1
t_18111	7_53_1
t_18112	7_53_1
t_18113	7_53_1
t_18114	7_53_1
t_18115	7_53_1
t_18116	7_53_1
t_18117	7_53_1
t_18118	7_53_1
t_18119	7_53_1
t_18120	7_53_1
t_18121	7_53_1
t_18122	7_53_1
t_18123	7_53_1
t_18124	7_53_1
t_18125	7_53_1
t_18126	7_53_1
t_18127	7_53_1
t_18128	7_53_1
t_18129	7_53_1
t_18130	7_53_1
t_18131	7_53_1
t_18132	7_53_1
t_18133	7_53_1
t_18134	7_53_1
t_18135	7_53_1
t_18136	7_53_1
t_18137	7_54_1
t_18138	7_54_1
t_18139	7_54_1
t_18140	7_54_1
t_18141	7_54_1
t_18142	7_54_1
t_18143	7_54_1
t_18144	7_54_1
t_18145	7_54_1
t_18146	7_54_1
t_18147	7_54_1
t_18148	7_54_1
t_18149	7_54_1
t_18150	7_54_1
t_18151	7_54_1
t_18152	7_54_1
t_18153	7_54_1
t_18154	7_54_1
t_18155	7_54_1
t_18156	7_54_1
t_18157	7_54_1
t_18158	7_54_1
t_18159	7_54_1
t_18160	7_54_1
t_18161	7_54_1
t_18162	7_54_1
t_18163	7_54_1
t_18164	7_54_1
t_18165	7_54_1
t_18166	7_54_1
t_18167	7_54_1
t_18168	7_55_1
t_18169	7_55_1
t_18170	7_55_1
t_18171	7_55_1
t_18172	7_55_1
t_18173	7_55_1
t_18174	7_55_1
t_18175	7_55_1
t_18176	7_55_1
t_18177	7_55_1
t_18178	7_55_1
t_18179	7_55_1
t_18180	7_55_1
t_18181	7_55_1
t_18182	7_55_1
t_18183	7_55_1
t_18184	7_55_1
t_18185	7_55_1
t_18186	7_55_1
t_18187	7_55_1
t_18188	7_55_1
t_18189	7_55_1
t_18190	7_55_1
t_18191	7_55_1
t_18192	7_55_1
t_18193	7_55_1
t_18194	7_55_1
t_18195	7_55_1
t_18196	7_55_1
t_18197	7_55_1
t_18198	7_55_1
t_18199	7_55_1
t_18200	7_55_1
t_18201	7_55_1
t_18202	7_55_1
t_18203	7_55_1
t_18204	7_55_1
t_18205	7_55_1
t_18206	7_55_1
t_18207	7_55_1
t_18208	7_55_1
t_18209	7_55_1
t_18210	7_55_1
t_18211	7_55_1
t_18212	7_55_1
t_18213	7_55_1
t_18214	7_55_1
t_18215	7_55_1
t_18216	7_55_1
t_18217	7_55_1
t_18218	7_55_1
t_18219	7_55_1
t_18220	7_55_1
t_18221	7_55_1
t_18222	7_55_1
t_18223	7_55_1
t_18224	7_55_1
t_18225	7_55_1
t_18226	7_55_1
t_18227	7_55_1
t_18228	7_55_1
t_18229	7_55_1
t_18230	7_55_1
t_18231	7_55_1
t_18232	7_55_1
t_18233	7_55_1
t_18234	7_55_1
t_18235	7_55_1
t_18236	7_55_1
t_18237	7_55_1
t_18238	7_55_1
t_18239	7_55_1
t_18240	7_55_1
t_18241	7_55_1
t_18242	7_55_1
t_18243	7_55_1
t_18244	7_55_1
t_18245	7_55_1
t_18246	7_55_1
t_18247	7_55_1
t_18248	7_55_1
t_18249	7_55_1
t_18250	7_55_1
t_18251	7_55_1
t_18252	7_55_1
t_18253	7_55_1
t_18254	7_55_1
t_18255	7_55_1
t_18256	7_55_1
t_18257	7_55_1
t_18258	7_55_1
t_18259	7_55_1
t_18260	7_55_1
t_18261	7_55_1
t_18262	7_55_1
t_18263	7_55_1
t_18264	7_55_1
t_18265	7_55_1
t_18266	7_55_1
t_18267	7_55_1
t_18268	7_55_1
t_18269	7_55_1
t_18270	7_55_1
t_18271	7_55_1
t_18272	7_55_1
t_18273	7_55_1
t_18274	7_55_1
t_18275	7_55_1
t_18276	7_55_1
t_18277	7_55_1
t_18278	7_55_1
t_18279	7_55_1
t_18280	7_55_1
t_18281	7_55_1
t_18282	7_55_1
t_18283	7_55_1
t_18284	7_55_1
t_18285	7_55_1
t_18286	7_55_1
t_18287	7_55_1
t_18288	7_55_1
t_18289	7_55_1
t_18290	7_55_1
t_18291	7_55_1
t_18292	7_55_1
t_18293	7_55_1
t_18294	7_55_1
t_18295	7_55_1
t_18296	7_55_1
t_18297	7_55_1
t_18298	7_55_1
t_18299	7_55_1
t_18300	7_55_1
t_18301	7_55_1
t_18302	7_55_1
t_18303	7_55_1
t_18304	7_55_1
t_18305	7_55_1
t_18306	7_55_1
t_18307	7_55_1
t_18308	7_55_1
t_18309	7_55_1
t_18310	7_55_1
t_18311	7_55_1
t_18312	7_55_1
t_18313	7_55_1
t_18314	7_55_1
t_18315	7_55_1
t_18316	7_55_1
t_18317	7_55_1
t_18318	7_55_1
t_18319	7_55_1
t_18320	7_55_1
t_18321	7_55_1
t_18322	7_55_1
t_18323	7_56_1
t_18324	7_56_1
t_18325	7_56_1
t_18326	7_56_1
t_18327	7_56_1
t_18328	7_56_1
t_18329	7_56_1
t_18330	7_56_1
t_18331	7_56_1
t_18332	7_56_1
t_18333	7_56_1
t_18334	7_56_1
t_18335	7_56_1
t_18336	7_56_1
t_18337	7_56_1
t_18338	7_56_1
t_18339	7_56_1
t_18340	7_57_1
t_18341	7_57_1
t_18342	7_57_1
t_18343	7_57_1
t_18344	7_57_1
t_18345	7_57_1
t_18346	7_57_1
t_18347	7_57_1
t_18348	7_57_1
t_18349	7_57_1
t_18350	7_57_1
t_18351	7_57_1
t_18352	7_58_1
t_18353	7_58_1
t_18354	7_58_1
t_18355	7_58_1
t_18356	7_58_1
t_18357	7_58_1
t_18358	7_58_1
t_18359	7_58_1
t_18360	7_58_1
t_18361	7_58_1
t_18362	7_58_1
t_18363	7_58_1
t_18364	7_58_1
t_18365	7_58_1
t_18366	7_58_1
t_18367	7_58_1
t_18368	7_58_1
t_18369	7_58_1
t_18370	7_58_1
t_18371	7_58_1
t_18372	7_58_1
t_18373	7_58_1
t_18374	7_58_1
t_18375	7_58_1
t_18376	7_58_1
t_18377	7_58_1
t_18378	7_58_1
t_18379	7_58_1
t_18380	7_58_1
t_18381	7_58_1
t_18382	7_58_1
t_18383	7_58_1
t_18384	7_58_1
t_18385	7_58_1
t_18386	7_58_1
t_18387	7_58_1
t_18388	7_58_1
t_18389	7_58_1
t_18390	7_58_1
t_18391	7_58_1
t_18392	7_58_1
t_18393	7_58_1
t_18394	7_58_1
t_18395	7_58_1
t_18396	7_58_1
t_18397	7_58_1
t_18398	7_58_1
t_18399	7_58_1
t_18400	7_58_1
t_18401	7_58_1
t_18402	7_58_1
t_18403	7_58_1
t_18404	7_58_1
t_18405	7_58_1
t_18406	7_58_1
t_18407	7_58_1
t_18408	7_58_1
t_18409	7_58_1
t_18410	7_58_1
t_18411	7_58_1
t_18412	7_58_1
t_18413	7_58_1
t_18414	7_58_1
t_18415	7_58_1
t_18416	7_58_1
t_18417	7_58_1
t_18418	7_58_1
t_18419	7_58_1
t_18420	7_58_1
t_18421	7_58_1
t_18422	7_58_1
t_18423	7_58_1
t_18424	7_58_1
t_18425	7_58_1
t_18426	7_58_1
t_18427	7_58_1
t_18428	7_58_1
t_18429	7_58_1
t_18430	7_58_1
t_18431	7_58_1
t_18432	7_58_1
t_18433	7_58_1
t_18434	7_58_1
t_18435	7_58_1
t_18436	7_58_1
t_18437	7_58_1
t_18438	7_58_1
t_18439	7_58_1
t_18440	7_58_1
t_18441	7_58_1
t_18442	7_58_1
t_18443	7_59_1
t_18444	7_59_1
t_18445	7_59_1
t_18446	7_59_1
t_18447	7_59_1
t_18448	7_59_1
t_18449	7_59_1
t_18450	7_59_1
t_18451	7_59_1
t_18452	7_59_1
t_18453	7_59_1
t_18454	7_59_1
t_18455	7_59_1
t_18456	7_59_1
t_18457	7_59_1
t_18458	7_59_1
t_18459	7_59_1
t_18460	7_60_1
t_18461	7_60_1
t_18462	7_60_1
t_18463	7_60_1
t_18464	7_60_1
t_18465	7_60_1
t_18466	7_60_1
t_18467	7_60_1
t_18468	7_60_1
t_18469	7_60_1
t_18470	7_60_1
t_18471	7_60_1
t_18472	7_60_1
t_18473	7_60_1
t_18474	7_60_1
t_18475	7_60_1
t_18476	7_60_1
t_18477	7_60_1
t_18478	7_60_1
t_18479	7_60_1
t_18480	7_60_1
t_18481	7_60_1
t_18482	7_60_1
t_18483	7_60_1
t_18484	7_60_1
t_18485	7_60_1
t_18486	7_60_1
t_18487	7_60_1
t_18488	7_60_1
t_18489	7_60_1
t_18490	7_60_1
t_18491	7_60_1
t_18492	7_60_1
t_18493	7_60_1
t_18494	7_60_1
t_18495	7_60_1
t_18496	7_60_1
t_18497	7_60_1
t_18498	7_60_1
t_18499	7_60_1
t_18500	7_60_1
t_18501	7_60_1
t_18502	7_60_1
t_18503	7_60_1
t_18504	7_60_1
t_18505	7_60_1
t_18506	7_60_1
t_18507	7_60_1
t_18508	7_61_1
t_18509	7_61_1
t_18510	7_61_1
t_18511	7_61_1
t_18512	7_61_1
t_18513	7_61_1
t_18514	7_61_1
t_18515	7_61_1
t_18516	7_61_1
t_18517	7_61_1
t_18518	7_61_1
t_18519	7_61_1
t_18520	7_61_1
t_18521	7_61_1
t_18522	7_61_1
t_18523	7_61_1
t_18524	7_61_1
t_18525	7_61_1
t_18526	7_61_1
t_18527	7_61_1
t_18528	7_61_1
t_18529	7_62_1
t_18530	7_62_1
t_18531	7_62_1
t_18532	7_62_1
t_18533	7_62_1
t_18534	7_62_1
t_18535	7_62_1
t_18536	7_62_1
t_18537	7_62_1
t_18538	7_62_1
t_18539	7_62_1
t_18540	7_62_1
t_18541	7_62_1
t_18542	7_62_1
t_18543	7_62_1
t_18544	7_62_1
t_18545	7_62_1
t_18546	7_62_1
t_18547	7_62_1
t_18548	7_62_1
t_18549	7_62_1
t_18550	7_62_1
t_18551	7_62_1
t_18552	7_62_1
t_18553	7_62_1
t_18554	7_62_1
t_18555	7_62_1
t_18556	7_62_1
t_18557	7_62_1
t_18558	7_62_1
t_18559	7_62_1
t_18560	7_62_1
t_18561	7_62_1
t_18562	7_62_1
t_18563	7_62_1
t_18564	7_62_1
t_18565	7_62_1
t_18566	7_62_1
t_18567	7_62_1
t_18568	7_63_1
t_18569	7_63_1
t_18570	7_63_1
t_18571	7_63_1
t_18572	7_63_1
t_18573	7_63_1
t_18574	7_63_1
t_18575	7_63_1
t_18576	7_63_1
t_18577	7_63_1
t_18578	7_63_1
t_18579	7_63_1
t_18580	7_63_1
t_18581	7_63_1
t_18582	7_63_1
t_18583	7_63_1
t_18584	7_63_1
t_18585	7_63_1
t_18586	7_63_1
t_18587	7_63_1
t_18588	7_63_1
t_18589	7_63_1
t_18590	7_63_1
t_18591	7_63_1
t_18592	7_63_1
t_18593	7_63_1
t_18594	7_63_1
t_18595	7_63_1
t_18596	7_63_1
t_18597	7_63_1
t_18598	7_63_1
t_18599	7_63_1
t_18600	7_63_1
t_18601	7_63_1
t_18602	7_63_1
t_18603	7_63_1
t_18604	7_64_1
t_18605	7_64_1
t_18606	7_64_1
t_18607	7_64_1
t_18608	7_64_1
t_18609	7_64_1
t_18610	7_64_1
t_18611	7_64_1
t_18612	7_64_1
t_18613	7_64_1
t_18614	7_64_1
t_18615	7_64_1
t_18616	7_64_1
t_18617	7_64_1
t_18618	7_64_1
t_18619	7_64_1
t_18620	7_64_1
t_18621	7_64_1
t_18622	7_64_1
t_18623	7_64_1
t_18624	7_64_1
t_18625	7_64_1
t_18626	7_64_1
t_18627	7_64_1
t_18628	7_64_1
t_18629	7_64_1
t_18630	7_64_1
t_18631	7_64_1
t_18632	7_64_1
t_18633	7_64_1
t_18634	7_64_1
t_18635	7_64_1
t_18636	7_64_1
t_18637	7_64_1
t_18638	7_64_1
t_18639	7_64_1
t_18640	7_64_1
t_18641	7_64_1
t_18642	7_64_1
t_18643	7_64_1
t_18644	7_64_1
t_18645	7_64_1
t_18646	7_64_1
t_18647	7_64_1
t_18648	7_64_1
t_18649	7_64_1
t_18650	7_64_1
t_18651	7_64_1
t_18652	7_64_1
t_18653	7_64_1
t_18654	7_64_1
t_18655	7_64_1
t_18656	7_64_1
t_18657	7_64_1
t_18658	7_64_1
t_18659	7_64_1
t_18660	7_64_1
t_18661	7_64_1
t_18662	7_64_1
t_18663	7_64_1
t_18664	7_64_1
t_18665	7_64_1
t_18666	7_64_1
t_18667	7_64_1
t_18668	7_64_1
t_18669	7_64_1
t_18670	7_64_1
t_18671	7_64_1
t_18672	7_64_1
t_18673	7_64_1
t_18674	7_64_1
t_18675	7_64_1
t_18676	7_64_1
t_18677	7_64_1
t_18678	7_64_1
t_18679	7_64_1
t_18680	7_64_1
t_18681	7_64_1
t_18682	7_64_1
t_18683	7_64_1
t_18684	7_64_1
t_18685	7_64_1
t_18686	7_64_1
t_18687	7_64_1
t_18688	7_64_1
t_18689	7_64_1
t_18690	7_64_1
t_18691	7_64_1
t_18692	7_64_1
t_18693	7_64_1
t_18694	7_64_1
t_18695	7_64_1
t_18696	7_64_1
t_18697	7_64_1
t_18698	7_64_1
t_18699	7_64_1
t_18700	7_64_1
t_18701	7_65_1
t_18702	7_65_1
t_18703	7_65_1
t_18704	7_65_1
t_18705	7_65_1
t_18706	7_65_1
t_18707	7_65_1
t_18708	7_65_1
t_18709	7_65_1
t_18710	7_65_1
t_18711	7_65_1
t_18712	7_65_1
t_18713	7_65_1
t_18714	7_65_1
t_18715	7_65_1
t_18716	7_65_1
t_18717	7_65_1
t_18718	7_66_1
t_18719	7_66_1
t_18720	7_66_1
t_18721	7_66_1
t_18722	7_66_1
t_18723	7_66_1
t_18724	7_66_1
t_18725	7_66_1
t_18726	7_66_1
t_18727	7_66_1
t_18728	7_66_1
t_18729	7_66_1
t_18730	7_66_1
t_18731	7_66_1
t_18732	7_66_1
t_18733	7_66_1
t_18734	7_66_1
t_18735	7_66_1
t_18736	7_66_1
t_18737	7_66_1
t_18738	7_66_1
t_18739	7_66_1
t_18740	7_66_1
t_18741	7_66_1
t_18742	7_66_1
t_18743	7_66_1
t_18744	7_66_1
t_18745	7_66_1
t_18746	7_66_1
t_18747	7_66_1
t_18748	7_66_1
t_18749	7_66_1
t_18750	7_66_1
t_18751	7_66_1
t_18752	7_66_1
t_18753	7_66_1
t_18754	7_66_1
t_18755	7_66_1
t_18756	7_66_1
t_18757	7_66_1
t_18758	7_66_1
t_18759	7_66_1
t_18760	7_66_1
t_18761	7_66_1
t_18762	7_66_1
t_18763	7_66_1
t_18764	7_66_1
t_18765	7_66_1
t_18766	7_66_1
t_18767	7_66_1
t_18768	7_66_1
t_18769	7_66_1
t_18770	7_66_1
t_18771	7_66_1
t_18772	7_66_1
t_18773	7_66_1
t_18774	7_66_1
t_18775	7_66_1
t_18776	7_66_1
t_18777	7_66_1
t_18778	7_66_1
t_18779	7_66_1
t_18780	7_66_1
t_18781	7_66_1
t_18782	7_66_1
t_18783	7_66_1
t_18784	7_66_1
t_18785	7_66_1
t_18786	7_66_1
t_18787	7_66_1
t_18788	7_66_1
t_18789	7_66_1
t_18790	7_66_1
t_18791	7_66_1
t_18792	7_66_1
t_18793	7_66_1
t_18794	7_66_1
t_18795	7_66_1
t_18796	7_66_1
t_18797	7_66_1
t_18798	7_66_1
t_18799	7_66_1
t_18800	7_66_1
t_18801	7_66_1
t_18802	7_66_1
t_18803	7_66_1
t_18804	7_66_1
t_18805	7_66_1
t_18806	7_66_1
t_18807	7_66_1
t_18808	7_66_1
t_18809	7_66_1
t_18810	7_66_1
t_18811	7_66_1
t_18812	7_66_1
t_18813	7_66_1
t_18814	7_66_1
t_18815	7_66_1
t_18816	7_66_1
t_18817	7_66_1
t_18818	7_66_1
t_18819	7_66_1
t_18820	7_66_1
t_18821	7_66_1
t_18822	7_66_1
t_18823	7_66_1
t_18824	7_66_1
t_18825	7_66_1
t_18826	7_66_1
t_18827	7_66_1
t_18828	7_66_1
t_18829	7_66_1
t_18830	7_66_1
t_18831	7_66_1
t_18832	7_66_1
t_18833	7_66_1
t_18834	7_66_1
t_18835	7_66_1
t_18836	7_66_1
t_18837	7_66_1
t_18838	7_66_1
t_18839	7_66_1
t_18840	7_66_1
t_18841	7_66_1
t_18842	7_66_1
t_18843	7_67_1
t_18844	7_67_1
t_18845	7_67_1
t_18846	7_67_1
t_18847	7_67_1
t_18848	7_67_1
t_18849	7_67_1
t_18850	7_67_1
t_18851	7_67_1
t_18852	7_67_1
t_18853	7_67_1
t_18854	7_67_1
t_18855	7_67_1
t_18856	7_67_1
t_18857	7_67_1
t_18858	7_67_1
t_18859	7_67_1
t_18860	7_67_1
t_18861	7_67_1
t_18862	7_67_1
t_18863	7_67_1
t_18864	7_67_1
t_18865	7_67_1
t_18866	7_67_1
t_18867	7_67_1
t_18868	7_67_1
t_18869	7_67_1
t_18870	7_67_1
t_18871	7_67_1
t_18872	7_67_1
t_18873	7_67_1
t_18874	7_67_1
t_18875	7_67_1
t_18876	7_67_1
t_18877	7_67_1
t_18878	7_67_1
t_18879	7_67_1
t_18880	7_67_1
t_18881	7_67_1
t_18882	7_67_1
t_18883	7_67_1
t_18884	7_67_1
t_18885	7_67_1
t_18886	7_67_1
t_18887	7_67_1
t_18888	7_67_1
t_18889	7_67_1
t_18890	7_67_1
t_18891	7_67_1
t_18892	7_67_1
t_18893	7_67_1
t_18894	7_67_1
t_18895	7_67_1
t_18896	7_67_1
t_18897	7_67_1
t_18898	7_67_1
t_18899	7_67_1
t_18900	7_67_1
t_18901	7_67_1
t_18902	7_67_1
t_18903	7_67_1
t_18904	7_67_1
t_18905	7_67_1
t_18906	7_67_1
t_18907	7_67_1
t_18908	7_67_1
t_18909	7_67_1
t_18910	7_67_1
t_18911	7_68_1
t_18912	7_68_1
t_18913	7_68_1
t_18914	7_68_1
t_18915	7_68_1
t_18916	7_68_1
t_18917	7_68_1
t_18918	7_68_1
t_18919	7_68_1
t_18920	7_68_1
t_18921	7_68_1
t_18922	7_68_1
t_18923	7_68_1
t_18924	7_68_1
t_18925	7_68_1
t_18926	7_68_1
t_18927	7_68_1
t_18928	7_68_1
t_18929	7_68_1
t_18930	7_68_1
t_18931	7_68_1
t_18932	7_68_1
t_18933	7_68_1
t_18934	7_68_1
t_18935	7_68_1
t_18936	7_68_1
t_18937	7_68_1
t_18938	7_68_1
t_18939	7_68_1
t_18940	7_68_1
t_18941	7_68_1
t_18942	7_68_1
t_18943	7_68_1
t_18944	7_68_1
t_18945	7_68_1
t_18946	7_68_1
t_18947	7_68_1
t_18948	7_68_1
t_18949	7_68_1
t_18950	7_68_1
t_18951	7_68_1
t_18952	7_68_1
t_18953	7_68_1
t_18954	7_68_1
t_18955	7_68_1
t_18956	7_68_1
t_18957	7_68_1
t_18958	7_68_1
t_18959	7_68_1
t_18960	7_68_1
t_18961	7_68_1
t_18962	7_68_1
t_18963	7_68_1
t_18964	7_68_1
t_18965	7_68_1
t_18966	7_68_1
t_18967	7_68_1
t_18968	7_68_1
t_18969	7_68_1
t_18970	7_68_1
t_18971	7_68_1
t_18972	7_68_1
t_18973	7_68_1
t_18974	7_68_1
t_18975	7_68_1
t_18976	7_68_1
t_18977	7_68_1
t_18978	7_68_1
t_18979	7_68_1
t_18980	7_68_1
t_18981	7_68_1
t_18982	7_68_1
t_18983	7_68_1
t_18984	7_68_1
t_18985	7_68_1
t_18986	7_68_1
t_18987	7_68_1
t_18988	7_68_1
t_18989	7_68_1
t_18990	7_68_1
t_18991	7_68_1
t_18992	7_68_1
t_18993	7_68_1
t_18994	7_68_1
t_18995	7_68_1
t_18996	7_68_1
t_18997	7_68_1
t_18998	7_68_1
t_18999	7_68_1
t_19000	7_68_1
t_19001	7_68_1
t_19002	7_68_1
t_19003	7_68_1
t_19004	7_68_1
t_19005	7_68_1
t_19006	7_68_1
t_19007	7_68_1
t_19008	7_68_1
t_19009	7_68_1
t_19010	7_68_1
t_19011	7_68_1
t_19012	7_68_1
t_19013	7_68_1
t_19014	7_68_1
t_19015	7_68_1
t_19016	7_68_1
t_19017	7_68_1
t_19018	7_68_1
t_19019	7_68_1
t_19020	7_68_1
t_19021	7_68_1
t_19022	7_68_1
t_19023	7_68_1
t_19024	7_68_1
t_19025	7_68_1
t_19026	7_68_1
t_19027	7_68_1
t_19028	7_68_1
t_19029	7_69_1
t_19030	7_69_1
t_19031	7_69_1
t_19032	7_69_1
t_19033	7_69_1
t_19034	7_69_1
t_19035	7_69_1
t_19036	7_69_1
t_19037	7_69_1
t_19038	7_69_1
t_19039	7_69_1
t_19040	7_69_1
t_19041	7_69_1
t_19042	7_69_1
t_19043	7_69_1
t_19044	7_69_1
t_19045	7_69_1
t_19046	7_69_1
t_19047	7_69_1
t_19048	7_69_1
t_19049	7_69_1
t_19050	7_69_1
t_19051	7_69_1
t_19052	7_69_1
t_19053	7_70_1
t_19054	7_70_1
t_19055	7_70_1
t_19056	7_70_1
t_19057	7_70_1
t_19058	7_70_1
t_19059	7_70_1
t_19060	7_70_1
t_19061	7_70_1
t_19062	7_70_1
t_19063	7_70_1
t_19064	7_70_1
t_19065	7_70_1
t_19066	7_70_1
t_19067	7_70_1
t_19068	7_70_1
t_19069	7_70_1
t_19070	7_70_1
t_19071	7_70_1
t_19072	7_70_1
t_19073	7_70_1
t_19074	7_70_1
t_19075	7_70_1
t_19076	7_70_1
t_19077	7_70_1
t_19078	7_70_1
t_19079	7_70_1
t_19080	7_70_1
t_19081	7_70_1
t_19082	7_70_1
t_19083	7_70_1
t_19084	7_70_1
t_19085	7_70_1
t_19086	7_70_1
t_19087	7_70_1
t_19088	7_70_1
t_19089	7_70_1
t_19090	7_70_1
t_19091	7_70_1
t_19092	7_70_1
t_19093	7_70_1
t_19094	7_70_1
t_19095	7_70_1
t_19096	7_70_1
t_19097	7_70_1
t_19098	7_70_1
t_19099	7_70_1
t_19100	7_71_1
t_19101	7_71_1
t_19102	7_71_1
t_19103	7_71_1
t_19104	7_71_1
t_19105	7_71_1
t_19106	7_71_1
t_19107	7_71_1
t_19108	7_71_1
t_19109	7_71_1
t_19110	7_71_1
t_19111	7_71_1
t_19112	7_71_1
t_19113	7_71_1
t_19114	7_71_1
t_19115	7_71_1
t_19116	7_71_1
t_19117	7_71_1
t_19118	7_71_1
t_19119	7_71_1
t_19120	7_71_1
t_19121	7_71_1
t_19122	7_71_1
t_19123	7_72_1
t_19124	7_72_1
t_19125	7_72_1
t_19126	7_72_1
t_19127	7_72_1
t_19128	7_72_1
t_19129	7_72_1
t_19130	7_72_1
t_19131	7_72_1
t_19132	7_72_1
t_19133	7_72_1
t_19134	7_72_1
t_19135	7_72_1
t_19136	7_72_1
t_19137	7_72_1
t_19138	7_72_1
t_19139	7_72_1
t_19140	7_72_1
t_19141	7_72_1
t_19142	7_72_1
t_19143	7_73_1
t_19144	7_73_1
t_19145	7_73_1
t_19146	7_73_1
t_19147	7_73_1
t_19148	7_73_1
t_19149	7_73_1
t_19150	7_73_1
t_19151	7_73_1
t_19152	7_73_1
t_19153	7_73_1
t_19154	7_73_1
t_19155	7_73_1
t_19156	7_73_1
t_19157	7_73_1
t_19158	7_73_1
t_19159	7_73_1
t_19160	7_73_1
t_19161	7_73_1
t_19162	7_73_1
t_19163	7_73_1
t_19164	7_73_1
t_19165	7_73_1
t_19166	7_73_1
t_19167	7_73_1
t_19168	7_73_1
t_19169	7_73_1
t_19170	7_73_1
t_19171	7_73_1
t_19172	7_73_1
t_19173	7_74_1
t_19174	7_74_1
t_19175	7_74_1
t_19176	7_74_1
t_19177	7_74_1
t_19178	7_74_1
t_19179	7_74_1
t_19180	7_74_1
t_19181	7_74_1
t_19182	7_74_1
t_19183	7_74_1
t_19184	7_74_1
t_19185	7_74_1
t_19186	7_74_1
t_19187	7_74_1
t_19188	7_74_1
t_19189	7_74_1
t_19190	7_74_1
t_19191	7_74_1
t_19192	7_75_1
t_19193	7_75_1
t_19194	7_75_1
t_19195	7_75_1
t_19196	7_75_1
t_19197	7_75_1
t_19198	7_75_1
t_19199	7_75_1
t_19200	7_75_1
t_19201	7_75_1
t_19202	7_75_1
t_19203	7_75_1
t_19204	7_75_1
t_19205	7_75_1
t_19206	7_75_1
t_19207	7_75_1
t_19208	7_75_1
t_19209	7_75_1
t_19210	7_75_1
t_19211	7_75_1
t_19212	7_75_1
t_19213	7_75_1
t_19214	7_75_1
t_19215	7_75_1
t_19216	7_75_1
t_19217	7_75_1
t_19218	7_75_1
t_19219	7_75_1
t_19220	7_75_1
t_19221	7_75_1
t_19222	7_75_1
t_19223	7_75_1
t_19224	7_75_1
t_19225	7_75_1
t_19226	7_75_1
t_19227	7_75_1
t_19228	7_75_1
t_19229	7_75_1
t_19230	7_75_1
t_19231	7_75_1
t_19232	7_75_1
t_19233	7_75_1
t_19234	8_1_1
t_19235	8_1_1
t_19236	8_1_1
t_19237	8_1_1
t_19238	8_1_1
t_19239	8_1_1
t_19240	8_1_1
t_19241	8_1_1
t_19242	8_1_1
t_19243	8_1_1
t_19244	8_1_1
t_19245	8_1_1
t_19246	8_1_1
t_19247	8_1_1
t_19248	8_1_1
t_19249	8_1_1
t_19250	8_1_1
t_19251	8_1_1
t_19252	8_1_1
t_19253	8_1_1
t_19254	8_1_1
t_19255	8_1_1
t_19256	8_1_1
t_19257	8_1_1
t_19258	8_1_1
t_19259	8_1_1
t_19260	8_1_1
t_19261	8_1_1
t_19262	8_1_1
t_19263	8_1_1
t_19264	8_1_1
t_19265	8_1_1
t_19266	8_1_1
t_19267	8_1_1
t_19268	8_1_1
t_19269	8_1_1
t_19270	8_1_1
t_19271	8_1_1
t_19272	8_1_1
t_19273	8_1_1
t_19274	8_1_1
t_19275	8_1_1
t_19276	8_1_1
t_19277	8_1_1
t_19278	8_1_1
t_19279	8_1_1
t_19280	8_1_1
t_19281	8_1_1
t_19282	8_1_1
t_19283	8_1_1
t_19284	8_1_1
t_19285	8_1_1
t_19286	8_1_1
t_19287	8_1_1
t_19288	8_1_1
t_19289	8_1_1
t_19290	8_1_1
t_19291	8_1_1
t_19292	8_1_1
t_19293	8_1_1
t_19294	8_1_1
t_19295	8_1_1
t_19296	8_1_1
t_19297	8_1_1
t_19298	8_1_1
t_19299	8_1_1
t_19300	8_1_1
t_19301	8_1_1
t_19302	8_1_1
t_19303	8_1_1
t_19304	8_1_1
t_19305	8_1_1
t_19306	8_1_1
t_19307	8_1_1
t_19308	8_1_1
t_19309	8_1_1
t_19310	8_1_1
t_19311	8_1_1
t_19312	8_1_1
t_19313	8_1_1
t_19314	8_1_1
t_19315	8_1_1
t_19316	8_1_1
t_19317	8_1_1
t_19318	8_1_1
t_19319	8_1_1
t_19320	8_1_1
t_19321	8_1_1
t_19322	8_1_1
t_19323	8_1_1
t_19324	8_1_1
t_19325	8_1_1
t_19326	8_1_1
t_19327	8_1_1
t_19328	8_1_1
t_19329	8_1_1
t_19330	8_1_1
t_19331	8_1_1
t_19332	8_1_1
t_19333	8_1_1
t_19334	8_1_1
t_19335	8_1_1
t_19336	8_1_1
t_19337	8_1_1
t_19338	8_1_1
t_19339	8_1_1
t_19340	8_1_1
t_19341	8_1_1
t_19342	8_1_1
t_19343	8_1_1
t_19344	8_1_1
t_19345	8_1_1
t_19346	8_1_1
t_19347	8_1_1
t_19348	8_1_1
t_19349	8_1_1
t_19350	8_1_1
t_19351	8_1_1
t_19352	8_1_1
t_19353	8_1_1
t_19354	8_1_1
t_19355	8_1_1
t_19356	8_1_1
t_19357	8_1_1
t_19358	8_1_1
t_19359	8_1_1
t_19360	8_1_1
t_19361	8_1_1
t_19362	8_1_1
t_19363	8_1_1
t_19364	8_1_1
t_19365	8_1_1
t_19366	8_1_1
t_19367	8_1_1
t_19368	8_1_1
t_19369	8_1_1
t_19370	8_1_1
t_19371	8_1_1
t_19372	8_1_1
t_19373	8_1_1
t_19374	8_1_1
t_19375	8_1_1
t_19376	8_1_1
t_19377	8_1_1
t_19378	8_1_1
t_19379	8_1_1
t_19380	8_1_1
t_19381	8_1_1
t_19382	8_1_1
t_19383	8_1_1
t_19384	8_1_1
t_19385	8_1_1
t_19386	8_1_1
t_19387	8_1_1
t_19388	8_1_1
t_19389	8_1_1
t_19390	8_1_1
t_19391	8_1_1
t_19392	8_1_1
t_19393	8_1_1
t_19394	8_1_1
t_19395	8_1_1
t_19396	8_1_1
t_19397	8_1_1
t_19398	8_1_1
t_19399	8_1_1
t_19400	8_1_1
t_19401	8_1_1
t_19402	8_1_1
t_19403	8_1_1
t_19404	8_1_1
t_19405	8_1_1
t_19406	8_1_1
t_19407	8_1_1
t_19408	8_1_1
t_19409	8_1_1
t_19410	8_1_1
t_19411	8_1_1
t_19412	8_1_1
t_19413	8_1_1
t_19414	8_1_1
t_19415	8_1_1
t_19416	8_1_1
t_19417	8_1_1
t_19418	8_1_1
t_19419	8_1_1
t_19420	8_1_1
t_19421	8_1_1
t_19422	8_1_1
t_19423	8_1_1
t_19424	8_1_1
t_19425	8_1_1
t_19426	8_1_1
t_19427	8_1_1
t_19428	8_1_1
t_19429	8_1_1
t_19430	8_1_1
t_19431	8_2_1
t_19432	8_2_1
t_19433	8_2_1
t_19434	8_2_1
t_19435	8_2_1
t_19436	8_2_1
t_19437	8_2_1
t_19438	8_2_1
t_19439	8_2_1
t_19440	8_2_1
t_19441	8_2_1
t_19442	8_2_1
t_19443	8_2_1
t_19444	8_2_1
t_19445	8_2_1
t_19446	8_2_1
t_19447	8_2_1
t_19448	8_2_1
t_19449	8_2_1
t_19450	8_2_1
t_19451	8_2_1
t_19452	8_2_1
t_19453	8_2_1
t_19454	8_2_1
t_19455	8_2_1
t_19456	8_2_1
t_19457	8_2_1
t_19458	8_2_1
t_19459	8_2_1
t_19460	8_2_1
t_19461	8_2_1
t_19462	8_2_1
t_19463	8_2_1
t_19464	8_2_1
t_19465	8_2_1
t_19466	8_2_1
t_19467	8_2_1
t_19468	8_2_1
t_19469	8_2_1
t_19470	8_2_1
t_19471	8_2_1
t_19472	8_3_1
t_19473	8_3_1
t_19474	8_3_1
t_19475	8_3_1
t_19476	8_3_1
t_19477	8_3_1
t_19478	8_3_1
t_19479	8_3_1
t_19480	8_3_1
t_19481	8_3_1
t_19482	8_3_1
t_19483	8_3_1
t_19484	8_3_1
t_19485	8_3_1
t_19486	8_3_1
t_19487	8_3_1
t_19488	8_3_1
t_19489	8_3_1
t_19490	8_3_1
t_19491	8_3_1
t_19492	8_3_1
t_19493	8_3_1
t_19494	8_3_1
t_19495	8_3_1
t_19496	8_3_1
t_19497	8_3_1
t_19498	8_3_1
t_19499	8_3_1
t_19500	8_3_1
t_19501	8_3_1
t_19502	8_3_1
t_19503	8_3_1
t_19504	8_3_1
t_19505	8_3_1
t_19506	8_3_1
t_19507	8_3_1
t_19508	8_3_1
t_19509	8_3_1
t_19510	8_3_1
t_19511	8_3_1
t_19512	8_3_1
t_19513	8_3_1
t_19514	8_4_1
t_19515	8_4_1
t_19516	8_4_1
t_19517	8_4_1
t_19518	8_4_1
t_19519	8_4_1
t_19520	8_4_1
t_19521	8_4_1
t_19522	8_4_1
t_19523	8_4_1
t_19524	8_4_1
t_19525	8_4_1
t_19526	8_5_1
t_19527	8_5_1
t_19528	8_5_1
t_19529	8_5_1
t_19530	8_5_1
t_19531	8_5_1
t_19532	8_5_1
t_19533	8_5_1
t_19534	8_5_1
t_19535	8_5_1
t_19536	8_5_1
t_19537	8_5_1
t_19538	8_5_1
t_19539	8_5_1
t_19540	8_5_1
t_19541	8_5_1
t_19542	8_5_1
t_19543	8_5_1
t_19544	8_5_1
t_19545	8_5_1
t_19546	8_5_1
t_19547	8_5_1
t_19548	8_5_1
t_19549	8_5_1
t_19550	8_5_1
t_19551	8_5_1
t_19552	8_5_1
t_19553	8_5_1
t_19554	8_5_1
t_19555	8_5_1
t_19556	8_5_1
t_19557	8_5_1
t_19558	8_5_1
t_19559	8_5_1
t_19560	8_5_1
t_19561	8_5_1
t_19562	8_5_1
t_19563	8_5_1
t_19564	8_5_1
t_19565	8_5_1
t_19566	8_5_1
t_19567	8_5_1
t_19568	8_5_1
t_19569	8_5_1
t_19570	8_5_1
t_19571	8_5_1
t_19572	8_5_1
t_19573	8_5_1
t_19574	8_5_1
t_19575	8_5_1
t_19576	8_5_1
t_19577	8_5_1
t_19578	8_5_1
t_19579	8_5_1
t_19580	8_5_1
t_19581	8_5_1
t_19582	8_5_1
t_19583	8_5_1
t_19584	8_5_1
t_19585	8_5_1
t_19586	8_5_1
t_19587	8_5_1
t_19588	8_5_1
t_19589	8_5_1
t_19590	8_5_1
t_19591	8_5_1
t_19592	8_5_1
t_19593	8_5_1
t_19594	8_6_1
t_19595	8_6_1
t_19596	8_6_1
t_19597	8_6_1
t_19598	8_6_1
t_19599	8_6_1
t_19600	8_6_1
t_19601	8_6_1
t_19602	8_6_1
t_19603	8_6_1
t_19604	8_6_1
t_19605	8_6_1
t_19606	8_6_1
t_19607	8_6_1
t_19608	8_6_1
t_19609	8_6_1
t_19610	8_6_1
t_19611	8_6_1
t_19612	8_6_1
t_19613	8_6_1
t_19614	8_6_1
t_19615	8_6_1
t_19616	8_6_1
t_19617	8_6_1
t_19618	8_6_1
t_19619	8_6_1
t_19620	8_6_1
t_19621	8_6_1
t_19622	8_6_1
t_19623	8_6_1
t_19624	8_6_1
t_19625	8_6_1
t_19626	8_6_1
t_19627	8_6_1
t_19628	8_6_1
t_19629	8_6_1
t_19630	8_6_1
t_19631	8_6_1
t_19632	8_6_1
t_19633	8_6_1
t_19634	8_6_1
t_19635	8_6_1
t_19636	8_7_1
t_19637	8_7_1
t_19638	8_7_1
t_19639	8_7_1
t_19640	8_7_1
t_19641	8_7_1
t_19642	8_7_1
t_19643	8_7_1
t_19644	8_7_1
t_19645	8_7_1
t_19646	8_7_1
t_19647	8_7_1
t_19648	8_7_1
t_19649	8_7_1
t_19650	8_7_1
t_19651	8_7_1
t_19652	8_7_1
t_19653	8_7_1
t_19654	8_7_1
t_19655	8_7_1
t_19656	8_7_1
t_19657	8_7_1
t_19658	8_7_1
t_19659	8_7_1
t_19660	8_7_1
t_19661	8_7_1
t_19662	8_7_1
t_19663	8_7_1
t_19664	8_7_1
t_19665	8_7_1
t_19666	8_7_1
t_19667	8_7_1
t_19668	8_7_1
t_19669	8_7_1
t_19670	8_7_1
t_19671	8_7_1
t_19672	8_7_1
t_19673	8_7_1
t_19674	8_7_1
t_19675	8_7_1
t_19676	8_7_1
t_19677	8_7_1
t_19678	8_7_1
t_19679	8_7_1
t_19680	8_7_1
t_19681	8_7_1
t_19682	8_7_1
t_19683	8_7_1
t_19684	8_7_1
t_19685	8_7_1
t_19686	8_7_1
t_19687	8_7_1
t_19688	8_7_1
t_19689	8_7_1
t_19690	8_7_1
t_19691	8_7_1
t_19692	8_7_1
t_19693	8_7_1
t_19694	8_7_1
t_19695	8_7_1
t_19696	8_7_1
t_19697	8_7_1
t_19698	8_7_1
t_19699	8_7_1
t_19700	8_7_1
t_19701	8_7_1
t_19702	8_7_1
t_19703	8_7_1
t_19704	8_7_1
t_19705	8_7_1
t_19706	8_7_1
t_19707	8_7_1
t_19708	8_7_1
t_19709	8_7_1
t_19710	8_7_1
t_19711	8_7_1
t_19712	8_7_1
t_19713	8_7_1
t_19714	8_7_1
t_19715	8_7_1
t_19716	8_7_1
t_19717	8_7_1
t_19718	8_7_1
t_19719	8_7_1
t_19720	8_7_1
t_19721	8_7_1
t_19722	8_7_1
t_19723	8_7_1
t_19724	8_7_1
t_19725	8_7_1
t_19726	8_7_1
t_19727	8_7_1
t_19728	8_7_1
t_19729	8_7_1
t_19730	8_7_1
t_19731	8_7_1
t_19732	8_7_1
t_19733	8_7_1
t_19734	8_7_1
t_19735	8_7_1
t_19736	8_7_1
t_19737	8_7_1
t_19738	8_7_1
t_19739	8_7_1
t_19740	8_7_1
t_19741	8_7_1
t_19742	8_7_1
t_19743	8_7_1
t_19744	8_7_1
t_19745	8_7_1
t_19746	8_7_1
t_19747	8_7_1
t_19748	8_7_1
t_19749	8_7_1
t_19750	8_7_1
t_19751	8_7_1
t_19752	8_7_1
t_19753	8_7_1
t_19754	8_7_1
t_19755	8_7_1
t_19756	8_7_1
t_19757	8_7_1
t_19758	8_7_1
t_19759	8_7_1
t_19760	8_7_1
t_19761	8_7_1
t_19762	8_7_1
t_19763	8_7_1
t_19764	8_7_1
t_19765	8_7_1
t_19766	8_7_1
t_19767	8_7_1
t_19768	8_7_1
t_19769	8_7_1
t_19770	8_7_1
t_19771	8_7_1
t_19772	8_7_1
t_19773	8_7_1
t_19774	8_7_1
t_19775	8_7_1
t_19776	8_7_1
t_19777	8_7_1
t_19778	8_7_1
t_19779	8_7_1
t_19780	8_7_1
t_19781	8_7_1
t_19782	8_8_1
t_19783	8_8_1
t_19784	8_8_1
t_19785	8_8_1
t_19786	8_8_1
t_19787	8_8_1
t_19788	8_8_1
t_19789	8_8_1
t_19790	8_8_1
t_19791	8_8_1
t_19792	8_8_1
t_19793	8_8_1
t_19794	8_8_1
t_19795	8_8_1
t_19796	8_8_1
t_19797	8_8_1
t_19798	8_8_1
t_19799	8_8_1
t_19800	8_8_1
t_19801	8_8_1
t_19802	8_8_1
t_19803	8_8_1
t_19804	8_8_1
t_19805	8_8_1
t_19806	8_8_1
t_19807	8_8_1
t_19808	8_8_1
t_19809	8_8_1
t_19810	8_8_1
t_19811	8_8_1
t_19812	8_8_1
t_19813	8_8_1
t_19814	8_8_1
t_19815	8_8_1
t_19816	8_8_1
t_19817	8_9_1
t_19818	8_9_1
t_19819	8_9_1
t_19820	8_9_1
t_19821	8_9_1
t_19822	8_9_1
t_19823	8_9_1
t_19824	8_9_1
t_19825	8_9_1
t_19826	8_9_1
t_19827	8_9_1
t_19828	8_9_1
t_19829	8_9_1
t_19830	8_9_1
t_19831	8_10_1
t_19832	8_10_1
t_19833	8_10_1
t_19834	8_10_1
t_19835	8_10_1
t_19836	8_10_1
t_19837	8_10_1
t_19838	8_10_1
t_19839	8_10_1
t_19840	8_10_1
t_19841	8_10_1
t_19842	8_10_1
t_19843	8_10_1
t_19844	8_10_1
t_19845	8_10_1
t_19846	8_10_1
t_19847	8_10_1
t_19848	8_10_1
t_19849	8_10_1
t_19850	8_10_1
t_19851	8_10_1
t_19852	8_10_1
t_19853	8_10_1
t_19854	8_10_1
t_19855	8_10_1
t_19856	8_10_1
t_19857	8_10_1
t_19858	8_10_1
t_19859	8_10_1
t_19860	8_10_1
t_19861	8_10_1
t_19862	8_10_1
t_19863	8_10_1
t_19864	8_10_1
t_19865	8_10_1
t_19866	8_10_1
t_19867	8_10_1
t_19868	8_10_1
t_19869	8_10_1
t_19870	8_10_1
t_19871	8_10_1
t_19872	8_10_1
t_19873	8_10_1
t_19874	8_10_1
t_19875	8_10_1
t_19876	8_10_1
t_19877	8_10_1
t_19878	8_10_1
t_19879	8_10_1
t_19880	8_10_1
t_19881	8_10_1
t_19882	8_11_1
t_19883	8_11_1
t_19884	8_11_1
t_19885	8_11_1
t_19886	8_11_1
t_19887	8_11_1
t_19888	8_11_1
t_19889	8_11_1
t_19890	8_11_1
t_19891	8_11_1
t_19892	8_11_1
t_19893	8_11_1
t_19894	8_11_1
t_19895	8_11_1
t_19896	8_11_1
t_19897	8_11_1
t_19898	8_11_1
t_19899	8_11_1
t_19900	8_11_1
t_19901	8_11_1
t_19902	8_11_1
t_19903	8_11_1
t_19904	8_11_1
t_19905	8_11_1
t_19906	8_11_1
t_19907	8_11_1
t_19908	8_11_1
t_19909	8_11_1
t_19910	8_11_1
t_19911	8_11_1
t_19912	8_11_1
t_19913	8_11_1
t_19914	8_11_1
t_19915	8_11_1
t_19916	8_11_1
t_19917	8_12_1
t_19918	8_12_1
t_19919	8_12_1
t_19920	8_12_1
t_19921	8_12_1
t_19922	8_12_1
t_19923	8_12_1
t_19924	8_12_1
t_19925	8_12_1
t_19926	8_12_1
t_19927	8_12_1
t_19928	8_12_1
t_19929	8_12_1
t_19930	8_12_1
t_19931	8_12_1
t_19932	8_12_1
t_19933	8_12_1
t_19934	8_12_1
t_19935	8_12_1
t_19936	8_12_1
t_19937	8_12_1
t_19938	8_12_1
t_19939	8_12_1
t_19940	8_12_1
t_19941	8_12_1
t_19942	8_12_1
t_19943	8_12_1
t_19944	8_12_1
t_19945	8_12_1
t_19946	8_12_1
t_19947	8_12_1
t_19948	8_12_1
t_19949	8_12_1
t_19950	8_12_1
t_19951	8_12_1
t_19952	8_12_1
t_19953	8_12_1
t_19954	8_12_1
t_19955	8_12_1
t_19956	8_12_1
t_19957	8_12_1
t_19958	8_12_1
t_19959	8_12_1
t_19960	8_12_1
t_19961	8_12_1
t_19962	8_12_1
t_19963	8_12_1
t_19964	8_13_1
t_19965	8_13_1
t_19966	8_13_1
t_19967	8_13_1
t_19968	8_13_1
t_19969	8_13_1
t_19970	8_13_1
t_19971	8_13_1
t_19972	8_13_1
t_19973	8_13_1
t_19974	8_13_1
t_19975	8_13_1
t_19976	8_13_1
t_19977	8_13_1
t_19978	8_13_1
t_19979	8_13_1
t_19980	8_14_1
t_19981	8_14_1
t_19982	8_14_1
t_19983	8_14_1
t_19984	8_14_1
t_19985	8_14_1
t_19986	8_14_1
t_19987	8_14_1
t_19988	8_14_1
t_19989	8_14_1
t_19990	8_14_1
t_19991	8_14_1
t_19992	8_14_1
t_19993	8_14_1
t_19994	8_14_1
t_19995	8_14_1
t_19996	8_14_1
t_19997	8_14_1
t_19998	8_14_1
t_19999	8_14_1
t_20000	8_14_1
t_20001	8_14_1
t_20002	8_14_1
t_20003	8_14_1
t_20004	8_14_1
t_20005	8_14_1
t_20006	8_14_1
t_20007	8_14_1
t_20008	8_14_1
t_20009	8_14_1
t_20010	8_14_1
t_20011	8_14_1
t_20012	8_14_1
t_20013	8_14_1
t_20014	8_14_1
t_20015	8_14_1
t_20016	8_14_1
t_20017	8_14_1
t_20018	8_14_1
t_20019	8_14_1
t_20020	8_14_1
t_20021	8_14_1
t_20022	8_14_1
t_20023	8_14_1
t_20024	8_14_1
t_20025	8_14_1
t_20026	8_14_1
t_20027	8_14_1
t_20028	8_14_1
t_20029	8_14_1
t_20030	8_14_1
t_20031	8_14_1
t_20032	8_14_1
t_20033	8_14_1
t_20034	8_14_1
t_20035	8_14_1
t_20036	8_14_1
t_20037	8_14_1
t_20038	8_14_1
t_20039	8_14_1
t_20040	8_14_1
t_20041	8_14_1
t_20042	8_15_1
t_20043	8_15_1
t_20044	8_15_1
t_20045	8_15_1
t_20046	8_15_1
t_20047	8_15_1
t_20048	8_15_1
t_20049	8_15_1
t_20050	8_15_1
t_20051	8_15_1
t_20052	8_15_1
t_20053	8_15_1
t_20054	8_15_1
t_20055	8_15_1
t_20056	8_15_1
t_20057	8_15_1
t_20058	8_15_1
t_20059	8_15_1
t_20060	8_15_1
t_20061	8_15_1
t_20062	8_15_1
t_20063	8_15_1
t_20064	8_15_1
t_20065	8_15_1
t_20066	8_15_1
t_20067	8_15_1
t_20068	8_15_1
t_20069	8_15_1
t_20070	8_15_1
t_20071	8_15_1
t_20072	8_15_1
t_20073	8_15_1
t_20074	8_15_1
t_20075	8_15_1
t_20076	8_15_1
t_20077	8_15_1
t_20078	8_15_1
t_20079	8_15_1
t_20080	8_15_1
t_20081	8_15_1
t_20082	8_15_1
t_20083	8_15_1
t_20084	8_16_1
t_20085	8_16_1
t_20086	8_16_1
t_20087	8_16_1
t_20088	8_16_1
t_20089	8_16_1
t_20090	8_16_1
t_20091	8_16_1
t_20092	8_16_1
t_20093	8_16_1
t_20094	8_16_1
t_20095	8_16_1
t_20096	8_16_1
t_20097	8_16_1
t_20098	8_16_1
t_20099	8_16_1
t_20100	8_16_1
t_20101	8_16_1
t_20102	8_16_1
t_20103	8_16_1
t_20104	8_16_1
t_20105	8_16_1
t_20106	8_16_1
t_20107	8_16_1
t_20108	8_16_1
t_20109	8_16_1
t_20110	8_16_1
t_20111	8_16_1
t_20112	8_16_1
t_20113	8_16_1
t_20114	8_16_1
t_20115	8_17_1
t_20116	8_17_1
t_20117	8_17_1
t_20118	8_17_1
t_20119	8_17_1
t_20120	8_17_1
t_20121	8_17_1
t_20122	8_17_1
t_20123	8_17_1
t_20124	8_17_1
t_20125	8_17_1
t_20126	8_17_1
t_20127	8_17_1
t_20128	8_17_1
t_20129	8_17_1
t_20130	8_17_1
t_20131	8_17_1
t_20132	8_17_1
t_20133	8_17_1
t_20134	8_17_1
t_20135	8_17_1
t_20136	8_17_1
t_20137	8_17_1
t_20138	8_17_1
t_20139	8_17_1
t_20140	8_17_1
t_20141	8_17_1
t_20142	8_17_1
t_20143	8_17_1
t_20144	8_17_1
t_20145	8_17_1
t_20146	8_17_1
t_20147	8_17_1
t_20148	8_17_1
t_20149	8_17_1
t_20150	8_17_1
t_20151	8_17_1
t_20152	8_17_1
t_20153	8_17_1
t_20154	8_17_1
t_20155	8_17_1
t_20156	8_17_1
t_20157	8_17_1
t_20158	8_17_1
t_20159	8_17_1
t_20160	8_17_1
t_20161	8_17_1
t_20162	8_17_1
t_20163	8_17_1
t_20164	8_17_1
t_20165	8_17_1
t_20166	8_17_1
t_20167	8_17_1
t_20168	8_17_1
t_20169	8_17_1
t_20170	8_17_1
t_20171	8_17_1
t_20172	8_17_1
t_20173	8_17_1
t_20174	8_17_1
t_20175	8_17_1
t_20176	8_17_1
t_20177	8_17_1
t_20178	8_17_1
t_20179	8_17_1
t_20180	8_17_1
t_20181	8_17_1
t_20182	8_18_1
t_20183	8_18_1
t_20184	8_18_1
t_20185	8_18_1
t_20186	8_18_1
t_20187	8_18_1
t_20188	8_18_1
t_20189	8_18_1
t_20190	8_18_1
t_20191	8_18_1
t_20192	8_18_1
t_20193	8_18_1
t_20194	8_18_1
t_20195	8_18_1
t_20196	8_18_1
t_20197	8_18_1
t_20198	8_18_1
t_20199	8_18_1
t_20200	8_18_1
t_20201	8_18_1
t_20202	8_18_1
t_20203	8_18_1
t_20204	8_18_1
t_20205	8_18_1
t_20206	8_18_1
t_20207	8_18_1
t_20208	8_18_1
t_20209	8_18_1
t_20210	8_18_1
t_20211	8_18_1
t_20212	8_18_1
t_20213	8_18_1
t_20214	8_18_1
t_20215	8_18_1
t_20216	8_18_1
t_20217	8_19_1
t_20218	8_19_1
t_20219	8_19_1
t_20220	8_19_1
t_20221	8_19_1
t_20222	8_19_1
t_20223	8_19_1
t_20224	8_19_1
t_20225	8_19_1
t_20226	8_19_1
t_20227	8_19_1
t_20228	8_19_1
t_20229	8_19_1
t_20230	8_19_1
t_20231	8_19_1
t_20232	8_19_1
t_20233	8_19_1
t_20234	8_19_1
t_20235	8_19_1
t_20236	8_19_1
t_20237	8_19_1
t_20238	8_19_1
t_20239	8_19_1
t_20240	8_19_1
t_20241	8_19_1
t_20242	8_19_1
t_20243	8_19_1
t_20244	8_19_1
t_20245	8_19_1
t_20246	8_19_1
t_20247	8_19_1
t_20248	8_19_1
t_20249	8_19_1
t_20250	8_19_1
t_20251	8_19_1
t_20252	8_19_1
t_20253	8_19_1
t_20254	8_19_1
t_20255	8_19_1
t_20256	8_19_1
t_20257	8_19_1
t_20258	8_20_1
t_20259	8_20_1
t_20260	8_20_1
t_20261	8_20_1
t_20262	8_20_1
t_20263	8_20_1
t_20264	8_20_1
t_20265	8_20_1
t_20266	8_20_1
t_20267	8_20_1
t_20268	8_20_1
t_20269	8_20_1
t_20270	8_20_1
t_20271	8_20_1
t_20272	8_20_1
t_20273	8_20_1
t_20274	8_20_1
t_20275	8_20_1
t_20276	8_20_1
t_20277	8_20_1
t_20278	8_20_1
t_20279	8_20_1
t_20280	8_20_1
t_20281	8_20_1
t_20282	8_20_1
t_20283	8_20_1
t_20284	8_20_1
t_20285	8_20_1
t_20286	8_20_1
t_20287	8_20_1
t_20288	8_20_1
t_20289	8_20_1
t_20290	8_20_1
t_20291	8_20_1
t_20292	8_20_1
t_20293	8_20_1
t_20294	8_20_1
t_20295	8_20_1
t_20296	8_20_1
t_20297	8_20_1
t_20298	8_20_1
t_20299	8_20_1
t_20300	8_20_1
t_20301	8_20_1
t_20302	8_20_1
t_20303	8_20_1
t_20304	8_20_1
t_20305	8_20_1
t_20306	8_20_1
t_20307	8_20_1
t_20308	8_20_1
t_20309	8_20_1
t_20310	8_21_1
t_20311	8_21_1
t_20312	8_21_1
t_20313	8_21_1
t_20314	8_21_1
t_20315	8_21_1
t_20316	8_21_1
t_20317	8_21_1
t_20318	8_21_1
t_20319	8_21_1
t_20320	8_21_1
t_20321	8_21_1
t_20322	8_21_1
t_20323	8_21_1
t_20324	8_21_1
t_20325	8_21_1
t_20326	8_21_1
t_20327	8_21_1
t_20328	8_21_1
t_20329	8_21_1
t_20330	8_21_1
t_20331	8_21_1
t_20332	8_21_1
t_20333	8_21_1
t_20334	8_21_1
t_20335	8_21_1
t_20336	8_21_1
t_20337	8_21_1
t_20338	8_21_1
t_20339	8_21_1
t_20340	8_21_1
t_20341	8_21_1
t_20342	8_21_1
t_20343	8_21_1
t_20344	8_21_1
t_20345	8_21_1
t_20346	8_21_1
t_20347	8_21_1
t_20348	8_21_1
t_20349	8_21_1
t_20350	8_21_1
t_20351	8_21_1
t_20352	8_21_1
t_20353	8_21_1
t_20354	8_21_1
t_20355	8_21_1
t_20356	8_21_1
t_20357	8_21_1
t_20358	8_21_1
t_20359	8_21_1
t_20360	8_21_1
t_20361	8_21_1
t_20362	8_21_1
t_20363	8_21_1
t_20364	8_21_1
t_20365	8_21_1
t_20366	8_21_1
t_20367	8_21_1
t_20368	8_22_1
t_20369	8_22_1
t_20370	8_22_1
t_20371	8_22_1
t_20372	8_22_1
t_20373	8_22_1
t_20374	8_22_1
t_20375	8_22_1
t_20376	8_22_1
t_20377	8_22_1
t_20378	8_22_1
t_20379	8_22_1
t_20380	8_22_1
t_20381	8_22_1
t_20382	8_22_1
t_20383	8_22_1
t_20384	8_22_1
t_20385	8_22_1
t_20386	8_22_1
t_20387	8_22_1
t_20388	8_22_1
t_20389	8_22_1
t_20390	8_22_1
t_20391	8_22_1
t_20392	8_22_1
t_20393	8_22_1
t_20394	8_22_1
t_20395	8_23_1
t_20396	8_23_1
t_20397	8_23_1
t_20398	8_23_1
t_20399	8_23_1
t_20400	8_23_1
t_20401	8_23_1
t_20402	8_23_1
t_20403	8_23_1
t_20404	8_23_1
t_20405	8_23_1
t_20406	8_23_1
t_20407	8_23_1
t_20408	8_23_1
t_20409	8_23_1
t_20410	8_23_1
t_20411	8_23_1
t_20412	8_23_1
t_20413	8_23_1
t_20414	8_23_1
t_20415	8_23_1
t_20416	8_23_1
t_20417	8_23_1
t_20418	8_23_1
t_20419	8_23_1
t_20420	8_23_1
t_20421	8_23_1
t_20422	8_23_1
t_20423	8_23_1
t_20424	8_23_1
t_20425	8_24_1
t_20426	8_24_1
t_20427	8_24_1
t_20428	8_24_1
t_20429	8_24_1
t_20430	8_24_1
t_20431	8_24_1
t_20432	8_24_1
t_20433	8_24_1
t_20434	8_24_1
t_20435	8_24_1
t_20436	8_24_1
t_20437	8_24_1
t_20438	8_24_1
t_20439	8_24_1
t_20440	8_24_1
t_20441	8_24_1
t_20442	8_24_1
t_20443	8_24_1
t_20444	8_24_1
t_20445	8_24_1
t_20446	8_24_1
t_20447	8_24_1
t_20448	8_24_1
t_20449	8_24_1
t_20450	8_24_1
t_20451	8_24_1
t_20452	8_25_1
t_20453	8_25_1
t_20454	8_25_1
t_20455	8_25_1
t_20456	8_25_1
t_20457	8_25_1
t_20458	8_25_1
t_20459	8_25_1
t_20460	8_25_1
t_20461	8_25_1
t_20462	8_25_1
t_20463	8_25_1
t_20464	8_25_1
t_20465	8_25_1
t_20466	8_25_1
t_20467	8_25_1
t_20468	8_25_1
t_20469	8_25_1
t_20470	8_25_1
t_20471	8_25_1
t_20472	8_25_1
t_20473	8_25_1
t_20474	8_25_1
t_20475	8_25_1
t_20476	8_25_1
t_20477	8_25_1
t_20478	8_25_1
t_20479	8_25_1
t_20480	8_25_1
t_20481	8_25_1
t_20482	8_25_1
t_20483	8_25_1
t_20484	8_25_1
t_20485	8_25_1
t_20486	8_25_1
t_20487	8_25_1
t_20488	8_25_1
t_20489	8_25_1
t_20490	8_25_1
t_20491	8_25_1
t_20492	8_25_1
t_20493	8_25_1
t_20494	8_25_1
t_20495	8_25_1
t_20496	8_25_1
t_20497	8_25_1
t_20498	8_25_1
t_20499	8_25_1
t_20500	8_25_1
t_20501	8_25_1
t_20502	8_25_1
t_20503	8_25_1
t_20504	8_25_1
t_20505	8_25_1
t_20506	8_25_1
t_20507	8_25_1
t_20508	8_25_1
t_20509	8_25_1
t_20510	8_25_1
t_20511	8_25_1
t_20512	8_25_1
t_20513	8_25_1
t_20514	8_25_1
t_20515	8_25_1
t_20516	8_25_1
t_20517	8_25_1
t_20518	8_25_1
t_20519	8_25_1
t_20520	8_25_1
t_20521	8_25_1
t_20522	8_25_1
t_20523	8_25_1
t_20524	8_25_1
t_20525	8_25_1
t_20526	8_25_1
t_20527	8_25_1
t_20528	8_25_1
t_20529	8_25_1
t_20530	8_25_1
t_20531	8_25_1
t_20532	8_25_1
t_20533	8_25_1
t_20534	8_25_1
t_20535	8_25_1
t_20536	8_25_1
t_20537	8_25_1
t_20538	8_25_1
t_20539	8_25_1
t_20540	8_25_1
t_20541	8_25_1
t_20542	8_25_1
t_20543	8_25_1
t_20544	8_25_1
t_20545	8_25_1
t_20546	8_25_1
t_20547	8_25_1
t_20548	8_25_1
t_20549	8_25_1
t_20550	8_25_1
t_20551	8_25_1
t_20552	8_25_1
t_20553	8_25_1
t_20554	8_25_1
t_20555	8_25_1
t_20556	8_25_1
t_20557	8_25_1
t_20558	8_25_1
t_20559	8_26_1
t_20560	8_26_1
t_20561	8_26_1
t_20562	8_26_1
t_20563	8_26_1
t_20564	8_26_1
t_20565	8_26_1
t_20566	8_26_1
t_20567	8_26_1
t_20568	8_26_1
t_20569	8_26_1
t_20570	8_26_1
t_20571	8_26_1
t_20572	8_26_1
t_20573	8_26_1
t_20574	8_26_1
t_20575	8_26_1
t_20576	8_26_1
t_20577	8_26_1
t_20578	8_26_1
t_20579	8_26_1
t_20580	8_26_1
t_20581	8_26_1
t_20582	8_26_1
t_20583	8_26_1
t_20584	8_26_1
t_20585	8_26_1
t_20586	8_26_1
t_20587	8_26_1
t_20588	8_26_1
t_20589	8_26_1
t_20590	8_26_1
t_20591	8_26_1
t_20592	8_26_1
t_20593	8_26_1
t_20594	8_26_1
t_20595	8_27_1
t_20596	8_27_1
t_20597	8_27_1
t_20598	8_27_1
t_20599	8_27_1
t_20600	8_27_1
t_20601	8_27_1
t_20602	8_27_1
t_20603	8_27_1
t_20604	8_27_1
t_20605	8_27_1
t_20606	8_27_1
t_20607	8_27_1
t_20608	8_27_1
t_20609	8_27_1
t_20610	8_27_1
t_20611	8_27_1
t_20612	8_27_1
t_20613	8_27_1
t_20614	8_27_1
t_20615	8_27_1
t_20616	8_27_1
t_20617	8_27_1
t_20618	8_27_1
t_20619	8_27_1
t_20620	8_27_1
t_20621	8_27_1
t_20622	8_27_1
t_20623	8_27_1
t_20624	8_27_1
t_20625	8_28_1
t_20626	8_28_1
t_20627	8_28_1
t_20628	8_28_1
t_20629	8_28_1
t_20630	8_28_1
t_20631	8_28_1
t_20632	8_28_1
t_20633	8_28_1
t_20634	8_28_1
t_20635	8_28_1
t_20636	8_28_1
t_20637	8_28_1
t_20638	8_28_1
t_20639	8_28_1
t_20640	8_28_1
t_20641	8_28_1
t_20642	8_28_1
t_20643	8_28_1
t_20644	8_28_1
t_20645	8_28_1
t_20646	8_28_1
t_20647	8_28_1
t_20648	8_28_1
t_20649	8_28_1
t_20650	8_28_1
t_20651	8_28_1
t_20652	8_28_1
t_20653	8_28_1
t_20654	8_28_1
t_20655	8_28_1
t_20656	8_28_1
t_20657	8_28_1
t_20658	8_28_1
t_20659	8_28_1
t_20660	8_28_1
t_20661	8_28_1
t_20662	8_28_1
t_20663	8_28_1
t_20664	8_28_1
t_20665	8_28_1
t_20666	8_28_1
t_20667	8_28_1
t_20668	8_28_1
t_20669	8_29_1
t_20670	8_29_1
t_20671	8_29_1
t_20672	8_29_1
t_20673	8_29_1
t_20674	8_29_1
t_20675	8_29_1
t_20676	8_29_1
t_20677	8_29_1
t_20678	8_29_1
t_20679	8_29_1
t_20680	8_29_1
t_20681	8_29_1
t_20682	8_29_1
t_20683	8_29_1
t_20684	8_29_1
t_20685	8_29_1
t_20686	8_29_1
t_20687	8_29_1
t_20688	8_29_1
t_20689	8_29_1
t_20690	8_29_1
t_20691	8_29_1
t_20692	8_29_1
t_20693	8_29_1
t_20694	8_29_1
t_20695	8_29_1
t_20696	8_29_1
t_20697	8_29_1
t_20698	8_29_1
t_20699	8_29_1
t_20700	8_29_1
t_20701	8_29_1
t_20702	8_29_1
t_20703	8_29_1
t_20704	8_29_1
t_20705	8_29_1
t_20706	8_29_1
t_20707	8_29_1
t_20708	8_29_1
t_20709	8_29_1
t_20710	8_29_1
t_20711	8_29_1
t_20712	8_29_1
t_20713	8_29_1
t_20714	8_30_1
t_20715	8_30_1
t_20716	8_30_1
t_20717	8_30_1
t_20718	8_30_1
t_20719	8_30_1
t_20720	8_30_1
t_20721	8_30_1
t_20722	8_30_1
t_20723	8_30_1
t_20724	8_30_1
t_20725	8_30_1
t_20726	8_30_1
t_20727	8_30_1
t_20728	8_30_1
t_20729	8_30_1
t_20730	8_30_1
t_20731	8_31_1
t_20732	8_31_1
t_20733	8_31_1
t_20734	8_31_1
t_20735	8_31_1
t_20736	8_31_1
t_20737	8_31_1
t_20738	8_31_1
t_20739	8_31_1
t_20740	8_31_1
t_20741	8_31_1
t_20742	8_31_1
t_20743	8_31_1
t_20744	8_31_1
t_20745	8_31_1
t_20746	8_31_1
t_20747	8_31_1
t_20748	8_31_1
t_20749	8_31_1
t_20750	8_31_1
t_20751	8_31_1
t_20752	8_31_1
t_20753	8_31_1
t_20754	8_31_1
t_20755	8_31_1
t_20756	8_31_1
t_20757	8_31_1
t_20758	8_31_1
t_20759	8_31_1
t_20760	8_31_1
t_20761	8_31_1
t_20762	8_31_1
t_20763	8_31_1
t_20764	8_31_1
t_20765	8_31_1
t_20766	8_31_1
t_20767	8_31_1
t_20768	8_31_1
t_20769	8_31_1
t_20770	8_31_1
t_20771	8_31_1
t_20772	8_31_1
t_20773	8_31_1
t_20774	8_31_1
t_20775	8_31_1
t_20776	8_31_1
t_20777	8_31_1
t_20778	8_31_1
t_20779	8_31_1
t_20780	8_31_1
t_20781	8_31_1
t_20782	8_31_1
t_20783	8_31_1
t_20784	8_31_1
t_20785	8_31_1
t_20786	8_31_1
t_20787	8_31_1
t_20788	8_31_1
t_20789	8_31_1
t_20790	8_31_1
t_20791	8_31_1
t_20792	8_31_1
t_20793	8_31_1
t_20794	8_31_1
t_20795	8_31_1
t_20796	8_31_1
t_20797	8_31_1
t_20798	8_31_1
t_20799	8_31_1
t_20800	8_31_1
t_20801	8_31_1
t_20802	8_31_1
t_20803	8_31_1
t_20804	8_31_1
t_20805	8_31_1
t_20806	8_31_1
t_20807	8_31_1
t_20808	8_31_1
t_20809	8_31_1
t_20810	8_31_1
t_20811	8_31_1
t_20812	8_31_1
t_20813	8_31_1
t_20814	8_31_1
t_20815	8_31_1
t_20816	8_31_1
t_20817	8_32_1
t_20818	8_32_1
t_20819	8_32_1
t_20820	8_32_1
t_20821	8_32_1
t_20822	8_32_1
t_20823	8_32_1
t_20824	8_32_1
t_20825	8_32_1
t_20826	8_32_1
t_20827	8_32_1
t_20828	8_32_1
t_20829	8_32_1
t_20830	8_32_1
t_20831	8_32_1
t_20832	8_32_1
t_20833	8_32_1
t_20834	8_32_1
t_20835	8_32_1
t_20836	8_32_1
t_20837	8_32_1
t_20838	8_32_1
t_20839	8_32_1
t_20840	8_32_1
t_20841	8_32_1
t_20842	8_32_1
t_20843	8_32_1
t_20844	8_32_1
t_20845	8_32_1
t_20846	8_32_1
t_20847	8_32_1
t_20848	8_32_1
t_20849	8_32_1
t_20850	8_32_1
t_20851	8_32_1
t_20852	8_32_1
t_20853	8_32_1
t_20854	8_32_1
t_20855	8_32_1
t_20856	8_32_1
t_20857	8_32_1
t_20858	8_32_1
t_20859	8_32_1
t_20860	8_32_1
t_20861	8_32_1
t_20862	8_32_1
t_20863	8_32_1
t_20864	8_32_1
t_20865	8_32_1
t_20866	8_32_1
t_20867	8_32_1
t_20868	8_32_1
t_20869	8_32_1
t_20870	8_32_1
t_20871	8_32_1
t_20872	8_32_1
t_20873	8_32_1
t_20874	8_32_1
t_20875	8_32_1
t_20876	8_32_1
t_20877	8_32_1
t_20878	8_32_1
t_20879	8_32_1
t_20880	8_32_1
t_20881	8_32_1
t_20882	8_32_1
t_20883	8_32_1
t_20884	8_32_1
t_20885	8_32_1
t_20886	8_32_1
t_20887	8_32_1
t_20888	8_32_1
t_20889	8_32_1
t_20890	8_32_1
t_20891	8_32_1
t_20892	8_32_1
t_20893	8_32_1
t_20894	8_32_1
t_20895	8_32_1
t_20896	8_32_1
t_20897	8_32_1
t_20898	8_32_1
t_20899	8_32_1
t_20900	8_32_1
t_20901	8_33_1
t_20902	8_33_1
t_20903	8_33_1
t_20904	8_33_1
t_20905	8_33_1
t_20906	8_33_1
t_20907	8_33_1
t_20908	8_33_1
t_20909	8_34_1
t_20910	8_34_1
t_20911	8_34_1
t_20912	8_34_1
t_20913	8_34_1
t_20914	8_34_1
t_20915	8_34_1
t_20916	8_34_1
t_20917	8_34_1
t_20918	8_34_1
t_20919	8_34_1
t_20920	8_34_1
t_20921	8_34_1
t_20922	8_34_1
t_20923	8_34_1
t_20924	8_34_1
t_20925	8_34_1
t_20926	8_34_1
t_20927	8_34_1
t_20928	8_34_1
t_20929	8_34_1
t_20930	8_34_1
t_20931	8_34_1
t_20932	8_34_1
t_20933	8_34_1
t_20934	8_34_1
t_20935	8_34_1
t_20936	8_34_1
t_20937	8_34_1
t_20938	8_34_1
t_20939	8_34_1
t_20940	8_34_1
t_20941	8_34_1
t_20942	8_34_1
t_20943	8_34_1
t_20944	8_34_1
t_20945	8_34_1
t_20946	8_34_1
t_20947	8_34_1
t_20948	8_34_1
t_20949	8_34_1
t_20950	8_34_1
t_20951	8_34_1
t_20952	8_34_1
t_20953	8_34_1
t_20954	8_34_1
t_20955	8_34_1
t_20956	8_34_1
t_20957	8_34_1
t_20958	8_34_1
t_20959	8_34_1
t_20960	8_34_1
t_20961	8_34_1
t_20962	8_34_1
t_20963	8_34_1
t_20964	8_34_1
t_20965	8_34_1
t_20966	8_34_1
t_20967	8_34_1
t_20968	8_34_1
t_20969	8_34_1
t_20970	8_34_1
t_20971	8_34_1
t_20972	8_34_1
t_20973	8_34_1
t_20974	8_34_1
t_20975	8_34_1
t_20976	8_34_1
t_20977	8_34_1
t_20978	8_34_1
t_20979	8_34_1
t_20980	8_34_1
t_20981	8_34_1
t_20982	8_34_1
t_20983	8_34_1
t_20984	8_34_1
t_20985	8_34_1
t_20986	8_34_1
t_20987	8_34_1
t_20988	8_34_1
t_20989	8_34_1
t_20990	8_34_1
t_20991	8_34_1
t_20992	8_34_1
t_20993	8_34_1
t_20994	8_34_1
t_20995	8_34_1
t_20996	8_34_1
t_20997	8_34_1
t_20998	8_34_1
t_20999	8_34_1
t_21000	8_34_1
t_21001	8_34_1
t_21002	8_34_1
t_21003	8_34_1
t_21004	8_34_1
t_21005	8_34_1
t_21006	8_34_1
t_21007	8_34_1
t_21008	8_34_1
t_21009	8_34_1
t_21010	8_34_1
t_21011	8_34_1
t_21012	8_34_1
t_21013	8_34_1
t_21014	8_34_1
t_21015	8_34_1
t_21016	8_34_1
t_21017	8_34_1
t_21018	8_34_1
t_21019	8_34_1
t_21020	8_34_1
t_21021	8_34_1
t_21022	8_34_1
t_21023	8_34_1
t_21024	8_34_1
t_21025	8_34_1
t_21026	8_34_1
t_21027	8_34_1
t_21028	8_34_1
t_21029	8_34_1
t_21030	8_34_1
t_21031	8_35_1
t_21032	8_35_1
t_21033	8_35_1
t_21034	8_35_1
t_21035	8_35_1
t_21036	8_35_1
t_21037	8_35_1
t_21038	8_35_1
t_21039	8_35_1
t_21040	8_35_1
t_21041	8_35_1
t_21042	8_35_1
t_21043	8_35_1
t_21044	8_35_1
t_21045	8_35_1
t_21046	8_35_1
t_21047	8_35_1
t_21048	8_35_1
t_21049	8_35_1
t_21050	8_35_1
t_21051	8_35_1
t_21052	8_35_1
t_21053	8_35_1
t_21054	8_35_1
t_21055	8_35_1
t_21056	8_35_1
t_21057	8_35_1
t_21058	8_35_1
t_21059	8_35_1
t_21060	8_35_1
t_21061	8_35_1
t_21062	8_35_1
t_21063	8_35_1
t_21064	8_35_1
t_21065	8_35_1
t_21066	8_35_1
t_21067	8_35_1
t_21068	8_35_1
t_21069	8_35_1
t_21070	8_35_1
t_21071	8_35_1
t_21072	8_35_1
t_21073	8_35_1
t_21074	8_35_1
t_21075	8_35_1
t_21076	8_35_1
t_21077	8_35_1
t_21078	8_35_1
t_21079	8_35_1
t_21080	8_35_1
t_21081	8_35_1
t_21082	8_35_1
t_21083	8_35_1
t_21084	8_35_1
t_21085	8_35_1
t_21086	8_35_1
t_21087	8_35_1
t_21088	8_35_1
t_21089	8_35_1
t_21090	8_35_1
t_21091	8_35_1
t_21092	8_35_1
t_21093	8_36_1
t_21094	8_36_1
t_21095	8_36_1
t_21096	8_36_1
t_21097	8_36_1
t_21098	8_36_1
t_21099	8_36_1
t_21100	8_36_1
t_21101	8_36_1
t_21102	8_36_1
t_21103	8_36_1
t_21104	8_36_1
t_21105	8_36_1
t_21106	8_36_1
t_21107	8_36_1
t_21108	8_36_1
t_21109	8_36_1
t_21110	8_36_1
t_21111	8_36_1
t_21112	8_36_1
t_21113	8_36_1
t_21114	8_36_1
t_21115	8_36_1
t_21116	8_36_1
t_21117	8_36_1
t_21118	8_36_1
t_21119	8_36_1
t_21120	8_36_1
t_21121	8_36_1
t_21122	8_36_1
t_21123	8_36_1
t_21124	8_36_1
t_21125	8_36_1
t_21126	8_36_1
t_21127	8_36_1
t_21128	8_36_1
t_21129	8_36_1
t_21130	8_36_1
t_21131	8_36_1
t_21132	8_36_1
t_21133	8_36_1
t_21134	8_36_1
t_21135	8_36_1
t_21136	8_36_1
t_21137	8_36_1
t_21138	8_36_1
t_21139	8_36_1
t_21140	8_36_1
t_21141	8_36_1
t_21142	8_36_1
t_21143	8_36_1
t_21144	8_36_1
t_21145	8_36_1
t_21146	8_36_1
t_21147	8_36_1
t_21148	8_36_1
t_21149	8_36_1
t_21150	8_36_1
t_21151	8_36_1
t_21152	8_36_1
t_21153	8_36_1
t_21154	8_36_1
t_21155	8_36_1
t_21156	8_36_1
t_21157	8_36_1
t_21158	8_36_1
t_21159	8_36_1
t_21160	8_36_1
t_21161	8_36_1
t_21162	8_36_1
t_21163	8_36_1
t_21164	8_36_1
t_21165	8_36_1
t_21166	8_36_1
t_21167	8_36_1
t_21168	8_36_1
t_21169	8_36_1
t_21170	8_36_1
t_21171	8_36_1
t_21172	8_37_1
t_21173	8_37_1
t_21174	8_37_1
t_21175	8_37_1
t_21176	8_37_1
t_21177	8_37_1
t_21178	8_37_1
t_21179	8_37_1
t_21180	8_37_1
t_21181	8_37_1
t_21182	8_37_1
t_21183	8_37_1
t_21184	8_37_1
t_21185	8_37_1
t_21186	8_37_1
t_21187	8_37_1
t_21188	8_37_1
t_21189	8_37_1
t_21190	8_37_1
t_21191	8_37_1
t_21192	8_37_1
t_21193	8_37_1
t_21194	8_37_1
t_21195	8_37_1
t_21196	8_37_1
t_21197	8_37_1
t_21198	8_37_1
t_21199	8_37_1
t_21200	8_37_1
t_21201	8_37_1
t_21202	8_37_1
t_21203	8_37_1
t_21204	8_37_1
t_21205	8_37_1
t_21206	8_37_1
t_21207	8_37_1
t_21208	8_37_1
t_21209	8_37_1
t_21210	8_37_1
t_21211	8_37_1
t_21212	8_37_1
t_21213	8_37_1
t_21214	8_37_1
t_21215	8_37_1
t_21216	8_37_1
t_21217	8_37_1
t_21218	8_37_1
t_21219	8_37_1
t_21220	8_37_1
t_21221	8_37_1
t_21222	8_37_1
t_21223	8_37_1
t_21224	8_37_1
t_21225	8_37_1
t_21226	8_37_1
t_21227	8_37_1
t_21228	8_37_1
t_21229	8_37_1
t_21230	8_37_1
t_21231	8_37_1
t_21232	8_37_1
t_21233	8_37_1
t_21234	8_37_1
t_21235	8_37_1
t_21236	8_37_1
t_21237	8_37_1
t_21238	8_37_1
t_21239	8_37_1
t_21240	8_37_1
t_21241	8_37_1
t_21242	8_37_1
t_21243	8_37_1
t_21244	8_37_1
t_21245	8_37_1
t_21246	8_37_1
t_21247	8_37_1
t_21248	8_37_1
t_21249	8_37_1
t_21250	8_37_1
t_21251	8_37_1
t_21252	8_37_1
t_21253	8_37_1
t_21254	8_38_1
t_21255	8_38_1
t_21256	8_38_1
t_21257	8_38_1
t_21258	8_38_1
t_21259	8_38_1
t_21260	8_38_1
t_21261	8_38_1
t_21262	8_38_1
t_21263	8_38_1
t_21264	8_38_1
t_21265	8_38_1
t_21266	8_39_1
t_21267	8_39_1
t_21268	8_39_1
t_21269	8_39_1
t_21270	8_39_1
t_21271	8_39_1
t_21272	8_39_1
t_21273	8_39_1
t_21274	8_39_1
t_21275	8_39_1
t_21276	8_39_1
t_21277	8_39_1
t_21278	8_39_1
t_21279	8_39_1
t_21280	8_39_1
t_21281	8_39_1
t_21282	8_39_1
t_21283	8_39_1
t_21284	8_40_1
t_21285	8_40_1
t_21286	8_40_1
t_21287	8_40_1
t_21288	8_40_1
t_21289	8_40_1
t_21290	8_40_1
t_21291	8_40_1
t_21292	8_40_1
t_21293	8_40_1
t_21294	8_40_1
t_21295	8_40_1
t_21296	8_40_1
t_21297	8_40_1
t_21298	8_40_1
t_21299	8_40_1
t_21300	8_40_1
t_21301	8_40_1
t_21302	8_40_1
t_21303	8_40_1
t_21304	8_40_1
t_21305	8_40_1
t_21306	8_40_1
t_21307	8_40_1
t_21308	8_40_1
t_21309	8_40_1
t_21310	8_40_1
t_21311	8_40_1
t_21312	8_40_1
t_21313	8_40_1
t_21314	8_40_1
t_21315	8_40_1
t_21316	8_40_1
t_21317	8_40_1
t_21318	8_40_1
t_21319	8_40_1
t_21320	8_40_1
t_21321	8_40_1
t_21322	8_40_1
t_21323	8_40_1
t_21324	8_40_1
t_21325	8_40_1
t_21326	8_40_1
t_21327	8_40_1
t_21328	8_40_1
t_21329	8_40_1
t_21330	8_40_1
t_21331	8_40_1
t_21332	8_40_1
t_21333	8_40_1
t_21334	8_40_1
t_21335	8_40_1
t_21336	8_40_1
t_21337	8_40_1
t_21338	8_40_1
t_21339	8_40_1
t_21340	8_40_1
t_21341	8_41_1
t_21342	8_41_1
t_21343	8_41_1
t_21344	8_41_1
t_21345	8_41_1
t_21346	8_41_1
t_21347	8_41_1
t_21348	8_41_1
t_21349	8_41_1
t_21350	8_41_1
t_21351	8_41_1
t_21352	8_41_1
t_21353	8_41_1
t_21354	8_41_1
t_21355	8_41_1
t_21356	8_41_1
t_21357	8_41_1
t_21358	8_41_1
t_21359	8_41_1
t_21360	8_41_1
t_21361	8_41_1
t_21362	8_41_1
t_21363	8_41_1
t_21364	8_41_1
t_21365	8_41_1
t_21366	8_41_1
t_21367	8_41_1
t_21368	8_41_1
t_21369	8_41_1
t_21370	8_41_1
t_21371	8_41_1
t_21372	8_41_1
t_21373	8_41_1
t_21374	8_41_1
t_21375	8_41_1
t_21376	8_41_1
t_21377	8_41_1
t_21378	8_41_1
t_21379	8_41_1
t_21380	8_41_1
t_21381	8_41_1
t_21382	8_41_1
t_21383	8_41_1
t_21384	8_41_1
t_21385	8_41_1
t_21386	8_41_1
t_21387	8_41_1
t_21388	8_41_1
t_21389	8_41_1
t_21390	8_41_1
t_21391	8_41_1
t_21392	8_41_1
t_21393	8_41_1
t_21394	8_41_1
t_21395	8_41_1
t_21396	8_41_1
t_21397	8_41_1
t_21398	8_41_1
t_21399	8_41_1
t_21400	8_41_1
t_21401	8_41_1
t_21402	8_41_1
t_21403	8_41_1
t_21404	8_41_1
t_21405	8_41_1
t_21406	8_41_1
t_21407	8_41_1
t_21408	8_41_1
t_21409	8_41_1
t_21410	8_41_1
t_21411	8_41_1
t_21412	8_41_1
t_21413	8_41_1
t_21414	8_41_1
t_21415	8_41_1
t_21416	8_41_1
t_21417	8_41_1
t_21418	8_41_1
t_21419	8_41_1
t_21420	8_41_1
t_21421	8_41_1
t_21422	8_41_1
t_21423	8_41_1
t_21424	8_41_1
t_21425	8_41_1
t_21426	8_41_1
t_21427	8_41_1
t_21428	8_41_1
t_21429	8_41_1
t_21430	8_41_1
t_21431	8_41_1
t_21432	8_41_1
t_21433	8_41_1
t_21434	8_41_1
t_21435	8_41_1
t_21436	8_41_1
t_21437	8_41_1
t_21438	8_41_1
t_21439	8_41_1
t_21440	8_41_1
t_21441	8_41_1
t_21442	8_41_1
t_21443	8_41_1
t_21444	8_41_1
t_21445	8_41_1
t_21446	8_41_1
t_21447	8_41_1
t_21448	8_41_1
t_21449	8_41_1
t_21450	8_41_1
t_21451	8_42_1
t_21452	8_42_1
t_21453	8_42_1
t_21454	8_42_1
t_21455	8_42_1
t_21456	8_42_1
t_21457	8_42_1
t_21458	8_42_1
t_21459	8_42_1
t_21460	8_42_1
t_21461	8_42_1
t_21462	8_42_1
t_21463	8_42_1
t_21464	8_42_1
t_21465	8_43_1
t_21466	8_43_1
t_21467	8_43_1
t_21468	8_43_1
t_21469	8_43_1
t_21470	8_43_1
t_21471	8_43_1
t_21472	8_43_1
t_21473	8_43_1
t_21474	8_43_1
t_21475	8_43_1
t_21476	8_43_1
t_21477	8_43_1
t_21478	8_43_1
t_21479	8_43_1
t_21480	8_43_1
t_21481	8_43_1
t_21482	8_43_1
t_21483	8_43_1
t_21484	8_43_1
t_21485	8_43_1
t_21486	8_43_1
t_21487	8_43_1
t_21488	8_43_1
t_21489	8_43_1
t_21490	8_43_1
t_21491	8_43_1
t_21492	8_43_1
t_21493	8_43_1
t_21494	8_43_1
t_21495	8_43_1
t_21496	8_43_1
t_21497	8_43_1
t_21498	8_43_1
t_21499	8_43_1
t_21500	8_43_1
t_21501	8_43_1
t_21502	8_43_1
t_21503	8_43_1
t_21504	8_43_1
t_21505	8_44_1
t_21506	8_44_1
t_21507	8_44_1
t_21508	8_44_1
t_21509	8_44_1
t_21510	8_44_1
t_21511	8_44_1
t_21512	8_44_1
t_21513	8_44_1
t_21514	8_44_1
t_21515	8_44_1
t_21516	8_44_1
t_21517	8_44_1
t_21518	8_44_1
t_21519	8_44_1
t_21520	8_44_1
t_21521	8_44_1
t_21522	8_44_1
t_21523	8_44_1
t_21524	8_44_1
t_21525	8_44_1
t_21526	8_44_1
t_21527	8_44_1
t_21528	8_44_1
t_21529	8_44_1
t_21530	8_44_1
t_21531	8_44_1
t_21532	8_44_1
t_21533	8_44_1
t_21534	8_44_1
t_21535	8_44_1
t_21536	8_44_1
t_21537	8_44_1
t_21538	8_44_1
t_21539	8_44_1
t_21540	8_44_1
t_21541	8_44_1
t_21542	8_44_1
t_21543	8_44_1
t_21544	8_44_1
t_21545	8_44_1
t_21546	8_44_1
t_21547	8_44_1
t_21548	8_44_1
t_21549	8_44_1
t_21550	8_44_1
t_21551	8_44_1
t_21552	8_44_1
t_21553	8_44_1
t_21554	8_44_1
t_21555	8_45_1
t_21556	8_45_1
t_21557	8_45_1
t_21558	8_45_1
t_21559	8_45_1
t_21560	8_45_1
t_21561	8_45_1
t_21562	8_45_1
t_21563	8_45_1
t_21564	8_45_1
t_21565	8_45_1
t_21566	8_45_1
t_21567	8_45_1
t_21568	8_45_1
t_21569	8_45_1
t_21570	8_45_1
t_21571	8_45_1
t_21572	8_45_1
t_21573	8_45_1
t_21574	8_45_1
t_21575	8_45_1
t_21576	8_45_1
t_21577	8_45_1
t_21578	8_45_1
t_21579	8_45_1
t_21580	8_45_1
t_21581	8_45_1
t_21582	8_45_1
t_21583	8_45_1
t_21584	8_45_1
t_21585	8_45_1
t_21586	8_45_1
t_21587	8_45_1
t_21588	8_45_1
t_21589	8_45_1
t_21590	8_45_1
t_21591	8_45_1
t_21592	8_45_1
t_21593	8_45_1
t_21594	8_45_1
t_21595	8_45_1
t_21596	8_45_1
t_21597	8_45_1
t_21598	8_45_1
t_21599	8_45_1
t_21600	8_45_1
t_21601	8_45_1
t_21602	8_45_1
t_21603	8_45_1
t_21604	8_45_1
t_21605	8_45_1
t_21606	8_45_1
t_21607	8_45_1
t_21608	8_45_1
t_21609	8_45_1
t_21610	8_45_1
t_21611	8_45_1
t_21612	8_45_1
t_21613	8_45_1
t_21614	8_45_1
t_21615	8_45_1
t_21616	8_45_1
t_21617	8_45_1
t_21618	8_45_1
t_21619	8_46_1
t_21620	8_46_1
t_21621	8_46_1
t_21622	8_46_1
t_21623	8_46_1
t_21624	8_46_1
t_21625	8_46_1
t_21626	8_46_1
t_21627	8_46_1
t_21628	8_46_1
t_21629	8_46_1
t_21630	8_46_1
t_21631	8_46_1
t_21632	8_46_1
t_21633	8_46_1
t_21634	8_46_1
t_21635	8_46_1
t_21636	8_46_1
t_21637	8_46_1
t_21638	8_46_1
t_21639	8_46_1
t_21640	8_46_1
t_21641	8_46_1
t_21642	8_46_1
t_21643	8_46_1
t_21644	8_46_1
t_21645	8_46_1
t_21646	8_46_1
t_21647	8_46_1
t_21648	8_46_1
t_21649	8_46_1
t_21650	8_46_1
t_21651	8_46_1
t_21652	8_46_1
t_21653	8_46_1
t_21654	8_46_1
t_21655	8_46_1
t_21656	8_46_1
t_21657	8_46_1
t_21658	8_46_1
t_21659	8_46_1
t_21660	8_46_1
t_21661	8_46_1
t_21662	8_46_1
t_21663	8_46_1
t_21664	8_46_1
t_21665	8_46_1
t_21666	8_46_1
t_21667	8_46_1
t_21668	8_46_1
t_21669	8_46_1
t_21670	8_46_1
t_21671	8_46_1
t_21672	8_46_1
t_21673	8_46_1
t_21674	8_46_1
t_21675	8_46_1
t_21676	8_46_1
t_21677	8_46_1
t_21678	8_47_1
t_21679	8_47_1
t_21680	8_47_1
t_21681	8_47_1
t_21682	8_47_1
t_21683	8_47_1
t_21684	8_47_1
t_21685	8_47_1
t_21686	8_47_1
t_21687	8_47_1
t_21688	8_47_1
t_21689	8_47_1
t_21690	8_47_1
t_21691	8_47_1
t_21692	8_47_1
t_21693	8_47_1
t_21694	8_47_1
t_21695	8_47_1
t_21696	8_47_1
t_21697	8_47_1
t_21698	8_47_1
t_21699	8_47_1
t_21700	8_47_1
t_21701	8_47_1
t_21702	8_47_1
t_21703	8_47_1
t_21704	8_47_1
t_21705	8_47_1
t_21706	8_47_1
t_21707	8_47_1
t_21708	8_47_1
t_21709	8_47_1
t_21710	8_47_1
t_21711	8_47_1
t_21712	8_47_1
t_21713	8_47_1
t_21714	8_47_1
t_21715	8_47_1
t_21716	8_47_1
t_21717	8_47_1
t_21718	8_47_1
t_21719	8_47_1
t_21720	8_47_1
t_21721	8_47_1
t_21722	8_47_1
t_21723	8_47_1
t_21724	8_47_1
t_21725	8_47_1
t_21726	8_47_1
t_21727	8_47_1
t_21728	8_47_1
t_21729	8_47_1
t_21730	8_47_1
t_21731	8_47_1
t_21732	8_47_1
t_21733	8_47_1
t_21734	8_47_1
t_21735	8_47_1
t_21736	8_47_1
t_21737	8_47_1
t_21738	8_47_1
t_21739	8_47_1
t_21740	8_47_1
t_21741	8_47_1
t_21742	8_47_1
t_21743	8_47_1
t_21744	8_47_1
t_21745	8_47_1
t_21746	8_47_1
t_21747	8_47_1
t_21748	8_47_1
t_21749	8_47_1
t_21750	8_47_1
t_21751	8_47_1
t_21752	8_47_1
t_21753	8_47_1
t_21754	8_47_1
t_21755	8_47_1
t_21756	8_47_1
t_21757	8_47_1
t_21758	8_47_1
t_21759	8_47_1
t_21760	8_47_1
t_21761	8_47_1
t_21762	8_47_1
t_21763	8_47_1
t_21764	8_47_1
t_21765	8_47_1
t_21766	8_47_1
t_21767	8_47_1
t_21768	8_47_1
t_21769	8_47_1
t_21770	8_47_1
t_21771	8_47_1
t_21772	8_47_1
t_21773	8_47_1
t_21774	8_47_1
t_21775	8_47_1
t_21776	8_47_1
t_21777	8_47_1
t_21778	8_47_1
t_21779	8_47_1
t_21780	8_47_1
t_21781	8_47_1
t_21782	8_47_1
t_21783	8_47_1
t_21784	8_47_1
t_21785	8_47_1
t_21786	8_47_1
t_21787	8_47_1
t_21788	8_47_1
t_21789	8_47_1
t_21790	8_47_1
t_21791	8_47_1
t_21792	8_47_1
t_21793	8_47_1
t_21794	8_48_1
t_21795	8_48_1
t_21796	8_48_1
t_21797	8_48_1
t_21798	8_48_1
t_21799	8_48_1
t_21800	8_48_1
t_21801	8_48_1
t_21802	8_48_1
t_21803	8_48_1
t_21804	8_48_1
t_21805	8_48_1
t_21806	8_48_1
t_21807	8_48_1
t_21808	8_48_1
t_21809	8_48_1
t_21810	8_48_1
t_21811	8_48_1
t_21812	8_48_1
t_21813	8_48_1
t_21814	8_48_1
t_21815	8_48_1
t_21816	8_48_1
t_21817	8_48_1
t_21818	8_48_1
t_21819	8_48_1
t_21820	8_48_1
t_21821	8_48_1
t_21822	8_48_1
t_21823	8_48_1
t_21824	8_48_1
t_21825	8_48_1
t_21826	8_48_1
t_21827	8_48_1
t_21828	8_48_1
t_21829	8_48_1
t_21830	8_48_1
t_21831	8_48_1
t_21832	8_48_1
t_21833	8_48_1
t_21834	8_48_1
t_21835	8_48_1
t_21836	8_48_1
t_21837	8_48_1
t_21838	8_48_1
t_21839	8_48_1
t_21840	8_48_1
t_21841	8_48_1
t_21842	8_48_1
t_21843	8_48_1
t_21844	8_48_1
t_21845	8_48_1
t_21846	8_48_1
t_21847	8_48_1
t_21848	8_48_1
t_21849	8_48_1
t_21850	8_48_1
t_21851	8_48_1
t_21852	8_48_1
t_21853	8_48_1
t_21854	8_48_1
t_21855	8_48_1
t_21856	8_48_1
t_21857	8_48_1
t_21858	8_48_1
t_21859	8_48_1
t_21860	8_48_1
t_21861	8_48_1
t_21862	8_48_1
t_21863	8_48_1
t_21864	8_48_1
t_21865	8_48_1
t_21866	8_48_1
t_21867	8_48_1
t_21868	8_48_1
t_21869	8_48_1
t_21870	8_48_1
t_21871	8_48_1
t_21872	8_49_1
t_21873	8_49_1
t_21874	8_49_1
t_21875	8_49_1
t_21876	8_49_1
t_21877	8_49_1
t_21878	8_49_1
t_21879	8_49_1
t_21880	8_49_1
t_21881	8_49_1
t_21882	8_49_1
t_21883	8_49_1
t_21884	8_49_1
t_21885	8_49_1
t_21886	8_49_1
t_21887	8_49_1
t_21888	8_49_1
t_21889	8_49_1
t_21890	8_49_1
t_21891	8_49_1
t_21892	8_49_1
t_21893	8_49_1
t_21894	8_49_1
t_21895	8_49_1
t_21896	8_49_1
t_21897	8_49_1
t_21898	8_49_1
t_21899	8_49_1
t_21900	8_49_1
t_21901	8_49_1
t_21902	8_49_1
t_21903	8_49_1
t_21904	8_49_1
t_21905	8_49_1
t_21906	8_49_1
t_21907	8_49_1
t_21908	8_49_1
t_21909	8_49_1
t_21910	8_49_1
t_21911	8_49_1
t_21912	8_49_1
t_21913	8_49_1
t_21914	8_49_1
t_21915	8_49_1
t_21916	8_49_1
t_21917	8_49_1
t_21918	8_49_1
t_21919	8_49_1
t_21920	8_49_1
t_21921	8_49_1
t_21922	8_49_1
t_21923	8_49_1
t_21924	8_49_1
t_21925	8_49_1
t_21926	8_49_1
t_21927	8_49_1
t_21928	8_49_1
t_21929	8_49_1
t_21930	8_49_1
t_21931	8_49_1
t_21932	8_49_1
t_21933	8_49_1
t_21934	8_49_1
t_21935	8_49_1
t_21936	8_49_1
t_21937	8_49_1
t_21938	8_49_1
t_21939	8_49_1
t_21940	8_49_1
t_21941	8_49_1
t_21942	8_49_1
t_21943	8_49_1
t_21944	8_49_1
t_21945	8_49_1
t_21946	8_49_1
t_21947	8_50_1
t_21948	8_50_1
t_21949	8_50_1
t_21950	8_50_1
t_21951	8_50_1
t_21952	8_50_1
t_21953	8_50_1
t_21954	8_50_1
t_21955	8_50_1
t_21956	8_50_1
t_21957	8_50_1
t_21958	8_50_1
t_21959	8_50_1
t_21960	8_50_1
t_21961	8_50_1
t_21962	8_50_1
t_21963	8_50_1
t_21964	8_50_1
t_21965	8_50_1
t_21966	8_50_1
t_21967	8_50_1
t_21968	8_50_1
t_21969	8_50_1
t_21970	8_50_1
t_21971	8_50_1
t_21972	8_50_1
t_21973	8_50_1
t_21974	8_50_1
t_21975	8_50_1
t_21976	8_50_1
t_21977	8_50_1
t_21978	8_50_1
t_21979	8_50_1
t_21980	8_50_1
t_21981	8_50_1
t_21982	8_50_1
t_21983	8_50_1
t_21984	8_50_1
t_21985	8_50_1
t_21986	8_50_1
t_21987	8_50_1
t_21988	8_50_1
t_21989	8_50_1
t_21990	8_50_1
t_21991	8_50_1
t_21992	8_50_1
t_21993	8_50_1
t_21994	8_50_1
t_21995	8_50_1
t_21996	8_50_1
t_21997	8_50_1
t_21998	8_50_1
t_21999	8_50_1
t_22000	8_50_1
t_22001	8_50_1
t_22002	8_50_1
t_22003	8_50_1
t_22004	8_50_1
t_22005	8_50_1
t_22006	8_50_1
t_22007	8_50_1
t_22008	8_50_1
t_22009	8_50_1
t_22010	8_50_1
t_22011	8_50_1
t_22012	8_50_1
t_22013	8_50_1
t_22014	8_50_1
t_22015	8_50_1
t_22016	8_50_1
t_22017	8_50_1
t_22018	8_50_1
t_22019	8_50_1
t_22020	8_50_1
t_22021	8_50_1
t_22022	8_50_1
t_22023	8_50_1
t_22024	8_50_1
t_22025	8_50_1
t_22026	8_50_1
t_22027	8_50_1
t_22028	8_50_1
t_22029	8_50_1
t_22030	8_50_1
t_22031	8_50_1
t_22032	8_50_1
t_22033	8_50_1
t_22034	8_50_1
t_22035	8_50_1
t_22036	8_50_1
t_22037	8_50_1
t_22038	8_50_1
t_22039	8_50_1
t_22040	8_50_1
t_22041	8_50_1
t_22042	8_50_1
t_22043	8_50_1
t_22044	8_50_1
t_22045	8_50_1
t_22046	8_50_1
t_22047	8_50_1
t_22048	8_50_1
t_22049	8_50_1
t_22050	8_50_1
t_22051	8_50_1
t_22052	8_50_1
t_22053	8_50_1
t_22054	8_50_1
t_22055	8_50_1
t_22056	8_50_1
t_22057	8_50_1
t_22058	8_50_1
t_22059	8_50_1
t_22060	8_50_1
t_22061	8_50_1
t_22062	8_50_1
t_22063	8_50_1
t_22064	8_50_1
t_22065	8_50_1
t_22066	8_50_1
t_22067	8_50_1
t_22068	8_50_1
t_22069	8_50_1
t_22070	8_50_1
t_22071	8_50_1
t_22072	8_50_1
t_22073	8_50_1
t_22074	8_50_1
t_22075	8_50_1
t_22076	8_50_1
t_22077	8_50_1
t_22078	8_50_1
t_22079	8_51_1
t_22080	8_51_1
t_22081	8_51_1
t_22082	8_51_1
t_22083	8_51_1
t_22084	8_51_1
t_22085	8_51_1
t_22086	8_51_1
t_22087	8_51_1
t_22088	8_51_1
t_22089	8_51_1
t_22090	8_51_1
t_22091	8_51_1
t_22092	8_51_1
t_22093	8_51_1
t_22094	8_51_1
t_22095	8_51_1
t_22096	8_51_1
t_22097	8_51_1
t_22098	8_51_1
t_22099	8_51_1
t_22100	8_51_1
t_22101	8_51_1
t_22102	8_51_1
t_22103	8_51_1
t_22104	8_51_1
t_22105	8_51_1
t_22106	8_51_1
t_22107	8_51_1
t_22108	8_51_1
t_22109	8_51_1
t_22110	8_51_1
t_22111	8_51_1
t_22112	8_51_1
t_22113	8_51_1
t_22114	8_51_1
t_22115	8_51_1
t_22116	8_51_1
t_22117	8_51_1
t_22118	8_51_1
t_22119	8_51_1
t_22120	8_51_1
t_22121	8_51_1
t_22122	8_51_1
t_22123	8_51_1
t_22124	8_51_1
t_22125	8_51_1
t_22126	8_51_1
t_22127	8_51_1
t_22128	8_51_1
t_22129	8_51_1
t_22130	8_51_1
t_22131	8_51_1
t_22132	8_51_1
t_22133	8_51_1
t_22134	8_51_1
t_22135	8_51_1
t_22136	8_51_1
t_22137	8_51_1
t_22138	8_51_1
t_22139	8_51_1
t_22140	8_51_1
t_22141	8_51_1
t_22142	8_51_1
t_22143	8_51_1
t_22144	8_51_1
t_22145	8_51_1
t_22146	8_51_1
t_22147	8_51_1
t_22148	8_51_1
t_22149	8_51_1
t_22150	8_51_1
t_22151	8_51_1
t_22152	8_51_1
t_22153	8_51_1
t_22154	8_51_1
t_22155	8_51_1
t_22156	8_51_1
t_22157	8_51_1
t_22158	8_51_1
t_22159	8_51_1
t_22160	8_51_1
t_22161	8_51_1
t_22162	8_51_1
t_22163	8_51_1
t_22164	8_51_1
t_22165	8_51_1
t_22166	8_51_1
t_22167	8_51_1
t_22168	8_51_1
t_22169	8_51_1
t_22170	8_51_1
t_22171	8_51_1
t_22172	8_51_1
t_22173	8_51_1
t_22174	8_51_1
t_22175	8_51_1
t_22176	8_51_1
t_22177	8_51_1
t_22178	8_51_1
t_22179	8_51_1
t_22180	8_51_1
t_22181	8_51_1
t_22182	8_51_1
t_22183	8_51_1
t_22184	8_51_1
t_22185	8_51_1
t_22186	8_51_1
t_22187	8_51_1
t_22188	8_51_1
t_22189	8_51_1
t_22190	8_51_1
t_22191	8_51_1
t_22192	8_51_1
t_22193	8_51_1
t_22194	8_52_1
t_22195	8_52_1
t_22196	8_52_1
t_22197	8_52_1
t_22198	8_52_1
t_22199	8_52_1
t_22200	8_52_1
t_22201	8_52_1
t_22202	8_52_1
t_22203	8_52_1
t_22204	8_52_1
t_22205	8_52_1
t_22206	8_52_1
t_22207	8_52_1
t_22208	8_52_1
t_22209	8_52_1
t_22210	8_52_1
t_22211	8_52_1
t_22212	8_52_1
t_22213	8_52_1
t_22214	8_52_1
t_22215	8_52_1
t_22216	8_52_1
t_22217	8_52_1
t_22218	8_52_1
t_22219	8_52_1
t_22220	8_52_1
t_22221	8_52_1
t_22222	8_52_1
t_22223	8_52_1
t_22224	8_52_1
t_22225	8_52_1
t_22226	8_52_1
t_22227	8_52_1
t_22228	8_52_1
t_22229	8_52_1
t_22230	8_52_1
t_22231	8_52_1
t_22232	8_52_1
t_22233	8_52_1
t_22234	8_52_1
t_22235	8_52_1
t_22236	8_52_1
t_22237	8_52_1
t_22238	8_52_1
t_22239	8_52_1
t_22240	8_52_1
t_22241	8_52_1
t_22242	8_52_1
t_22243	8_52_1
t_22244	8_52_1
t_22245	8_52_1
t_22246	8_52_1
t_22247	8_52_1
t_22248	8_52_1
t_22249	8_52_1
t_22250	8_52_1
t_22251	8_52_1
t_22252	8_52_1
t_22253	8_52_1
t_22254	8_52_1
t_22255	8_52_1
t_22256	8_52_1
t_22257	8_52_1
t_22258	8_52_1
t_22259	8_52_1
t_22260	8_52_1
t_22261	8_52_1
t_22262	8_52_1
t_22263	8_52_1
t_22264	8_52_1
t_22265	8_52_1
t_22266	8_53_1
t_22267	8_53_1
t_22268	8_53_1
t_22269	8_53_1
t_22270	8_53_1
t_22271	8_53_1
t_22272	8_53_1
t_22273	8_53_1
t_22274	8_53_1
t_22275	8_53_1
t_22276	8_53_1
t_22277	8_53_1
t_22278	8_53_1
t_22279	8_53_1
t_22280	8_53_1
t_22281	8_53_1
t_22282	8_53_1
t_22283	8_53_1
t_22284	8_53_1
t_22285	8_53_1
t_22286	8_53_1
t_22287	8_53_1
t_22288	8_53_1
t_22289	8_53_1
t_22290	8_53_1
t_22291	8_53_1
t_22292	8_53_1
t_22293	8_53_1
t_22294	8_54_1
t_22295	8_54_1
t_22296	8_54_1
t_22297	8_54_1
t_22298	8_54_1
t_22299	8_54_1
t_22300	8_54_1
t_22301	8_54_1
t_22302	8_54_1
t_22303	8_54_1
t_22304	8_54_1
t_22305	8_54_1
t_22306	8_54_1
t_22307	8_54_1
t_22308	8_54_1
t_22309	8_54_1
t_22310	8_54_1
t_22311	8_54_1
t_22312	8_54_1
t_22313	8_54_1
t_22314	8_54_1
t_22315	8_54_1
t_22316	8_54_1
t_22317	8_54_1
t_22318	8_54_1
t_22319	8_54_1
t_22320	8_54_1
t_22321	8_54_1
t_22322	8_54_1
t_22323	8_54_1
t_22324	8_54_1
t_22325	8_54_1
t_22326	8_54_1
t_22327	8_54_1
t_22328	8_54_1
t_22329	8_54_1
t_22330	8_55_1
t_22331	8_55_1
t_22332	8_55_1
t_22333	8_55_1
t_22334	8_55_1
t_22335	8_55_1
t_22336	8_55_1
t_22337	8_55_1
t_22338	8_55_1
t_22339	8_55_1
t_22340	8_55_1
t_22341	8_55_1
t_22342	8_55_1
t_22343	8_55_1
t_22344	8_55_1
t_22345	8_55_1
t_22346	8_55_1
t_22347	8_55_1
t_22348	8_55_1
t_22349	8_55_1
t_22350	8_55_1
t_22351	8_55_1
t_22352	8_55_1
t_22353	8_55_1
t_22354	8_55_1
t_22355	8_55_1
t_22356	8_55_1
t_22357	8_55_1
t_22358	8_55_1
t_22359	8_55_1
t_22360	8_55_1
t_22361	8_55_1
t_22362	8_55_1
t_22363	8_55_1
t_22364	8_56_1
t_22365	8_56_1
t_22366	8_56_1
t_22367	8_56_1
t_22368	8_56_1
t_22369	8_56_1
t_22370	8_56_1
t_22371	8_56_1
t_22372	8_56_1
t_22373	8_56_1
t_22374	8_56_1
t_22375	8_56_1
t_22376	8_56_1
t_22377	8_56_1
t_22378	8_56_1
t_22379	8_56_1
t_22380	8_56_1
t_22381	8_56_1
t_22382	8_56_1
t_22383	8_56_1
t_22384	8_56_1
t_22385	8_56_1
t_22386	8_56_1
t_22387	8_56_1
t_22388	8_56_1
t_22389	8_56_1
t_22390	8_56_1
t_22391	8_56_1
t_22392	8_56_1
t_22393	8_56_1
t_22394	8_56_1
t_22395	8_56_1
t_22396	8_56_1
t_22397	8_56_1
t_22398	8_56_1
t_22399	8_56_1
t_22400	8_56_1
t_22401	8_56_1
t_22402	8_56_1
t_22403	8_56_1
t_22404	8_56_1
t_22405	8_56_1
t_22406	8_56_1
t_22407	8_56_1
t_22408	8_56_1
t_22409	8_56_1
t_22410	8_56_1
t_22411	8_56_1
t_22412	8_56_1
t_22413	8_56_1
t_22414	8_56_1
t_22415	8_56_1
t_22416	8_56_1
t_22417	8_56_1
t_22418	8_56_1
t_22419	8_56_1
t_22420	8_56_1
t_22421	8_56_1
t_22422	8_56_1
t_22423	8_56_1
t_22424	8_56_1
t_22425	8_56_1
t_22426	8_56_1
t_22427	8_56_1
t_22428	8_56_1
t_22429	8_57_1
t_22430	8_57_1
t_22431	8_57_1
t_22432	8_57_1
t_22433	8_57_1
t_22434	8_57_1
t_22435	8_57_1
t_22436	8_57_1
t_22437	8_57_1
t_22438	8_57_1
t_22439	8_57_1
t_22440	8_57_1
t_22441	8_57_1
t_22442	8_57_1
t_22443	8_57_1
t_22444	8_57_1
t_22445	8_57_1
t_22446	8_57_1
t_22447	8_57_1
t_22448	8_57_1
t_22449	8_57_1
t_22450	8_57_1
t_22451	8_57_1
t_22452	8_57_1
t_22453	8_57_1
t_22454	8_57_1
t_22455	8_57_1
t_22456	8_57_1
t_22457	8_57_1
t_22458	8_57_1
t_22459	8_57_1
t_22460	8_57_1
t_22461	8_57_1
t_22462	8_57_1
t_22463	8_57_1
t_22464	8_57_1
t_22465	8_57_1
t_22466	8_57_1
t_22467	8_57_1
t_22468	8_57_1
t_22469	8_57_1
t_22470	8_57_1
t_22471	8_57_1
t_22472	8_57_1
t_22473	8_57_1
t_22474	8_57_1
t_22475	8_57_1
t_22476	8_57_1
t_22477	8_57_1
t_22478	8_57_1
t_22479	8_57_1
t_22480	8_57_1
t_22481	8_57_1
t_22482	8_57_1
t_22483	8_57_1
t_22484	8_57_1
t_22485	8_57_1
t_22486	8_57_1
t_22487	8_57_1
t_22488	8_57_1
t_22489	8_57_1
t_22490	8_57_1
t_22491	8_57_1
t_22492	8_57_1
t_22493	8_57_1
t_22494	8_57_1
t_22495	8_57_1
t_22496	8_57_1
t_22497	8_57_1
t_22498	8_57_1
t_22499	8_57_1
t_22500	8_57_1
t_22501	8_57_1
t_22502	8_57_1
t_22503	8_57_1
t_22504	8_57_1
t_22505	8_57_1
t_22506	8_57_1
t_22507	8_57_1
t_22508	8_57_1
t_22509	8_57_1
t_22510	8_57_1
t_22511	8_57_1
t_22512	8_57_1
t_22513	8_57_1
t_22514	8_57_1
t_22515	8_57_1
t_22516	8_57_1
t_22517	8_57_1
t_22518	8_57_1
t_22519	8_57_1
t_22520	8_57_1
t_22521	8_57_1
t_22522	8_57_1
t_22523	8_57_1
t_22524	8_57_1
t_22525	8_57_1
t_22526	8_57_1
t_22527	8_57_1
t_22528	8_57_1
t_22529	8_57_1
t_22530	8_57_1
t_22531	8_57_1
t_22532	8_57_1
t_22533	8_57_1
t_22534	8_57_1
t_22535	8_57_1
t_22536	8_57_1
t_22537	8_57_1
t_22538	8_57_1
t_22539	8_57_1
t_22540	8_57_1
t_22541	8_57_1
t_22542	8_57_1
t_22543	8_57_1
t_22544	8_57_1
t_22545	8_57_1
t_22546	8_57_1
t_22547	8_57_1
t_22548	8_57_1
t_22549	8_57_1
t_22550	8_57_1
t_22551	8_57_1
t_22552	8_57_1
t_22553	8_57_1
t_22554	8_57_1
t_22555	8_57_1
t_22556	8_57_1
t_22557	8_57_1
t_22558	8_57_1
t_22559	8_57_1
t_22560	8_57_1
t_22561	8_57_1
t_22562	8_57_1
t_22563	8_57_1
t_22564	8_58_1
t_22565	8_58_1
t_22566	8_58_1
t_22567	8_58_1
t_22568	8_58_1
t_22569	8_58_1
t_22570	8_58_1
t_22571	8_58_1
t_22572	8_58_1
t_22573	8_58_1
t_22574	8_58_1
t_22575	8_58_1
t_22576	8_58_1
t_22577	8_58_1
t_22578	8_58_1
t_22579	8_58_1
t_22580	8_58_1
t_22581	8_58_1
t_22582	8_58_1
t_22583	8_58_1
t_22584	8_58_1
t_22585	8_58_1
t_22586	8_58_1
t_22587	8_58_1
t_22588	8_58_1
t_22589	8_58_1
t_22590	8_58_1
t_22591	8_58_1
t_22592	8_58_1
t_22593	8_58_1
t_22594	8_58_1
t_22595	8_58_1
t_22596	8_58_1
t_22597	8_58_1
t_22598	8_58_1
t_22599	8_58_1
t_22600	8_58_1
t_22601	8_58_1
t_22602	8_59_1
t_22603	8_59_1
t_22604	8_59_1
t_22605	8_59_1
t_22606	8_59_1
t_22607	8_59_1
t_22608	8_59_1
t_22609	8_59_1
t_22610	8_59_1
t_22611	8_59_1
t_22612	8_59_1
t_22613	8_59_1
t_22614	8_60_1
t_22615	8_60_1
t_22616	8_60_1
t_22617	8_60_1
t_22618	8_60_1
t_22619	8_60_1
t_22620	8_60_1
t_22621	8_60_1
t_22622	8_60_1
t_22623	8_60_1
t_22624	8_60_1
t_22625	8_60_1
t_22626	8_60_1
t_22627	8_60_1
t_22628	8_60_1
t_22629	8_60_1
t_22630	8_60_1
t_22631	8_60_1
t_22632	8_60_1
t_22633	8_60_1
t_22634	8_60_1
t_22635	8_60_1
t_22636	8_60_1
t_22637	8_60_1
t_22638	8_60_1
t_22639	8_60_1
t_22640	8_60_1
t_22641	8_60_1
t_22642	8_60_1
t_22643	8_60_1
t_22644	8_61_1
t_22645	8_61_1
t_22646	8_61_1
t_22647	8_61_1
t_22648	8_61_1
t_22649	8_61_1
t_22650	8_61_1
t_22651	8_61_1
t_22652	8_61_1
t_22653	8_61_1
t_22654	8_61_1
t_22655	8_61_1
t_22656	8_61_1
t_22657	8_61_1
t_22658	8_61_1
t_22659	8_61_1
t_22660	8_61_1
t_22661	9_1_1
t_22662	9_1_1
t_22663	9_1_1
t_22664	9_1_1
t_22665	9_1_1
t_22666	9_1_1
t_22667	9_1_1
t_22668	9_1_1
t_22669	9_1_1
t_22670	9_1_1
t_22671	9_1_1
t_22672	9_1_1
t_22673	9_1_1
t_22674	9_1_1
t_22675	9_1_1
t_22676	9_1_1
t_22677	9_1_1
t_22678	9_1_1
t_22679	9_1_1
t_22680	9_1_1
t_22681	9_1_1
t_22682	9_1_1
t_22683	9_1_1
t_22684	9_1_1
t_22685	9_1_1
t_22686	9_1_1
t_22687	9_1_1
t_22688	9_1_1
t_22689	9_1_1
t_22690	9_1_1
t_22691	9_1_1
t_22692	9_1_1
t_22693	9_1_1
t_22694	9_1_1
t_22695	9_1_1
t_22696	9_1_1
t_22697	9_1_1
t_22698	9_1_1
t_22699	9_1_1
t_22700	9_1_1
t_22701	9_1_1
t_22702	9_1_1
t_22703	9_1_1
t_22704	9_1_1
t_22705	9_1_1
t_22706	9_1_1
t_22707	9_1_1
t_22708	9_1_1
t_22709	9_1_1
t_22710	9_1_1
t_22711	9_1_1
t_22712	9_1_1
t_22713	9_1_1
t_22714	9_1_1
t_22715	9_1_1
t_22716	9_1_1
t_22717	9_1_1
t_22718	9_1_1
t_22719	9_1_1
t_22720	9_1_1
t_22721	9_1_1
t_22722	9_1_1
t_22723	9_1_1
t_22724	9_1_1
t_22725	9_1_1
t_22726	9_1_1
t_22727	9_1_1
t_22728	9_1_1
t_22729	9_1_1
t_22730	9_1_1
t_22731	9_1_1
t_22732	9_1_1
t_22733	9_1_1
t_22734	9_1_1
t_22735	9_1_1
t_22736	9_1_1
t_22737	9_1_1
t_22738	9_1_1
t_22739	9_1_1
t_22740	9_1_1
t_22741	9_1_1
t_22742	9_1_1
t_22743	9_1_1
t_22744	9_1_2
t_22745	9_1_2
t_22746	9_1_2
t_22747	9_1_2
t_22748	9_1_2
t_22749	9_1_2
t_22750	9_1_2
t_22751	9_1_2
t_22752	9_1_2
t_22753	9_1_2
t_22754	9_1_2
t_22755	9_1_2
t_22756	9_1_2
t_22757	9_1_2
t_22758	9_1_2
t_22759	9_1_2
t_22760	9_1_2
t_22761	9_1_2
t_22762	9_1_2
t_22763	9_1_2
t_22764	9_1_2
t_22765	9_1_2
t_22766	9_1_2
t_22767	9_1_2
t_22768	9_1_2
t_22769	9_1_2
t_22770	9_1_2
t_22771	9_1_2
t_22772	9_1_2
t_22773	9_1_2
t_22774	9_1_2
t_22775	9_1_2
t_22776	9_1_2
t_22777	9_1_2
t_22778	9_1_2
t_22779	9_1_2
t_22780	9_1_2
t_22781	9_1_2
t_22782	9_1_2
t_22783	9_1_2
t_22784	9_1_2
t_22785	9_1_2
t_22786	9_1_2
t_22787	9_1_2
t_22788	9_1_2
t_22789	9_1_2
t_22790	9_1_2
t_22791	9_1_2
t_22792	9_1_2
t_22793	9_1_2
t_22794	9_1_2
t_22795	9_1_2
t_22796	9_1_2
t_22797	9_1_2
t_22798	9_1_2
t_22799	9_1_2
t_22800	9_1_2
t_22801	9_1_2
t_22802	9_1_2
t_22803	9_1_2
t_22804	9_1_2
t_22805	9_1_2
t_22806	9_1_2
t_22807	9_1_2
t_22808	9_1_2
t_22809	9_1_2
t_22810	9_1_2
t_22811	9_1_2
t_22812	9_1_2
t_22813	9_1_2
t_22814	9_1_2
t_22815	9_1_2
t_22816	9_1_2
t_22817	9_1_2
t_22818	9_1_2
t_22819	9_1_2
t_22820	9_1_2
t_22821	9_1_2
t_22822	9_1_2
t_22823	9_1_2
t_22824	9_1_2
t_22825	9_1_2
t_22826	9_1_2
t_22827	9_1_2
t_22828	9_1_2
t_22829	9_1_2
t_22830	9_1_2
t_22831	9_1_2
t_22832	9_1_2
t_22833	9_1_2
t_22834	9_1_2
t_22835	9_1_2
t_22836	9_1_2
t_22837	9_1_2
t_22838	9_1_2
t_22839	9_1_2
t_22840	9_1_2
t_22841	9_1_2
t_22842	9_1_2
t_22843	9_1_2
t_22844	9_1_2
t_22845	9_1_2
t_22846	9_1_2
t_22847	9_1_2
t_22848	9_1_2
t_22849	9_1_2
t_22850	9_1_2
t_22851	9_1_2
t_22852	9_1_2
t_22853	9_1_2
t_22854	9_1_2
t_22855	9_1_2
t_22856	9_1_2
t_22857	9_1_2
t_22858	9_1_2
t_22859	9_1_2
t_22860	9_1_2
t_22861	9_1_2
t_22862	9_1_2
t_22863	9_1_2
t_22864	9_1_2
t_22865	9_1_2
t_22866	9_1_2
t_22867	9_1_2
t_22868	9_1_2
t_22869	9_1_3
t_22870	9_1_3
t_22871	9_1_3
t_22872	9_1_3
t_22873	9_1_3
t_22874	9_1_3
t_22875	9_1_3
t_22876	9_1_3
t_22877	9_1_3
t_22878	9_1_3
t_22879	9_1_3
t_22880	9_1_3
t_22881	9_1_3
t_22882	9_1_3
t_22883	9_1_3
t_22884	9_1_3
t_22885	9_1_3
t_22886	9_1_3
t_22887	9_1_3
t_22888	9_1_3
t_22889	9_1_3
t_22890	9_1_3
t_22891	9_1_3
t_22892	9_1_3
t_22893	9_1_3
t_22894	9_1_3
t_22895	9_1_3
t_22896	9_1_3
t_22897	9_1_3
t_22898	9_1_3
t_22899	9_1_3
t_22900	9_1_3
t_22901	9_1_3
t_22902	9_1_3
t_22903	9_1_3
t_22904	9_1_3
t_22905	9_1_3
t_22906	9_1_3
t_22907	9_1_3
t_22908	9_1_3
t_22909	9_1_3
t_22910	9_1_3
t_22911	9_1_3
t_22912	9_1_3
t_22913	9_1_3
t_22914	9_1_3
t_22915	9_1_3
t_22916	9_1_3
t_22917	9_1_3
t_22918	9_1_3
t_22919	9_1_3
t_22920	9_1_3
t_22921	9_1_3
t_22922	9_1_3
t_22923	9_1_3
t_22924	9_1_3
t_22925	9_1_3
t_22926	9_1_3
t_22927	9_1_3
t_22928	9_1_3
t_22929	9_1_3
t_22930	9_1_3
t_22931	9_1_3
t_22932	9_1_3
t_22933	9_1_3
t_22934	9_1_3
t_22935	9_1_3
t_22936	9_1_3
t_22937	9_1_3
t_22938	9_1_3
t_22939	9_1_3
t_22940	9_1_3
t_22941	9_1_3
t_22942	9_1_3
t_22943	9_1_3
t_22944	9_1_3
t_22945	9_1_3
t_22946	9_1_3
t_22947	9_1_3
t_22948	9_1_3
t_22949	9_1_3
t_22950	9_1_3
t_22951	9_1_3
t_22952	9_1_3
t_22953	9_1_3
t_22954	9_1_3
t_22955	9_1_3
t_22956	9_1_3
t_22957	9_1_3
t_22958	9_1_3
t_22959	9_1_3
t_22960	9_1_3
t_22961	9_1_3
t_22962	9_1_3
t_22963	9_1_3
t_22964	9_1_3
t_22965	9_1_3
t_22966	9_1_3
t_22967	9_1_3
t_22968	9_1_3
t_22969	9_1_3
t_22970	9_1_3
t_22971	9_1_3
t_22972	9_1_3
t_22973	9_1_3
t_22974	9_1_3
t_22975	9_1_3
t_22976	9_1_4
t_22977	9_1_4
t_22978	9_1_4
t_22979	9_1_4
t_22980	9_1_4
t_22981	9_1_4
t_22982	9_1_4
t_22983	9_1_4
t_22984	9_1_4
t_22985	9_1_4
t_22986	9_1_4
t_22987	9_1_4
t_22988	9_1_4
t_22989	9_1_4
t_22990	9_1_4
t_22991	9_1_4
t_22992	9_1_4
t_22993	9_1_4
t_22994	9_1_4
t_22995	9_1_4
t_22996	9_1_4
t_22997	9_1_4
t_22998	9_1_4
t_22999	9_1_4
t_23000	9_1_4
t_23001	9_1_4
t_23002	9_1_4
t_23003	9_1_4
t_23004	9_1_4
t_23005	9_1_4
t_23006	9_1_4
t_23007	9_1_4
t_23008	9_1_4
t_23009	9_1_4
t_23010	9_1_4
t_23011	9_1_4
t_23012	9_1_4
t_23013	9_1_4
t_23014	9_1_4
t_23015	9_1_4
t_23016	9_1_4
t_23017	9_1_4
t_23018	9_1_4
t_23019	9_1_4
t_23020	9_1_4
t_23021	9_1_4
t_23022	9_1_4
t_23023	9_1_4
t_23024	9_1_4
t_23025	9_1_4
t_23026	9_1_4
t_23027	9_1_4
t_23028	9_1_4
t_23029	9_1_4
t_23030	9_2_1
t_23031	9_2_1
t_23032	9_2_1
t_23033	9_2_1
t_23034	9_2_1
t_23035	9_2_1
t_23036	9_2_1
t_23037	9_2_1
t_23038	9_2_1
t_23039	9_2_1
t_23040	9_2_1
t_23041	9_2_1
t_23042	9_2_1
t_23043	9_2_1
t_23044	9_2_1
t_23045	9_2_1
t_23046	9_2_1
t_23047	9_2_1
t_23048	9_2_1
t_23049	9_2_1
t_23050	9_2_1
t_23051	9_2_1
t_23052	9_2_1
t_23053	9_2_1
t_23054	9_2_1
t_23055	9_2_1
t_23056	9_2_1
t_23057	9_2_1
t_23058	9_2_1
t_23059	9_2_1
t_23060	9_2_1
t_23061	9_2_1
t_23062	9_2_1
t_23063	9_2_1
t_23064	9_2_1
t_23065	9_2_1
t_23066	9_2_1
t_23067	9_2_1
t_23068	9_2_1
t_23069	9_2_1
t_23070	9_2_1
t_23071	9_2_1
t_23072	9_2_1
t_23073	9_2_1
t_23074	9_2_1
t_23075	9_2_1
t_23076	9_2_1
t_23077	9_2_1
t_23078	9_2_1
t_23079	9_2_1
t_23080	9_2_1
t_23081	9_2_1
t_23082	9_2_1
t_23083	9_2_1
t_23084	9_2_1
t_23085	9_2_1
t_23086	9_2_1
t_23087	9_2_1
t_23088	9_2_1
t_23089	9_2_1
t_23090	9_2_1
t_23091	9_2_1
t_23092	9_2_1
t_23093	9_2_1
t_23094	9_2_1
t_23095	9_2_1
t_23096	9_2_1
t_23097	9_2_1
t_23098	9_2_1
t_23099	9_2_1
t_23100	9_2_1
t_23101	9_2_1
t_23102	9_2_1
t_23103	9_2_1
t_23104	9_2_1
t_23105	9_2_1
t_23106	9_2_1
t_23107	9_2_1
t_23108	9_2_1
t_23109	9_2_1
t_23110	9_2_1
t_23111	9_2_1
t_23112	9_2_1
t_23113	9_2_1
t_23114	9_3_1
t_23115	9_3_1
t_23116	9_3_1
t_23117	9_3_1
t_23118	9_3_1
t_23119	9_3_1
t_23120	9_3_1
t_23121	9_3_1
t_23122	9_3_1
t_23123	9_3_1
t_23124	9_3_1
t_23125	9_3_1
t_23126	9_3_1
t_23127	9_3_1
t_23128	9_3_1
t_23129	9_3_1
t_23130	9_3_1
t_23131	9_3_1
t_23132	9_3_1
t_23133	9_3_1
t_23134	9_3_1
t_23135	9_3_1
t_23136	9_3_1
t_23137	9_3_1
t_23138	9_3_1
t_23139	9_3_1
t_23140	9_3_1
t_23141	9_3_1
t_23142	9_3_1
t_23143	9_3_1
t_23144	9_3_1
t_23145	9_3_1
t_23146	9_3_1
t_23147	9_3_1
t_23148	9_3_1
t_23149	9_3_1
t_23150	9_3_1
t_23151	9_3_1
t_23152	9_3_1
t_23153	9_3_1
t_23154	9_3_1
t_23155	9_3_1
t_23156	9_3_1
t_23157	9_3_1
t_23158	9_3_1
t_23159	9_3_1
t_23160	9_3_1
t_23161	9_3_1
t_23162	9_3_1
t_23163	9_3_1
t_23164	9_3_1
t_23165	9_3_1
t_23166	9_3_1
t_23167	9_3_1
t_23168	9_3_1
t_23169	9_3_1
t_23170	9_3_1
t_23171	9_3_1
t_23172	9_3_1
t_23173	9_3_1
t_23174	9_3_1
t_23175	9_3_1
t_23176	9_3_1
t_23177	9_3_1
t_23178	9_3_1
t_23179	9_3_1
t_23180	9_3_1
t_23181	9_3_1
t_23182	9_3_1
t_23183	9_3_1
t_23184	9_3_1
t_23185	9_3_1
t_23186	9_3_1
t_23187	9_3_1
t_23188	9_3_1
t_23189	9_3_1
t_23190	9_3_1
t_23191	9_3_1
t_23192	9_3_1
t_23193	9_3_1
t_23194	9_3_1
t_23195	9_3_1
t_23196	9_3_1
t_23197	9_3_1
t_23198	9_3_1
t_23199	9_3_1
t_23200	9_3_1
t_23201	9_3_1
t_23202	9_3_1
t_23203	9_3_1
t_23204	9_3_1
t_23205	9_3_1
t_23206	9_3_1
t_23207	9_3_1
t_23208	9_3_1
t_23209	9_3_1
t_23210	9_3_1
t_23211	9_3_1
t_23212	9_3_1
t_23213	9_3_1
t_23214	9_3_1
t_23215	9_3_1
t_23216	9_3_1
t_23217	9_3_1
t_23218	9_3_1
t_23219	9_3_1
t_23220	9_3_1
t_23221	9_3_1
t_23222	9_3_1
t_23223	9_3_1
t_23224	9_3_1
t_23225	9_3_1
t_23226	9_3_1
t_23227	9_3_1
t_23228	9_3_1
t_23229	9_3_1
t_23230	9_3_1
t_23231	9_3_1
t_23232	9_3_1
t_23233	9_3_1
t_23234	9_3_1
t_23235	9_3_1
t_23236	9_3_2
t_23237	9_3_2
t_23238	9_3_2
t_23239	9_3_2
t_23240	9_3_2
t_23241	9_3_2
t_23242	9_3_2
t_23243	9_3_2
t_23244	9_3_2
t_23245	9_3_2
t_23246	9_3_2
t_23247	9_3_2
t_23248	9_3_2
t_23249	9_3_2
t_23250	9_3_2
t_23251	9_3_2
t_23252	9_3_2
t_23253	9_3_2
t_23254	9_3_2
t_23255	9_3_2
t_23256	9_3_2
t_23257	9_3_2
t_23258	9_3_2
t_23259	9_3_2
t_23260	9_3_2
t_23261	9_3_2
t_23262	9_3_2
t_23263	9_3_2
t_23264	9_3_2
t_23265	9_3_2
t_23266	9_3_2
t_23267	9_3_2
t_23268	9_3_2
t_23269	9_3_2
t_23270	9_3_2
t_23271	9_3_2
t_23272	9_3_2
t_23273	9_3_2
t_23274	9_3_2
t_23275	9_3_2
t_23276	9_3_2
t_23277	9_3_2
t_23278	9_3_2
t_23279	9_3_2
t_23280	9_3_2
t_23281	9_3_2
t_23282	9_3_2
t_23283	9_3_2
t_23284	9_3_2
t_23285	9_3_2
t_23286	9_3_2
t_23287	9_3_2
t_23288	9_3_2
t_23289	9_3_2
t_23290	9_3_2
t_23291	9_3_2
t_23292	9_3_2
t_23293	9_3_2
t_23294	9_3_2
t_23295	9_3_2
t_23296	9_3_2
t_23297	9_3_2
t_23298	9_3_2
t_23299	9_3_2
t_23300	9_3_2
t_23301	9_3_2
t_23302	9_3_2
t_23303	9_3_2
t_23304	9_3_2
t_23305	9_3_2
t_23306	9_3_2
t_23307	9_3_2
t_23308	9_3_2
t_23309	9_3_2
t_23310	9_3_2
t_23311	9_3_2
t_23312	9_3_2
t_23313	9_3_2
t_23314	9_3_2
t_23315	9_3_2
t_23316	9_3_2
t_23317	9_3_2
t_23318	9_3_2
t_23319	9_3_2
t_23320	9_3_2
t_23321	9_3_2
t_23322	9_3_2
t_23323	9_3_2
t_23324	9_3_2
t_23325	9_3_2
t_23326	9_3_2
t_23327	9_3_2
t_23328	9_3_2
t_23329	9_3_2
t_23330	9_3_2
t_23331	9_3_2
t_23332	9_3_2
t_23333	9_3_2
t_23334	9_3_2
t_23335	9_3_2
t_23336	9_3_2
t_23337	9_3_2
t_23338	9_3_2
t_23339	9_3_2
t_23340	9_3_2
t_23341	9_3_2
t_23342	9_3_2
t_23343	9_3_2
t_23344	9_3_2
t_23345	9_3_2
t_23346	9_3_2
t_23347	9_3_2
t_23348	9_3_2
t_23349	9_3_2
t_23350	9_3_2
t_23351	9_4_1
t_23352	9_4_1
t_23353	9_4_1
t_23354	9_4_1
t_23355	9_4_1
t_23356	9_4_1
t_23357	9_4_1
t_23358	9_4_1
t_23359	9_4_1
t_23360	9_4_1
t_23361	9_4_1
t_23362	9_4_1
t_23363	9_4_1
t_23364	9_4_1
t_23365	9_4_1
t_23366	9_4_1
t_23367	9_5_1
t_23368	9_5_1
t_23369	9_5_1
t_23370	9_5_1
t_23371	9_5_1
t_23372	9_5_1
t_23373	9_5_1
t_23374	9_5_1
t_23375	9_5_1
t_23376	9_5_1
t_23377	9_5_1
t_23378	9_5_1
t_23379	9_5_1
t_23380	9_6_1
t_23381	9_6_1
t_23382	9_6_1
t_23383	9_6_1
t_23384	9_6_1
t_23385	9_6_1
t_23386	9_6_1
t_23387	9_6_1
t_23388	9_6_1
t_23389	9_6_1
t_23390	9_6_1
t_23391	9_6_1
t_23392	9_6_1
t_23393	9_6_1
t_23394	9_6_1
t_23395	9_6_1
t_23396	9_6_1
t_23397	9_6_1
t_23398	9_6_1
t_23399	9_6_1
t_23400	9_6_1
t_23401	9_6_1
t_23402	9_6_1
t_23403	9_6_1
t_23404	9_7_1
t_23405	9_7_1
t_23406	9_7_1
t_23407	9_7_1
t_23408	9_7_1
t_23409	9_7_1
t_23410	9_7_1
t_23411	9_7_1
t_23412	9_7_1
t_23413	9_7_1
t_23414	9_7_1
t_23415	9_7_1
t_23416	9_7_1
t_23417	9_7_1
t_23418	9_7_1
t_23419	9_8_1
t_23420	9_8_1
t_23421	9_8_1
t_23422	9_8_1
t_23423	9_8_1
t_23424	9_8_1
t_23425	9_8_1
t_23426	9_8_1
t_23427	9_8_1
t_23428	9_8_1
t_23429	9_8_1
t_23430	9_8_1
t_23431	9_8_1
t_23432	9_8_1
t_23433	9_8_1
t_23434	9_8_1
t_23435	9_8_1
t_23436	9_8_1
t_23437	9_8_1
t_23438	9_8_1
t_23439	9_8_1
t_23440	9_8_1
t_23441	9_8_1
t_23442	9_8_1
t_23443	9_8_1
t_23444	9_8_1
t_23445	9_8_1
t_23446	9_8_1
t_23447	9_8_1
t_23448	9_8_1
t_23449	9_8_1
t_23450	9_8_1
t_23451	9_8_1
t_23452	9_8_1
t_23453	9_8_1
t_23454	9_8_1
t_23455	9_8_1
t_23456	9_8_1
t_23457	9_8_1
t_23458	9_8_1
t_23459	9_9_1
t_23460	9_9_1
t_23461	9_9_1
t_23462	9_9_1
t_23463	9_9_1
t_23464	9_9_1
t_23465	9_9_1
t_23466	9_9_1
t_23467	9_9_1
t_23468	9_9_1
t_23469	9_9_1
t_23470	9_9_1
t_23471	9_9_1
t_23472	9_9_1
t_23473	9_9_1
t_23474	9_9_1
t_23475	9_9_1
t_23476	9_9_1
t_23477	9_9_1
t_23478	9_9_1
t_23479	9_9_1
t_23480	9_9_1
t_23481	9_9_1
t_23482	9_9_1
t_23483	9_9_1
t_23484	9_9_1
t_23485	9_9_1
t_23486	9_9_1
t_23487	9_9_1
t_23488	9_9_1
t_23489	9_9_1
t_23490	9_9_1
t_23491	9_9_1
t_23492	9_9_1
t_23493	9_9_1
t_23494	9_9_1
t_23495	9_9_1
t_23496	9_9_1
t_23497	9_9_1
t_23498	9_9_1
t_23499	9_9_1
t_23500	9_9_1
t_23501	9_9_1
t_23502	9_9_1
t_23503	9_9_1
t_23504	9_9_1
t_23505	9_9_1
t_23506	9_9_1
t_23507	9_9_1
t_23508	9_9_1
t_23509	9_9_1
t_23510	9_9_1
t_23511	9_9_1
t_23512	9_9_1
t_23513	9_9_1
t_23514	9_9_1
t_23515	9_9_1
t_23516	9_9_1
t_23517	9_9_1
t_23518	9_9_1
t_23519	9_9_1
t_23520	9_9_1
t_23521	9_9_1
t_23522	9_9_1
t_23523	9_9_1
t_23524	9_9_1
t_23525	9_9_1
t_23526	9_9_1
t_23527	9_9_1
t_23528	9_9_1
t_23529	9_9_1
t_23530	9_9_1
t_23531	9_9_1
t_23532	9_9_1
t_23533	9_9_1
t_23534	9_9_1
t_23535	9_9_1
t_23536	9_9_1
t_23537	9_9_1
t_23538	9_9_1
t_23539	9_9_1
t_23540	9_9_1
t_23541	9_9_1
t_23542	9_9_1
t_23543	9_9_1
t_23544	9_9_1
t_23545	9_9_1
t_23546	9_9_1
t_23547	9_9_1
t_23548	9_9_1
t_23549	9_9_1
t_23550	9_9_1
t_23551	9_9_1
t_23552	9_9_1
t_23553	9_9_1
t_23554	9_9_1
t_23555	9_9_1
t_23556	9_9_1
t_23557	9_9_1
t_23558	9_9_1
t_23559	9_9_1
t_23560	9_9_1
t_23561	9_9_1
t_23562	9_9_1
t_23563	9_9_1
t_23564	9_9_1
t_23565	9_9_1
t_23566	9_9_1
t_23567	9_9_2
t_23568	9_9_2
t_23569	9_9_2
t_23570	9_9_2
t_23571	9_9_2
t_23572	9_9_2
t_23573	9_9_2
t_23574	9_9_2
t_23575	9_9_2
t_23576	9_9_2
t_23577	9_9_2
t_23578	9_9_2
t_23579	9_9_2
t_23580	9_9_2
t_23581	9_9_2
t_23582	9_9_2
t_23583	9_9_2
t_23584	9_9_2
t_23585	9_9_2
t_23586	9_9_2
t_23587	9_9_2
t_23588	9_9_2
t_23589	9_9_2
t_23590	9_9_2
t_23591	9_9_2
t_23592	9_9_2
t_23593	9_9_2
t_23594	9_9_2
t_23595	9_9_2
t_23596	9_9_2
t_23597	9_9_2
t_23598	9_9_2
t_23599	9_9_2
t_23600	9_9_2
t_23601	9_9_2
t_23602	9_9_2
t_23603	9_9_2
t_23604	9_9_2
t_23605	9_9_2
t_23606	9_9_2
t_23607	9_9_2
t_23608	9_9_2
t_23609	9_9_2
t_23610	9_9_2
t_23611	9_9_2
t_23612	9_9_2
t_23613	9_9_2
t_23614	9_9_2
t_23615	9_9_2
t_23616	9_9_2
t_23617	9_9_2
t_23618	9_9_2
t_23619	9_9_2
t_23620	9_9_2
t_23621	9_9_2
t_23622	9_9_2
t_23623	9_9_2
t_23624	9_9_2
t_23625	9_9_2
t_23626	9_9_2
t_23627	9_9_2
t_23628	9_9_2
t_23629	9_9_2
t_23630	9_9_2
t_23631	9_9_2
t_23632	9_9_2
t_23633	9_9_2
t_23634	9_9_2
t_23635	9_9_2
t_23636	9_9_2
t_23637	9_9_2
t_23638	9_9_2
t_23639	9_9_2
t_23640	9_9_2
t_23641	9_9_2
t_23642	9_9_2
t_23643	9_9_2
t_23644	9_9_2
t_23645	9_9_2
t_23646	9_9_2
t_23647	9_9_2
t_23648	9_9_2
t_23649	9_9_2
t_23650	9_9_2
t_23651	9_9_2
t_23652	9_9_2
t_23653	9_9_2
t_23654	9_9_2
t_23655	9_9_2
t_23656	9_9_2
t_23657	9_9_2
t_23658	9_9_2
t_23659	9_9_3
t_23660	9_9_3
t_23661	9_9_3
t_23662	9_9_3
t_23663	9_9_3
t_23664	9_9_3
t_23665	9_9_3
t_23666	9_9_3
t_23667	9_9_3
t_23668	9_9_3
t_23669	9_9_3
t_23670	9_9_3
t_23671	9_9_3
t_23672	9_9_3
t_23673	9_9_3
t_23674	9_9_3
t_23675	9_9_3
t_23676	9_9_3
t_23677	9_9_3
t_23678	9_9_3
t_23679	9_9_3
t_23680	9_9_3
t_23681	9_9_3
t_23682	9_9_3
t_23683	9_9_3
t_23684	9_9_3
t_23685	9_9_3
t_23686	9_9_3
t_23687	9_9_3
t_23688	9_9_3
t_23689	9_9_3
t_23690	9_9_3
t_23691	9_9_3
t_23692	9_9_3
t_23693	9_9_3
t_23694	9_9_3
t_23695	9_9_3
t_23696	9_9_3
t_23697	9_9_3
t_23698	9_9_3
t_23699	9_9_3
t_23700	9_9_3
t_23701	9_9_3
t_23702	9_9_3
t_23703	9_9_3
t_23704	9_9_3
t_23705	9_9_3
t_23706	9_9_3
t_23707	9_9_3
t_23708	9_9_3
t_23709	9_9_3
t_23710	9_9_3
t_23711	9_9_3
t_23712	9_9_3
t_23713	9_9_3
t_23714	9_9_3
t_23715	9_9_3
t_23716	9_9_3
t_23717	9_10_1
t_23718	9_10_1
t_23719	9_10_1
t_23720	9_10_1
t_23721	9_10_1
t_23722	9_10_1
t_23723	9_10_1
t_23724	9_10_1
t_23725	9_10_1
t_23726	9_10_1
t_23727	9_10_1
t_23728	9_10_1
t_23729	9_10_1
t_23730	9_10_1
t_23731	9_10_1
t_23732	9_10_1
t_23733	9_10_1
t_23734	9_10_1
t_23735	9_10_1
t_23736	9_10_1
t_23737	9_10_1
t_23738	9_10_1
t_23739	9_10_1
t_23740	9_10_1
t_23741	9_10_1
t_23742	9_10_1
t_23743	9_10_1
t_23744	9_10_1
t_23745	9_10_1
t_23746	9_10_1
t_23747	9_10_1
t_23748	9_10_1
t_23749	9_10_1
t_23750	9_10_1
t_23751	9_10_1
t_23752	9_10_1
t_23753	9_10_1
t_23754	9_10_1
t_23755	9_10_1
t_23756	9_10_1
t_23757	9_10_1
t_23758	9_10_1
t_23759	9_10_1
t_23760	9_10_1
t_23761	9_10_1
t_23762	9_10_1
t_23763	9_10_1
t_23764	9_10_1
t_23765	9_10_1
t_23766	9_10_1
t_23767	9_10_1
t_23768	9_10_1
t_23769	9_10_1
t_23770	9_10_1
t_23771	9_10_1
t_23772	9_11_1
t_23773	9_11_1
t_23774	9_11_1
t_23775	9_11_1
t_23776	9_11_1
t_23777	9_11_1
t_23778	9_11_1
t_23779	9_11_1
t_23780	9_11_1
t_23781	9_11_1
t_23782	9_11_1
t_23783	9_11_1
t_23784	9_11_1
t_23785	9_11_1
t_23786	9_11_1
t_23787	9_11_1
t_23788	9_11_1
t_23789	9_11_1
t_23790	9_11_1
t_23791	9_11_1
t_23792	9_11_1
t_23793	9_11_1
t_23794	9_11_1
t_23795	9_11_1
t_23796	9_11_1
t_23797	9_11_1
t_23798	9_11_1
t_23799	9_11_1
t_23800	9_11_1
t_23801	9_11_1
t_23802	9_11_1
t_23803	9_11_1
t_23804	9_11_1
t_23805	9_11_1
t_23806	9_11_1
t_23807	9_11_1
t_23808	9_11_1
t_23809	9_11_1
t_23810	9_11_1
t_23811	9_11_1
t_23812	9_11_1
t_23813	9_11_1
t_23814	9_11_1
t_23815	9_11_1
t_23816	9_11_1
t_23817	9_11_1
t_23818	9_11_1
t_23819	9_11_1
t_23820	9_11_1
t_23821	9_11_1
t_23822	9_11_1
t_23823	9_11_1
t_23824	9_11_1
t_23825	9_11_1
t_23826	9_11_1
t_23827	9_11_1
t_23828	9_11_1
t_23829	9_11_1
t_23830	9_11_1
t_23831	9_12_1
t_23832	9_12_1
t_23833	9_12_1
t_23834	9_12_1
t_23835	9_12_1
t_23836	9_12_1
t_23837	9_12_1
t_23838	9_12_1
t_23839	9_12_1
t_23840	9_12_1
t_23841	9_12_1
t_23842	9_12_1
t_23843	9_12_1
t_23844	9_12_1
t_23845	9_12_1
t_23846	9_12_1
t_23847	9_12_1
t_23848	9_12_1
t_23849	9_12_1
t_23850	9_12_1
t_23851	9_12_1
t_23852	9_12_1
t_23853	9_12_1
t_23854	9_12_1
t_23855	9_12_1
t_23856	9_12_1
t_23857	9_12_1
t_23858	9_13_1
t_23859	9_13_1
t_23860	9_13_1
t_23861	9_13_1
t_23862	9_13_1
t_23863	9_13_1
t_23864	9_13_1
t_23865	9_13_1
t_23866	9_13_1
t_23867	9_13_1
t_23868	9_13_1
t_23869	9_13_1
t_23870	9_13_1
t_23871	9_13_1
t_23872	9_13_1
t_23873	9_13_1
t_23874	9_13_1
t_23875	9_13_1
t_23876	9_13_1
t_23877	9_13_1
t_23878	9_13_1
t_23879	9_13_1
t_23880	9_14_1
t_23881	9_14_1
t_23882	9_14_1
t_23883	9_14_1
t_23884	9_14_1
t_23885	9_14_1
t_23886	9_14_1
t_23887	9_14_1
t_23888	9_14_1
t_23889	9_14_1
t_23890	9_14_1
t_23891	9_14_1
t_23892	9_14_1
t_23893	9_14_1
t_23894	9_14_1
t_23895	9_14_1
t_23896	9_14_1
t_23897	9_14_1
t_23898	9_14_1
t_23899	9_14_1
t_23900	9_14_1
t_23901	9_14_1
t_23902	9_14_1
t_23903	9_14_1
t_23904	9_14_1
t_23905	9_15_1
t_23906	9_15_1
t_23907	9_15_1
t_23908	9_15_1
t_23909	9_15_1
t_23910	9_15_1
t_23911	9_15_1
t_23912	9_15_1
t_23913	9_15_1
t_23914	9_15_1
t_23915	9_15_1
t_23916	9_15_1
t_23917	9_15_1
t_23918	9_15_1
t_23919	9_15_1
t_23920	9_15_1
t_23921	9_15_1
t_23922	9_15_1
t_23923	9_15_1
t_23924	9_15_1
t_23925	9_15_1
t_23926	9_15_1
t_23927	9_15_1
t_23928	9_15_1
t_23929	9_15_1
t_23930	9_15_1
t_23931	9_15_1
t_23932	9_15_1
t_23933	9_16_1
t_23934	9_16_1
t_23935	9_16_1
t_23936	9_16_1
t_23937	9_16_1
t_23938	9_16_1
t_23939	9_16_1
t_23940	9_16_1
t_23941	9_16_1
t_23942	9_16_1
t_23943	9_16_1
t_23944	9_16_1
t_23945	9_16_1
t_23946	9_16_1
t_23947	9_16_1
t_23948	9_16_1
t_23949	9_16_1
t_23950	9_16_1
t_23951	9_16_1
t_23952	9_16_1
t_23953	9_16_1
t_23954	9_16_1
t_23955	9_16_1
t_23956	9_16_1
t_23957	9_16_1
t_23958	9_16_1
t_23959	9_16_1
t_23960	9_16_1
t_23961	9_17_1
t_23962	9_17_1
t_23963	9_17_1
t_23964	9_17_1
t_23965	9_17_1
t_23966	9_17_1
t_23967	9_17_1
t_23968	9_17_1
t_23969	9_17_1
t_23970	9_17_1
t_23971	9_17_1
t_23972	9_17_1
t_23973	9_17_1
t_23974	9_18_1
t_23975	9_18_1
t_23976	9_18_1
t_23977	9_18_1
t_23978	9_18_1
t_23979	9_18_1
t_23980	9_18_1
t_23981	9_18_1
t_23982	9_18_1
t_23983	9_18_1
t_23984	9_18_1
t_23985	9_18_1
t_23986	9_18_1
t_23987	9_18_1
t_23988	9_18_1
t_23989	9_18_1
t_23990	9_18_1
t_23991	9_18_1
t_23992	9_18_1
t_23993	9_18_1
t_23994	9_19_1
t_23995	9_19_1
t_23996	9_19_1
t_23997	9_19_1
t_23998	9_19_1
t_23999	9_19_1
t_24000	9_19_1
t_24001	9_19_1
t_24002	9_19_1
t_24003	9_19_1
t_24004	9_19_1
t_24005	9_19_1
t_24006	9_19_1
t_24007	9_19_1
t_24008	9_19_1
t_24009	9_19_1
t_24010	9_19_1
t_24011	9_19_1
t_24012	9_19_1
t_24013	9_19_1
t_24014	9_19_1
t_24015	9_20_1
t_24016	9_20_1
t_24017	9_20_1
t_24018	9_20_1
t_24019	9_20_1
t_24020	9_20_1
t_24021	9_20_1
t_24022	9_21_1
t_24023	9_21_1
t_24024	9_21_1
t_24025	9_21_1
t_24026	9_21_1
t_24027	9_21_1
t_24028	9_21_1
t_24029	9_21_1
t_24030	9_21_1
t_24031	9_21_1
t_24032	9_21_1
t_24033	9_21_1
t_24034	9_21_1
t_24035	9_21_1
t_24036	9_21_1
t_24037	9_21_1
t_24038	9_21_1
t_24039	9_21_1
t_24040	9_21_1
t_24041	9_21_1
t_24042	9_21_1
t_24043	9_21_1
t_24044	9_21_1
t_24045	9_21_1
t_24046	9_21_1
t_24047	9_21_1
t_24048	9_21_1
t_24049	9_21_1
t_24050	9_21_1
t_24051	9_21_1
t_24052	9_21_1
t_24053	9_21_1
t_24054	9_21_1
t_24055	9_21_1
t_24056	9_21_1
t_24057	9_21_1
t_24058	9_21_1
t_24059	9_21_1
t_24060	9_21_1
t_24061	9_21_1
t_24062	9_21_1
t_24063	9_21_1
t_24064	9_21_1
t_24065	9_21_1
t_24066	9_21_1
t_24067	9_21_1
t_24068	9_21_1
t_24069	9_21_1
t_24070	9_21_1
t_24071	9_21_1
t_24072	9_21_1
t_24073	9_21_1
t_24074	9_21_1
t_24075	9_21_1
t_24076	9_21_1
t_24077	9_21_1
t_24078	9_21_1
t_24079	9_21_1
t_24080	9_21_1
t_24081	9_21_1
t_24082	9_21_1
t_24083	9_21_1
t_24084	9_21_1
t_24085	9_21_1
t_24086	9_21_1
t_24087	9_21_1
t_24088	9_21_1
t_24089	9_21_1
t_24090	9_21_1
t_24091	9_21_1
t_24092	9_21_1
t_24093	9_21_1
t_24094	9_21_1
t_24095	9_21_1
t_24096	9_21_1
t_24097	9_21_1
t_24098	9_21_1
t_24099	9_21_1
t_24100	9_21_1
t_24101	9_21_1
t_24102	9_21_1
t_24103	9_21_1
t_24104	9_21_1
t_24105	9_21_1
t_24106	9_21_1
t_24107	9_21_1
t_24108	9_21_1
t_24109	9_21_1
t_24110	9_21_1
t_24111	9_21_1
t_24112	9_21_1
t_24113	9_21_1
t_24114	9_21_1
t_24115	9_21_1
t_24116	9_21_1
t_24117	9_21_1
t_24118	9_22_1
t_24119	9_22_1
t_24120	9_22_1
t_24121	9_22_1
t_24122	9_22_1
t_24123	9_22_1
t_24124	9_22_1
t_24125	9_22_1
t_24126	9_22_1
t_24127	9_22_1
t_24128	9_22_1
t_24129	9_22_1
t_24130	9_22_1
t_24131	9_22_1
t_24132	9_22_1
t_24133	9_22_1
t_24134	9_22_1
t_24135	9_22_1
t_24136	9_22_1
t_24137	9_22_1
t_24138	9_22_1
t_24139	9_22_1
t_24140	9_22_1
t_24141	9_22_1
t_24142	9_22_1
t_24143	9_22_1
t_24144	9_22_1
t_24145	9_22_1
t_24146	9_22_1
t_24147	9_22_1
t_24148	9_22_1
t_24149	9_22_1
t_24150	9_22_1
t_24151	9_22_1
t_24152	9_22_1
t_24153	9_22_1
t_24154	9_22_1
t_24155	9_22_1
t_24156	9_22_1
t_24157	9_22_1
t_24158	9_22_1
t_24159	9_22_1
t_24160	9_22_1
t_24161	9_22_1
t_24162	9_22_1
t_24163	9_22_1
t_24164	9_22_1
t_24165	9_22_1
t_24166	9_22_1
t_24167	9_22_1
t_24168	9_22_1
t_24169	9_23_1
t_24170	9_23_1
t_24171	9_23_1
t_24172	9_23_1
t_24173	9_23_1
t_24174	9_23_1
t_24175	9_23_1
t_24176	9_23_1
t_24177	9_23_1
t_24178	9_23_1
t_24179	9_23_1
t_24180	9_23_1
t_24181	9_23_1
t_24182	9_23_1
t_24183	9_23_1
t_24184	9_23_1
t_24185	9_23_1
t_24186	9_23_1
t_24187	9_23_1
t_24188	9_23_1
t_24189	9_23_1
t_24190	9_23_1
t_24191	9_23_1
t_24192	9_23_1
t_24193	9_23_1
t_24194	9_23_1
t_24195	9_23_1
t_24196	9_23_1
t_24197	9_23_1
t_24198	9_23_1
t_24199	9_23_1
t_24200	9_23_1
t_24201	9_23_1
t_24202	9_23_1
t_24203	9_23_1
t_24204	9_23_1
t_24205	9_23_1
t_24206	9_23_1
t_24207	9_23_1
t_24208	9_23_1
t_24209	9_23_1
t_24210	9_23_1
t_24211	9_23_1
t_24212	9_23_1
t_24213	9_23_1
t_24214	9_23_1
t_24215	9_23_1
t_24216	9_23_1
t_24217	9_23_1
t_24218	9_23_1
t_24219	9_23_1
t_24220	9_23_1
t_24221	9_23_1
t_24222	9_23_1
t_24223	9_23_1
t_24224	9_23_1
t_24225	9_23_1
t_24226	9_23_1
t_24227	9_23_1
t_24228	9_23_1
t_24229	9_23_1
t_24230	9_23_1
t_24231	9_23_1
t_24232	9_23_1
t_24233	9_23_1
t_24234	9_23_1
t_24235	9_23_1
t_24236	9_24_1
t_24237	9_24_1
t_24238	9_24_1
t_24239	9_24_1
t_24240	9_24_1
t_24241	9_24_1
t_24242	9_24_1
t_24243	9_24_1
t_24244	9_24_1
t_24245	9_24_1
t_24246	9_24_1
t_24247	9_24_1
t_24248	9_24_1
t_24249	9_24_1
t_24250	9_24_1
t_24251	9_24_1
t_24252	9_24_1
t_24253	9_25_1
t_24254	9_25_1
t_24255	9_25_1
t_24256	9_25_1
t_24257	9_25_1
t_24258	9_25_1
t_24259	9_25_1
t_24260	9_25_1
t_24261	9_25_1
t_24262	9_25_1
t_24263	9_25_1
t_24264	9_25_1
t_24265	9_25_1
t_24266	9_25_1
t_24267	9_25_1
t_24268	9_25_1
t_24269	9_25_1
t_24270	9_25_1
t_24271	9_25_1
t_24272	9_25_1
t_24273	9_25_1
t_24274	9_25_1
t_24275	9_25_1
t_24276	9_25_1
t_24277	9_25_1
t_24278	9_25_1
t_24279	9_25_1
t_24280	9_25_1
t_24281	9_25_1
t_24282	9_26_1
t_24283	9_26_1
t_24284	9_26_1
t_24285	9_26_1
t_24286	9_26_1
t_24287	9_26_1
t_24288	9_26_1
t_24289	9_26_1
t_24290	9_26_1
t_24291	9_26_1
t_24292	9_26_1
t_24293	9_26_1
t_24294	9_26_1
t_24295	9_26_1
t_24296	9_26_1
t_24297	9_26_1
t_24298	9_26_1
t_24299	9_26_1
t_24300	9_27_1
t_24301	9_27_1
t_24302	9_27_1
t_24303	9_27_1
t_24304	9_27_1
t_24305	9_27_1
t_24306	9_27_1
t_24307	9_27_1
t_24308	9_27_1
t_24309	9_27_1
t_24310	9_27_1
t_24311	9_27_1
t_24312	9_27_1
t_24313	9_27_1
t_24314	9_27_1
t_24315	9_27_1
t_24316	9_27_1
t_24317	9_27_1
t_24318	9_27_1
t_24319	9_27_1
t_24320	9_27_1
t_24321	9_27_1
t_24322	9_27_1
t_24323	9_27_1
t_24324	9_27_1
t_24325	9_27_1
t_24326	9_27_1
t_24327	9_27_1
t_24328	9_27_1
t_24329	9_27_1
t_24330	9_27_1
t_24331	9_27_1
t_24332	9_27_1
t_24333	9_27_1
t_24334	9_27_1
t_24335	9_27_1
t_24336	9_27_1
t_24337	9_27_1
t_24338	9_27_1
t_24339	9_27_1
t_24340	9_27_1
t_24341	9_27_1
t_24342	9_27_1
t_24343	9_27_1
t_24344	9_27_1
t_24345	9_27_1
t_24346	9_27_1
t_24347	9_27_1
t_24348	9_27_1
t_24349	9_27_1
t_24350	9_27_1
t_24351	9_27_1
t_24352	9_27_1
t_24353	9_27_1
t_24354	9_27_1
t_24355	9_27_1
t_24356	9_27_1
t_24357	9_27_1
t_24358	9_27_1
t_24359	9_27_1
t_24360	9_27_1
t_24361	9_27_1
t_24362	9_27_1
t_24363	9_27_1
t_24364	9_27_1
t_24365	9_27_1
t_24366	9_27_1
t_24367	9_27_1
t_24368	9_27_1
t_24369	9_27_1
t_24370	9_27_1
t_24371	9_27_1
t_24372	9_28_1
t_24373	9_28_1
t_24374	9_28_1
t_24375	9_28_1
t_24376	9_28_1
t_24377	9_28_1
t_24378	9_28_1
t_24379	9_28_1
t_24380	9_28_1
t_24381	9_28_1
t_24382	9_28_1
t_24383	9_28_1
t_24384	9_28_1
t_24385	9_28_1
t_24386	9_28_1
t_24387	9_28_1
t_24388	9_28_1
t_24389	9_28_1
t_24390	9_28_1
t_24391	9_28_1
t_24392	9_28_1
t_24393	9_28_1
t_24394	9_28_1
t_24395	9_28_1
t_24396	9_28_1
t_24397	9_28_1
t_24398	9_28_1
t_24399	9_28_1
t_24400	9_28_1
t_24401	9_28_1
t_24402	9_28_1
t_24403	9_28_1
t_24404	9_28_1
t_24405	9_28_1
t_24406	9_28_1
t_24407	9_28_1
t_24408	9_28_1
t_24409	9_28_1
t_24410	9_28_1
t_24411	9_28_1
t_24412	9_28_1
t_24413	9_28_1
t_24414	9_28_1
t_24415	9_28_1
t_24416	9_28_1
t_24417	9_28_1
t_24418	9_28_1
t_24419	9_28_1
t_24420	9_28_1
t_24421	9_28_1
t_24422	9_28_1
t_24423	9_28_1
t_24424	9_28_1
t_24425	9_28_1
t_24426	9_28_1
t_24427	9_28_1
t_24428	9_28_1
t_24429	9_28_1
t_24430	9_28_1
t_24431	9_28_1
t_24432	9_28_1
t_24433	9_28_1
t_24434	9_28_1
t_24435	9_28_1
t_24436	9_28_1
t_24437	9_28_1
t_24438	9_28_1
t_24439	9_28_1
t_24440	9_28_1
t_24441	9_28_1
t_24442	9_28_1
t_24443	9_28_1
t_24444	9_28_1
t_24445	9_28_1
t_24446	9_28_1
t_24447	9_28_1
t_24448	9_28_1
t_24449	9_28_1
t_24450	9_28_1
t_24451	9_28_1
t_24452	9_28_1
t_24453	9_28_1
t_24454	9_28_1
t_24455	9_28_1
t_24456	9_28_1
t_24457	9_28_1
t_24458	9_28_1
t_24459	9_28_1
t_24460	9_28_1
t_24461	9_28_1
t_24462	9_28_1
t_24463	9_28_1
t_24464	9_28_1
t_24465	9_28_1
t_24466	9_28_1
t_24467	9_28_1
t_24468	9_28_1
t_24469	9_28_1
t_24470	9_28_1
t_24471	9_28_1
t_24472	9_28_1
t_24473	9_28_1
t_24474	9_28_1
t_24475	9_28_1
t_24476	9_28_1
t_24477	9_28_1
t_24478	9_28_1
t_24479	9_28_1
t_24480	9_28_1
t_24481	9_28_1
t_24482	9_28_1
t_24483	9_28_1
t_24484	9_28_1
t_24485	9_29_1
t_24486	9_29_1
t_24487	9_29_1
t_24488	9_29_1
t_24489	9_29_1
t_24490	9_29_1
t_24491	9_29_1
t_24492	9_29_1
t_24493	9_29_1
t_24494	9_29_1
t_24495	9_29_1
t_24496	9_29_1
t_24497	9_29_1
t_24498	9_29_1
t_24499	9_29_1
t_24500	9_29_1
t_24501	9_29_1
t_24502	9_29_1
t_24503	9_29_1
t_24504	9_29_1
t_24505	9_29_1
t_24506	9_29_1
t_24507	9_29_1
t_24508	9_29_1
t_24509	9_29_1
t_24510	9_29_1
t_24511	9_29_1
t_24512	9_29_1
t_24513	9_29_1
t_24514	9_29_1
t_24515	9_29_1
t_24516	9_29_1
t_24517	9_29_1
t_24518	9_29_1
t_24519	9_29_1
t_24520	9_29_1
t_24521	9_29_1
t_24522	9_29_1
t_24523	9_29_1
t_24524	9_29_1
t_24525	9_29_1
t_24526	9_29_1
t_24527	9_29_1
t_24528	9_29_1
t_24529	9_29_1
t_24530	9_29_1
t_24531	9_29_1
t_24532	9_29_1
t_24533	9_29_1
t_24534	9_29_1
t_24535	9_29_1
t_24536	9_29_1
t_24537	9_29_1
t_24538	9_29_1
t_24539	9_29_1
t_24540	9_29_1
t_24541	9_29_1
t_24542	9_29_1
t_24543	9_29_1
t_24544	9_29_1
t_24545	9_29_1
t_24546	9_29_1
t_24547	9_29_1
t_24548	9_29_1
t_24549	9_29_1
t_24550	9_29_1
t_24551	9_29_1
t_24552	9_29_1
t_24553	9_29_1
t_24554	9_29_1
t_24555	9_29_1
t_24556	9_29_1
t_24557	9_29_1
t_24558	9_29_1
t_24559	9_29_1
t_24560	9_29_1
t_24561	9_29_1
t_24562	9_29_1
t_24563	9_29_1
t_24564	9_29_1
t_24565	9_29_1
t_24566	9_29_1
t_24567	9_29_1
t_24568	9_29_1
t_24569	9_29_1
t_24570	9_29_1
t_24571	9_29_1
t_24572	9_29_1
t_24573	9_29_1
t_24574	9_29_1
t_24575	9_29_1
t_24576	9_29_1
t_24577	9_29_1
t_24578	9_29_1
t_24579	9_29_1
t_24580	9_29_1
t_24581	9_29_1
t_24582	9_29_1
t_24583	9_29_1
t_24584	9_29_1
t_24585	9_29_1
t_24586	9_29_1
t_24587	9_29_1
t_24588	9_29_1
t_24589	9_29_1
t_24590	9_29_1
t_24591	9_29_1
t_24592	9_29_1
t_24593	9_29_1
t_24594	9_29_1
t_24595	9_29_1
t_24596	9_29_1
t_24597	9_29_1
t_24598	9_29_1
t_24599	9_29_1
t_24600	9_29_1
t_24601	9_29_1
t_24602	9_29_1
t_24603	9_29_1
t_24604	9_29_1
t_24605	9_29_1
t_24606	9_29_1
t_24607	9_29_1
t_24608	9_29_1
t_24609	9_29_1
t_24610	9_29_1
t_24611	9_29_1
t_24612	9_29_1
t_24613	9_29_1
t_24614	9_29_1
t_24615	9_29_1
t_24616	9_29_1
t_24617	9_29_1
t_24618	9_29_1
t_24619	9_29_1
t_24620	9_29_1
t_24621	9_29_1
t_24622	9_29_1
t_24623	9_29_1
t_24624	9_29_1
t_24625	9_29_1
t_24626	9_29_1
t_24627	9_29_1
t_24628	9_29_1
t_24629	9_29_1
t_24630	9_29_1
t_24631	9_29_1
t_24632	9_29_1
t_24633	9_30_1
t_24634	9_30_1
t_24635	9_30_1
t_24636	9_30_1
t_24637	9_30_1
t_24638	9_30_1
t_24639	9_30_1
t_24640	9_30_1
t_24641	9_30_1
t_24642	9_30_1
t_24643	9_30_1
t_24644	9_30_1
t_24645	9_30_1
t_24646	9_30_1
t_24647	9_30_1
t_24648	9_30_1
t_24649	9_30_1
t_24650	9_30_1
t_24651	9_30_1
t_24652	9_30_1
t_24653	9_30_1
t_24654	9_30_1
t_24655	9_30_1
t_24656	9_30_1
t_24657	9_30_1
t_24658	9_30_1
t_24659	9_30_1
t_24660	9_30_1
t_24661	9_30_1
t_24662	9_30_1
t_24663	9_30_1
t_24664	9_30_1
t_24665	9_30_1
t_24666	9_30_1
t_24667	9_30_1
t_24668	9_30_1
t_24669	9_30_1
t_24670	9_30_1
t_24671	9_30_1
t_24672	9_30_1
t_24673	9_30_1
t_24674	9_30_1
t_24675	9_30_1
t_24676	9_30_1
t_24677	9_30_1
t_24678	9_30_1
t_24679	9_30_1
t_24680	9_30_1
t_24681	9_30_1
t_24682	9_30_1
t_24683	9_30_1
t_24684	9_30_1
t_24685	9_30_1
t_24686	9_30_1
t_24687	9_30_1
t_24688	9_30_1
t_24689	9_30_1
t_24690	9_30_1
t_24691	9_30_1
t_24692	9_30_1
t_24693	9_30_1
t_24694	9_30_1
t_24695	9_30_1
t_24696	9_30_1
t_24697	9_30_1
t_24698	9_30_1
t_24699	9_30_1
t_24700	9_30_1
t_24701	9_30_1
t_24702	9_30_1
t_24703	9_30_1
t_24704	9_30_1
t_24705	9_30_1
t_24706	9_30_1
t_24707	9_30_1
t_24708	9_30_1
t_24709	9_30_1
t_24710	9_30_1
t_24711	9_30_1
t_24712	9_30_1
t_24713	9_30_1
t_24714	9_30_1
t_24715	9_30_1
t_24716	9_30_1
t_24717	9_30_1
t_24718	9_30_1
t_24719	9_30_1
t_24720	9_31_1
t_24721	9_31_1
t_24722	9_31_1
t_24723	9_31_1
t_24724	9_31_1
t_24725	9_31_1
t_24726	9_31_1
t_24727	9_31_1
t_24728	9_31_1
t_24729	9_31_1
t_24730	9_31_1
t_24731	9_31_1
t_24732	9_31_1
t_24733	9_31_1
t_24734	9_31_1
t_24735	9_31_1
t_24736	9_31_1
t_24737	9_31_1
t_24738	9_31_1
t_24739	9_31_1
t_24740	9_31_1
t_24741	9_31_1
t_24742	9_31_1
t_24743	9_31_1
t_24744	9_31_1
t_24745	9_31_1
t_24746	9_31_1
t_24747	9_31_1
t_24748	9_31_1
t_24749	9_31_1
t_24750	9_31_1
t_24751	9_31_1
t_24752	9_31_1
t_24753	9_31_1
t_24754	9_31_1
t_24755	9_31_1
t_24756	9_31_1
t_24757	9_31_1
t_24758	9_31_1
t_24759	9_31_1
t_24760	9_32_1
t_24761	9_32_1
t_24762	9_32_1
t_24763	9_32_1
t_24764	9_32_1
t_24765	9_32_1
t_24766	9_32_1
t_24767	9_32_1
t_24768	9_32_1
t_24769	9_32_1
t_24770	9_32_1
t_24771	9_32_1
t_24772	9_32_1
t_24773	9_32_1
t_24774	9_32_1
t_24775	9_32_1
t_24776	9_32_1
t_24777	9_32_1
t_24778	9_32_1
t_24779	9_32_1
t_24780	9_32_1
t_24781	9_32_1
t_24782	9_32_1
t_24783	9_32_1
t_24784	9_32_1
t_24785	9_32_1
t_24786	9_32_1
t_24787	9_32_1
t_24788	9_32_1
t_24789	9_32_1
t_24790	9_32_1
t_24791	9_32_1
t_24792	9_32_1
t_24793	9_32_1
t_24794	9_32_1
t_24795	9_32_1
t_24796	9_32_1
t_24797	9_32_1
t_24798	9_32_1
t_24799	9_32_1
t_24800	9_32_1
t_24801	9_32_1
t_24802	9_32_1
t_24803	9_32_1
t_24804	9_32_1
t_24805	9_32_1
t_24806	9_32_1
t_24807	9_32_1
t_24808	9_32_1
t_24809	9_32_1
t_24810	9_32_1
t_24811	9_32_1
t_24812	9_32_1
t_24813	9_32_1
t_24814	9_32_1
t_24815	9_32_1
t_24816	9_32_1
t_24817	9_32_1
t_24818	9_32_1
t_24819	9_32_1
t_24820	9_32_1
t_24821	9_32_1
t_24822	9_32_1
t_24823	9_32_1
t_24824	9_32_1
t_24825	9_32_1
t_24826	9_32_1
t_24827	9_32_1
t_24828	9_33_1
t_24829	9_33_1
t_24830	9_33_1
t_24831	9_33_1
t_24832	9_33_1
t_24833	9_33_1
t_24834	9_33_1
t_24835	9_33_1
t_24836	9_33_1
t_24837	9_33_1
t_24838	9_33_1
t_24839	9_33_1
t_24840	9_33_1
t_24841	9_33_1
t_24842	9_33_1
t_24843	9_33_1
t_24844	9_33_1
t_24845	9_33_1
t_24846	9_33_1
t_24847	9_33_1
t_24848	9_33_1
t_24849	9_33_1
t_24850	9_33_1
t_24851	9_33_1
t_24852	9_34_1
t_24853	9_34_1
t_24854	9_34_1
t_24855	9_34_1
t_24856	9_34_1
t_24857	9_34_1
t_24858	9_34_1
t_24859	9_34_1
t_24860	9_34_1
t_24861	9_34_1
t_24862	9_34_1
t_24863	9_34_1
t_24864	9_34_1
t_24865	9_34_1
t_24866	9_34_1
t_24867	9_34_1
t_24868	9_34_1
t_24869	9_34_1
t_24870	9_34_1
t_24871	9_34_1
t_24872	9_34_1
t_24873	9_34_1
t_24874	9_34_1
t_24875	9_34_1
t_24876	9_34_1
t_24877	9_34_1
t_24878	9_34_1
t_24879	9_34_1
t_24880	9_34_1
t_24881	9_34_1
t_24882	9_34_1
t_24883	9_34_1
t_24884	9_34_1
t_24885	9_35_1
t_24886	9_35_1
t_24887	9_35_1
t_24888	9_35_1
t_24889	9_35_1
t_24890	9_35_1
t_24891	9_35_1
t_24892	9_35_1
t_24893	9_35_1
t_24894	9_35_1
t_24895	9_35_1
t_24896	9_35_1
t_24897	9_35_1
t_24898	9_35_1
t_24899	9_35_1
t_24900	9_35_1
t_24901	9_35_1
t_24902	9_35_1
t_24903	9_35_1
t_24904	9_35_1
t_24905	9_35_1
t_24906	9_35_1
t_24907	9_35_1
t_24908	9_35_1
t_24909	9_35_1
t_24910	9_35_1
t_24911	9_35_1
t_24912	9_35_1
t_24913	9_35_1
t_24914	9_35_1
t_24915	9_35_1
t_24916	9_35_1
t_24917	9_35_1
t_24918	9_35_1
t_24919	9_35_1
t_24920	9_35_1
t_24921	9_35_1
t_24922	9_35_1
t_24923	9_35_1
t_24924	9_35_1
t_24925	9_35_1
t_24926	9_35_1
t_24927	9_35_1
t_24928	9_35_1
t_24929	9_35_1
t_24930	9_35_1
t_24931	9_35_1
t_24932	9_35_1
t_24933	9_35_1
t_24934	9_35_1
t_24935	9_35_1
t_24936	9_35_1
t_24937	9_35_1
t_24938	9_35_1
t_24939	9_35_1
t_24940	9_35_1
t_24941	9_35_1
t_24942	9_35_1
t_24943	9_35_1
t_24944	9_35_1
t_24945	9_35_1
t_24946	9_35_1
t_24947	9_35_1
t_24948	9_35_1
t_24949	9_35_1
t_24950	9_35_1
t_24951	9_35_1
t_24952	9_35_1
t_24953	9_36_1
t_24954	9_36_1
t_24955	9_36_1
t_24956	9_36_1
t_24957	9_36_1
t_24958	9_36_1
t_24959	9_36_1
t_24960	9_36_1
t_24961	9_36_1
t_24962	9_36_1
t_24963	9_36_1
t_24964	9_36_1
t_24965	9_36_1
t_24966	9_36_1
t_24967	9_36_1
t_24968	9_36_1
t_24969	9_36_1
t_24970	9_36_1
t_24971	9_36_1
t_24972	9_36_1
t_24973	9_36_1
t_24974	9_36_1
t_24975	9_36_1
t_24976	9_36_1
t_24977	9_36_1
t_24978	9_36_1
t_24979	9_36_1
t_24980	9_36_1
t_24981	9_36_1
t_24982	9_36_1
t_24983	9_36_1
t_24984	9_36_1
t_24985	9_36_1
t_24986	9_36_1
t_24987	9_36_1
t_24988	9_36_1
t_24989	9_36_1
t_24990	9_36_1
t_24991	9_36_1
t_24992	9_36_1
t_24993	9_36_1
t_24994	9_36_1
t_24995	9_36_1
t_24996	9_36_1
t_24997	9_36_1
t_24998	9_36_1
t_24999	9_36_1
t_25000	9_36_1
t_25001	9_36_1
t_25002	9_36_1
t_25003	9_36_1
t_25004	9_36_1
t_25005	9_36_1
t_25006	9_36_1
t_25007	9_36_1
t_25008	9_36_1
t_25009	9_36_1
t_25010	9_36_1
t_25011	9_37_1
t_25012	9_37_1
t_25013	9_37_1
t_25014	9_37_1
t_25015	9_37_1
t_25016	9_37_1
t_25017	9_37_1
t_25018	9_37_1
t_25019	9_37_1
t_25020	9_37_1
t_25021	9_37_1
t_25022	9_37_1
t_25023	9_37_1
t_25024	9_37_1
t_25025	9_37_1
t_25026	9_37_1
t_25027	9_37_1
t_25028	9_37_1
t_25029	9_37_1
t_25030	9_37_1
t_25031	9_37_1
t_25032	9_37_1
t_25033	9_37_1
t_25034	9_37_1
t_25035	9_37_1
t_25036	9_37_1
t_25037	9_37_1
t_25038	9_37_1
t_25039	9_37_1
t_25040	9_37_1
t_25041	9_37_1
t_25042	9_37_1
t_25043	9_37_1
t_25044	9_37_1
t_25045	9_37_1
t_25046	9_37_1
t_25047	9_37_1
t_25048	9_37_1
t_25049	9_37_1
t_25050	9_37_1
t_25051	9_37_1
t_25052	9_37_1
t_25053	9_37_1
t_25054	9_37_1
t_25055	9_37_1
t_25056	9_37_1
t_25057	9_37_1
t_25058	9_37_1
t_25059	9_37_1
t_25060	9_37_1
t_25061	9_37_1
t_25062	9_37_1
t_25063	9_37_1
t_25064	9_37_1
t_25065	9_37_1
t_25066	9_37_1
t_25067	9_37_1
t_25068	9_37_1
t_25069	9_37_1
t_25070	9_37_1
t_25071	9_37_1
t_25072	9_37_1
t_25073	9_38_1
t_25074	9_38_1
t_25075	9_38_1
t_25076	9_38_1
t_25077	9_38_1
t_25078	9_38_1
t_25079	9_38_1
t_25080	9_38_1
t_25081	9_38_1
t_25082	9_38_1
t_25083	9_38_1
t_25084	9_38_1
t_25085	9_38_1
t_25086	9_39_1
t_25087	9_39_1
t_25088	9_39_1
t_25089	9_39_1
t_25090	9_39_1
t_25091	9_39_1
t_25092	9_39_1
t_25093	9_39_1
t_25094	9_39_1
t_25095	9_39_1
t_25096	9_39_1
t_25097	9_39_1
t_25098	9_39_1
t_25099	9_39_1
t_25100	9_39_1
t_25101	9_39_1
t_25102	9_39_1
t_25103	9_39_1
t_25104	9_39_1
t_25105	9_39_1
t_25106	9_39_1
t_25107	9_39_1
t_25108	9_39_1
t_25109	9_39_1
t_25110	9_39_1
t_25111	9_39_1
t_25112	9_39_1
t_25113	9_39_1
t_25114	9_39_1
t_25115	9_39_1
t_25116	9_39_1
t_25117	9_39_1
t_25118	9_39_1
t_25119	9_39_1
t_25120	9_39_1
t_25121	9_39_1
t_25122	9_39_1
t_25123	9_39_1
t_25124	9_39_1
t_25125	9_39_1
t_25126	9_39_1
t_25127	9_39_1
t_25128	9_39_1
t_25129	9_39_1
t_25130	9_39_1
t_25131	9_39_1
t_25132	9_39_1
t_25133	9_39_1
t_25134	9_39_1
t_25135	9_39_1
t_25136	9_39_1
t_25137	9_39_1
t_25138	9_40_1
t_25139	9_40_1
t_25140	9_40_1
t_25141	9_40_1
t_25142	9_40_1
t_25143	9_40_1
t_25144	9_40_1
t_25145	9_40_1
t_25146	9_40_1
t_25147	9_40_1
t_25148	9_40_1
t_25149	9_40_1
t_25150	9_40_1
t_25151	9_40_1
t_25152	9_40_1
t_25153	9_40_1
t_25154	9_40_1
t_25155	9_40_1
t_25156	9_40_1
t_25157	9_40_1
t_25158	9_40_1
t_25159	9_40_1
t_25160	9_40_1
t_25161	9_40_1
t_25162	9_40_1
t_25163	9_40_1
t_25164	9_40_1
t_25165	9_40_1
t_25166	9_40_1
t_25167	9_40_1
t_25168	9_40_1
t_25169	9_40_1
t_25170	9_40_1
t_25171	9_40_1
t_25172	9_40_1
t_25173	9_40_1
t_25174	9_40_1
t_25175	9_40_1
t_25176	9_40_1
t_25177	9_40_1
t_25178	9_40_1
t_25179	9_40_1
t_25180	9_40_1
t_25181	9_40_1
t_25182	9_40_1
t_25183	9_40_1
t_25184	9_40_1
t_25185	9_40_1
t_25186	9_40_1
t_25187	9_40_1
t_25188	9_40_1
t_25189	9_40_1
t_25190	9_40_1
t_25191	9_40_1
t_25192	9_40_1
t_25193	9_40_1
t_25194	9_40_1
t_25195	9_40_1
t_25196	9_40_1
t_25197	9_40_1
t_25198	9_40_1
t_25199	9_40_1
t_25200	9_40_1
t_25201	9_40_1
t_25202	9_40_1
t_25203	9_40_1
t_25204	9_40_1
t_25205	9_40_1
t_25206	9_40_1
t_25207	9_40_1
t_25208	9_40_1
t_25209	9_40_1
t_25210	9_40_1
t_25211	9_40_1
t_25212	9_40_1
t_25213	9_40_1
t_25214	9_40_1
t_25215	9_40_1
t_25216	9_40_1
t_25217	9_40_1
t_25218	9_40_1
t_25219	9_40_1
t_25220	9_40_1
t_25221	9_40_1
t_25222	9_40_1
t_25223	9_40_1
t_25224	9_40_1
t_25225	9_40_1
t_25226	9_40_1
t_25227	9_40_1
t_25228	9_40_1
t_25229	9_40_1
t_25230	9_40_1
t_25231	9_40_1
t_25232	9_40_1
t_25233	9_40_1
t_25234	9_40_1
t_25235	9_40_1
t_25236	9_40_1
t_25237	9_40_1
t_25238	9_40_1
t_25239	9_40_1
t_25240	9_40_1
t_25241	9_40_1
t_25242	9_40_1
t_25243	9_40_1
t_25244	9_40_1
t_25245	9_40_1
t_25246	9_40_1
t_25247	9_40_1
t_25248	9_40_1
t_25249	9_40_1
t_25250	9_40_1
t_25251	9_40_1
t_25252	9_40_1
t_25253	9_40_1
t_25254	9_40_1
t_25255	9_40_1
t_25256	9_40_1
t_25257	9_40_1
t_25258	9_40_1
t_25259	9_40_1
t_25260	9_40_1
t_25261	9_40_1
t_25262	9_40_1
t_25263	9_40_1
t_25264	9_40_1
t_25265	9_40_1
t_25266	9_40_1
t_25267	9_40_1
t_25268	9_40_1
t_25269	9_40_1
t_25270	9_40_1
t_25271	9_40_1
t_25272	9_40_1
t_25273	9_40_1
t_25274	9_40_1
t_25275	9_40_1
t_25276	9_40_1
t_25277	9_40_1
t_25278	9_40_1
t_25279	9_40_1
t_25280	9_40_1
t_25281	9_40_1
t_25282	9_40_1
t_25283	9_40_1
t_25284	9_40_1
t_25285	9_40_1
t_25286	9_40_1
t_25287	9_40_1
t_25288	9_40_1
t_25289	9_40_1
t_25290	9_40_1
t_25291	9_40_1
t_25292	9_40_1
t_25293	9_40_1
t_25294	9_40_1
t_25295	9_40_1
t_25296	9_40_1
t_25297	9_40_1
t_25298	9_40_1
t_25299	9_40_1
t_25300	9_40_1
t_25301	9_40_1
t_25302	9_40_1
t_25303	9_40_1
t_25304	9_40_1
t_25305	9_40_1
t_25306	9_40_1
t_25307	9_40_1
t_25308	9_40_1
t_25309	9_40_1
t_25310	9_40_1
t_25311	9_40_1
t_25312	9_40_1
t_25313	9_40_1
t_25314	9_40_1
t_25315	9_40_1
t_25316	9_40_1
t_25317	9_40_1
t_25318	9_40_1
t_25319	9_40_1
t_25320	9_40_1
t_25321	9_40_1
t_25322	9_40_1
t_25323	9_41_1
t_25324	9_41_1
t_25325	9_41_1
t_25326	9_41_1
t_25327	9_41_1
t_25328	9_41_1
t_25329	9_41_1
t_25330	9_41_1
t_25331	9_41_1
t_25332	9_41_1
t_25333	9_41_1
t_25334	9_41_1
t_25335	9_41_1
t_25336	9_41_1
t_25337	9_41_1
t_25338	9_41_1
t_25339	9_41_1
t_25340	9_41_1
t_25341	9_41_1
t_25342	9_41_1
t_25343	9_41_1
t_25344	9_41_1
t_25345	9_41_1
t_25346	9_41_1
t_25347	9_41_1
t_25348	9_41_1
t_25349	9_41_1
t_25350	9_41_1
t_25351	9_41_1
t_25352	9_41_1
t_25353	9_41_1
t_25354	9_41_1
t_25355	9_41_1
t_25356	9_41_1
t_25357	9_41_1
t_25358	9_41_1
t_25359	9_41_1
t_25360	9_41_1
t_25361	9_41_1
t_25362	9_41_1
t_25363	9_41_1
t_25364	9_41_1
t_25365	9_41_1
t_25366	9_41_1
t_25367	9_41_1
t_25368	9_41_1
t_25369	9_41_1
t_25370	9_41_1
t_25371	9_41_1
t_25372	9_41_1
t_25373	9_41_1
t_25374	9_41_1
t_25375	9_41_1
t_25376	9_41_1
t_25377	9_41_1
t_25378	9_41_1
t_25379	9_41_1
t_25380	9_41_1
t_25381	9_41_1
t_25382	9_41_1
t_25383	9_41_1
t_25384	9_41_1
t_25385	9_41_1
t_25386	9_41_1
t_25387	9_41_1
t_25388	9_41_1
t_25389	9_41_1
t_25390	9_41_1
t_25391	9_41_1
t_25392	9_41_1
t_25393	9_41_1
t_25394	9_41_1
t_25395	9_41_1
t_25396	9_41_1
t_25397	9_41_1
t_25398	9_41_1
t_25399	9_41_1
t_25400	9_41_1
t_25401	9_41_1
t_25402	9_41_1
t_25403	9_41_1
t_25404	9_41_1
t_25405	9_41_1
t_25406	9_41_1
t_25407	9_41_1
t_25408	9_41_1
t_25409	9_41_1
t_25410	9_41_1
t_25411	9_41_1
t_25412	9_41_1
t_25413	9_41_1
t_25414	9_41_1
t_25415	9_41_1
t_25416	9_41_1
t_25417	9_41_1
t_25418	9_41_1
t_25419	9_41_1
t_25420	9_41_1
t_25421	9_41_1
t_25422	9_41_1
t_25423	9_41_1
t_25424	9_41_1
t_25425	9_41_1
t_25426	9_41_1
t_25427	9_41_1
t_25428	9_41_1
t_25429	9_41_1
t_25430	9_41_1
t_25431	9_41_1
t_25432	9_41_1
t_25433	9_41_1
t_25434	9_41_1
t_25435	9_41_1
t_25436	9_41_1
t_25437	9_41_1
t_25438	9_41_1
t_25439	9_41_1
t_25440	9_41_1
t_25441	9_41_1
t_25442	9_41_1
t_25443	9_41_1
t_25444	9_41_1
t_25445	9_41_1
t_25446	9_41_1
t_25447	9_41_1
t_25448	9_41_1
t_25449	9_41_1
t_25450	9_42_1
t_25451	9_42_1
t_25452	9_42_1
t_25453	9_42_1
t_25454	9_42_1
t_25455	9_42_1
t_25456	9_42_1
t_25457	9_42_1
t_25458	9_42_1
t_25459	9_42_1
t_25460	9_42_1
t_25461	9_42_1
t_25462	9_42_1
t_25463	9_42_1
t_25464	9_42_1
t_25465	9_42_1
t_25466	9_42_1
t_25467	9_42_1
t_25468	9_42_1
t_25469	9_42_1
t_25470	9_42_1
t_25471	9_42_1
t_25472	9_42_1
t_25473	9_42_1
t_25474	9_42_1
t_25475	9_42_1
t_25476	9_42_1
t_25477	9_42_1
t_25478	9_42_1
t_25479	9_42_1
t_25480	9_42_1
t_25481	9_42_1
t_25482	9_42_1
t_25483	9_42_1
t_25484	9_42_1
t_25485	9_42_1
t_25486	9_42_1
t_25487	9_42_1
t_25488	9_42_1
t_25489	9_42_1
t_25490	9_42_1
t_25491	9_42_1
t_25492	9_42_1
t_25493	9_42_1
t_25494	9_42_1
t_25495	9_42_1
t_25496	9_42_1
t_25497	9_42_1
t_25498	9_42_1
t_25499	9_42_1
t_25500	9_42_1
t_25501	9_42_1
t_25502	9_42_1
t_25503	9_42_1
t_25504	9_42_1
t_25505	9_42_1
t_25506	9_42_1
t_25507	9_42_1
t_25508	9_42_1
t_25509	9_42_1
t_25510	9_42_1
t_25511	9_42_1
t_25512	9_42_1
t_25513	9_42_1
t_25514	9_42_1
t_25515	9_42_1
t_25516	9_42_1
t_25517	9_42_1
t_25518	9_42_1
t_25519	9_42_1
t_25520	9_42_1
t_25521	9_42_1
t_25522	9_42_1
t_25523	9_42_1
t_25524	9_42_1
t_25525	9_42_1
t_25526	9_42_1
t_25527	9_42_1
t_25528	9_42_1
t_25529	9_42_1
t_25530	9_42_1
t_25531	9_42_1
t_25532	9_42_1
t_25533	9_42_1
t_25534	9_42_2
t_25535	9_42_2
t_25536	9_42_2
t_25537	9_42_2
t_25538	9_42_2
t_25539	9_42_2
t_25540	9_42_2
t_25541	9_42_2
t_25542	9_42_2
t_25543	9_42_2
t_25544	9_42_2
t_25545	9_42_2
t_25546	9_42_2
t_25547	9_42_2
t_25548	9_42_2
t_25549	9_42_2
t_25550	9_42_2
t_25551	9_42_2
t_25552	9_42_2
t_25553	9_42_2
t_25554	9_42_2
t_25555	9_42_2
t_25556	9_42_2
t_25557	9_42_2
t_25558	9_42_2
t_25559	9_42_2
t_25560	9_42_2
t_25561	9_42_2
t_25562	9_42_2
t_25563	9_42_2
t_25564	9_42_2
t_25565	9_42_2
t_25566	9_42_2
t_25567	9_42_2
t_25568	9_42_2
t_25569	9_42_2
t_25570	9_42_2
t_25571	9_42_2
t_25572	9_42_2
t_25573	9_42_2
t_25574	9_42_2
t_25575	9_42_2
t_25576	9_42_2
t_25577	9_42_2
t_25578	9_42_2
t_25579	9_42_2
t_25580	9_42_2
t_25581	9_42_2
t_25582	9_42_2
t_25583	9_42_2
t_25584	9_42_2
t_25585	9_42_2
t_25586	9_42_2
t_25587	9_42_2
t_25588	9_42_2
t_25589	9_42_2
t_25590	9_42_2
t_25591	9_42_2
t_25592	9_42_2
t_25593	9_42_2
t_25594	9_42_2
t_25595	9_42_2
t_25596	9_42_2
t_25597	9_42_2
t_25598	9_42_2
t_25599	9_42_2
t_25600	9_42_2
t_25601	9_42_2
t_25602	9_42_2
t_25603	9_42_2
t_25604	9_42_2
t_25605	9_42_2
t_25606	9_42_2
t_25607	9_42_2
t_25608	9_42_2
t_25609	9_42_2
t_25610	9_42_2
t_25611	9_42_2
t_25612	9_42_2
t_25613	9_42_2
t_25614	9_42_2
t_25615	9_42_2
t_25616	9_42_3
t_25617	9_42_3
t_25618	9_42_3
t_25619	9_42_3
t_25620	9_42_3
t_25621	9_42_3
t_25622	9_42_3
t_25623	9_42_3
t_25624	9_42_3
t_25625	9_42_3
t_25626	9_42_3
t_25627	9_42_3
t_25628	9_42_3
t_25629	9_42_3
t_25630	9_42_3
t_25631	9_42_3
t_25632	9_42_3
t_25633	9_42_3
t_25634	9_42_3
t_25635	9_42_3
t_25636	9_42_3
t_25637	9_42_3
t_25638	9_42_3
t_25639	9_42_3
t_25640	9_42_3
t_25641	9_42_3
t_25642	9_42_3
t_25643	9_42_3
t_25644	9_42_3
t_25645	9_42_3
t_25646	9_42_3
t_25647	9_42_3
t_25648	9_42_3
t_25649	9_42_3
t_25650	9_42_3
t_25651	9_42_3
t_25652	9_42_3
t_25653	9_42_3
t_25654	9_42_3
t_25655	9_42_3
t_25656	9_42_3
t_25657	9_42_3
t_25658	9_42_3
t_25659	9_42_3
t_25660	9_42_3
t_25661	9_42_3
t_25662	9_42_3
t_25663	9_42_3
t_25664	9_42_3
t_25665	9_42_3
t_25666	9_42_3
t_25667	9_42_3
t_25668	9_42_3
t_25669	9_42_3
t_25670	9_42_3
t_25671	9_42_3
t_25672	9_42_3
t_25673	9_42_3
t_25674	9_42_3
t_25675	9_42_3
t_25676	9_42_3
t_25677	9_42_3
t_25678	9_42_3
t_25679	9_42_3
t_25680	9_42_3
t_25681	9_42_3
t_25682	9_42_3
t_25683	9_42_4
t_25684	9_42_4
t_25685	9_42_4
t_25686	9_42_4
t_25687	9_42_4
t_25688	9_42_4
t_25689	9_42_4
t_25690	9_42_4
t_25691	9_42_4
t_25692	9_42_4
t_25693	9_42_4
t_25694	9_42_4
t_25695	9_42_4
t_25696	9_42_4
t_25697	9_42_4
t_25698	9_42_4
t_25699	9_42_4
t_25700	9_42_4
t_25701	9_42_4
t_25702	9_42_4
t_25703	9_42_4
t_25704	9_42_4
t_25705	9_42_4
t_25706	9_42_4
t_25707	9_42_4
t_25708	9_42_4
t_25709	9_42_4
t_25710	9_42_4
t_25711	9_42_4
t_25712	9_42_4
t_25713	9_42_4
t_25714	9_42_4
t_25715	9_42_4
t_25716	9_42_4
t_25717	9_42_4
t_25718	9_42_4
t_25719	9_42_4
t_25720	9_42_4
t_25721	9_42_4
t_25722	9_42_4
t_25723	9_42_4
t_25724	9_42_4
t_25725	9_42_4
t_25726	9_42_4
t_25727	9_42_4
t_25728	9_42_4
t_25729	9_42_4
t_25730	9_42_4
t_25731	9_42_4
t_25732	9_42_4
t_25733	9_42_4
t_25734	9_42_4
t_25735	9_42_4
t_25736	9_42_4
t_25737	9_42_4
t_25738	9_42_4
t_25739	9_42_4
t_25740	9_42_4
t_25741	9_42_4
t_25742	9_42_4
t_25743	9_42_4
t_25744	9_42_4
t_25745	9_42_4
t_25746	9_42_4
t_25747	9_42_4
t_25748	9_42_4
t_25749	9_42_4
t_25750	9_42_4
t_25751	9_42_4
t_25752	9_42_4
t_25753	9_42_4
t_25754	9_42_4
t_25755	9_42_4
t_25756	9_42_4
t_25757	9_42_4
t_25758	9_42_4
t_25759	9_42_4
t_25760	9_42_4
t_25761	9_42_4
t_25762	9_42_4
t_25763	9_42_4
t_25764	9_42_4
t_25765	9_42_4
t_25766	9_42_4
t_25767	9_42_4
t_25768	9_42_4
t_25769	9_42_4
t_25770	9_42_4
t_25771	9_42_4
t_25772	9_42_4
t_25773	9_42_4
t_25774	9_42_4
t_25775	9_42_4
t_25776	9_42_4
t_25777	9_42_4
t_25778	9_42_4
t_25779	9_42_4
t_25780	9_42_4
t_25781	9_42_4
t_25782	9_42_4
t_25783	9_42_4
t_25784	9_42_4
t_25785	9_42_4
t_25786	9_42_4
t_25787	9_42_4
t_25788	9_42_4
t_25789	9_42_4
t_25790	9_42_4
t_25791	9_42_4
t_25792	9_42_4
t_25793	9_42_4
t_25794	9_42_4
t_25795	9_42_4
t_25796	9_42_4
t_25797	9_42_4
t_25798	9_42_4
t_25799	9_42_4
t_25800	9_42_4
t_25801	9_42_4
t_25802	9_42_4
t_25803	9_42_4
t_25804	9_42_4
t_25805	9_42_4
t_25806	9_42_4
t_25807	9_42_4
t_25808	9_42_4
t_25809	9_42_4
t_25810	9_42_4
t_25811	9_42_4
t_25812	9_42_4
t_25813	9_42_4
t_25814	9_42_4
t_25815	9_42_4
t_25816	9_42_4
t_25817	9_42_4
t_25818	9_42_4
t_25819	9_42_4
t_25820	9_42_4
t_25821	9_42_4
t_25822	9_42_4
t_25823	9_42_4
t_25824	9_42_4
t_25825	9_42_4
t_25826	10_1_1
t_25827	10_1_1
t_25828	10_1_1
t_25829	10_1_1
t_25830	10_1_1
t_25831	10_1_1
t_25832	10_1_1
t_25833	10_1_1
t_25834	10_1_1
t_25835	10_1_1
t_25836	10_1_1
t_25837	10_1_1
t_25838	10_1_1
t_25839	10_1_1
t_25840	10_1_1
t_25841	10_1_1
t_25842	10_1_1
t_25843	10_1_1
t_25844	10_1_1
t_25845	10_1_1
t_25846	10_1_1
t_25847	10_1_1
t_25848	10_1_1
t_25849	10_1_1
t_25850	10_1_1
t_25851	10_1_1
t_25852	10_1_1
t_25853	10_1_1
t_25854	10_1_1
t_25855	10_1_1
t_25856	10_1_1
t_25857	10_1_1
t_25858	10_1_1
t_25859	10_1_1
t_25860	10_1_1
t_25861	10_1_1
t_25862	10_1_1
t_25863	10_1_1
t_25864	10_1_1
t_25865	10_1_1
t_25866	10_1_1
t_25867	10_1_1
t_25868	10_1_1
t_25869	10_1_1
t_25870	10_1_1
t_25871	10_1_1
t_25872	10_1_1
t_25873	10_1_1
t_25874	10_1_1
t_25875	10_1_1
t_25876	10_1_1
t_25877	10_1_1
t_25878	10_1_1
t_25879	10_1_1
t_25880	10_1_1
t_25881	10_1_1
t_25882	10_1_1
t_25883	10_1_1
t_25884	10_1_1
t_25885	10_1_1
t_25886	10_1_1
t_25887	10_1_1
t_25888	10_1_1
t_25889	10_1_1
t_25890	10_1_1
t_25891	10_1_1
t_25892	10_1_1
t_25893	10_1_1
t_25894	10_1_1
t_25895	10_1_1
t_25896	10_1_1
t_25897	10_1_1
t_25898	10_1_1
t_25899	10_1_1
t_25900	10_1_1
t_25901	10_1_1
t_25902	10_1_1
t_25903	10_1_1
t_25904	10_1_1
t_25905	10_1_1
t_25906	10_1_1
t_25907	10_1_1
t_25908	10_1_1
t_25909	10_1_1
t_25910	10_1_1
t_25911	10_1_1
t_25912	10_1_1
t_25913	10_1_1
t_25914	10_1_1
t_25915	10_1_1
t_25916	10_1_1
t_25917	10_1_1
t_25918	10_1_1
t_25919	10_1_1
t_25920	10_1_1
t_25921	10_1_1
t_25922	10_1_1
t_25923	10_1_1
t_25924	10_1_1
t_25925	10_1_1
t_25926	10_1_1
t_25927	10_1_1
t_25928	10_1_1
t_25929	10_1_1
t_25930	10_1_1
t_25931	10_1_1
t_25932	10_1_1
t_25933	10_1_1
t_25934	10_1_1
t_25935	10_1_1
t_25936	10_1_1
t_25937	10_1_1
t_25938	10_1_1
t_25939	10_1_1
t_25940	10_1_1
t_25941	10_1_1
t_25942	10_1_1
t_25943	10_1_1
t_25944	10_1_1
t_25945	10_1_1
t_25946	10_1_1
t_25947	10_1_1
t_25948	10_1_1
t_25949	10_1_1
t_25950	10_1_1
t_25951	10_1_1
t_25952	10_1_1
t_25953	10_1_1
t_25954	10_1_1
t_25955	10_1_1
t_25956	10_1_1
t_25957	10_1_1
t_25958	10_1_1
t_25959	10_1_1
t_25960	10_1_1
t_25961	10_1_1
t_25962	10_1_1
t_25963	10_1_1
t_25964	10_1_1
t_25965	10_1_1
t_25966	10_1_1
t_25967	10_1_1
t_25968	10_1_1
t_25969	10_1_1
t_25970	10_1_1
t_25971	10_1_1
t_25972	10_1_1
t_25973	10_1_1
t_25974	10_1_1
t_25975	10_1_1
t_25976	10_1_1
t_25977	10_1_1
t_25978	10_1_1
t_25979	10_1_1
t_25980	10_1_1
t_25981	10_1_1
t_25982	10_1_1
t_25983	10_1_1
t_25984	10_1_1
t_25985	10_1_1
t_25986	10_1_1
t_25987	10_1_1
t_25988	10_1_1
t_25989	10_1_1
t_25990	10_2_1
t_25991	10_2_1
t_25992	10_2_1
t_25993	10_2_1
t_25994	10_2_1
t_25995	10_2_1
t_25996	10_2_1
t_25997	10_2_1
t_25998	10_2_1
t_25999	10_2_1
t_26000	10_2_1
t_26001	10_2_1
t_26002	10_2_1
t_26003	10_2_1
t_26004	10_2_1
t_26005	10_2_1
t_26006	10_2_1
t_26007	10_2_1
t_26008	10_2_1
t_26009	10_2_1
t_26010	10_2_1
t_26011	10_2_1
t_26012	10_2_1
t_26013	10_2_1
t_26014	10_2_1
t_26015	10_2_1
t_26016	10_2_1
t_26017	10_2_1
t_26018	10_2_1
t_26019	10_2_1
t_26020	10_2_1
t_26021	10_2_1
t_26022	10_2_1
t_26023	10_2_1
t_26024	10_2_1
t_26025	10_2_1
t_26026	10_2_1
t_26027	10_2_1
t_26028	10_2_1
t_26029	10_2_1
t_26030	10_2_1
t_26031	10_2_1
t_26032	10_2_1
t_26033	10_2_1
t_26034	10_2_1
t_26035	10_2_1
t_26036	10_2_1
t_26037	10_2_1
t_26038	10_2_1
t_26039	10_2_1
t_26040	10_2_1
t_26041	10_2_1
t_26042	10_2_1
t_26043	10_2_1
t_26044	10_2_1
t_26045	10_2_1
t_26046	10_2_1
t_26047	10_2_1
t_26048	10_2_1
t_26049	10_2_1
t_26050	10_2_1
t_26051	10_2_1
t_26052	10_2_1
t_26053	10_2_1
t_26054	10_2_1
t_26055	10_2_1
t_26056	10_2_1
t_26057	10_2_1
t_26058	10_2_1
t_26059	10_2_1
t_26060	10_2_1
t_26061	10_3_1
t_26062	10_3_1
t_26063	10_3_1
t_26064	10_3_1
t_26065	10_3_1
t_26066	10_3_1
t_26067	10_3_1
t_26068	10_3_1
t_26069	10_3_1
t_26070	10_3_1
t_26071	10_3_1
t_26072	10_3_1
t_26073	10_3_1
t_26074	10_3_1
t_26075	10_3_1
t_26076	10_3_1
t_26077	10_3_1
t_26078	10_3_1
t_26079	10_3_1
t_26080	10_3_1
t_26081	10_3_1
t_26082	10_3_1
t_26083	10_3_1
t_26084	10_3_1
t_26085	10_3_1
t_26086	10_3_1
t_26087	10_3_1
t_26088	10_3_1
t_26089	10_3_1
t_26090	10_3_1
t_26091	10_3_1
t_26092	10_3_1
t_26093	10_3_1
t_26094	10_3_1
t_26095	10_3_1
t_26096	10_3_1
t_26097	10_3_1
t_26098	10_3_1
t_26099	10_3_1
t_26100	10_3_1
t_26101	10_3_1
t_26102	10_3_1
t_26103	10_3_1
t_26104	10_3_1
t_26105	10_3_1
t_26106	10_3_1
t_26107	10_3_1
t_26108	10_3_1
t_26109	10_3_1
t_26110	10_3_1
t_26111	10_3_1
t_26112	10_3_1
t_26113	10_3_1
t_26114	10_3_1
t_26115	10_3_1
t_26116	10_3_1
t_26117	10_3_1
t_26118	10_3_1
t_26119	10_3_1
t_26120	10_3_1
t_26121	10_3_1
t_26122	10_3_1
t_26123	10_3_1
t_26124	10_3_1
t_26125	10_3_1
t_26126	10_3_1
t_26127	10_3_1
t_26128	10_3_1
t_26129	10_3_1
t_26130	10_3_1
t_26131	10_3_1
t_26132	10_3_1
t_26133	10_3_1
t_26134	10_3_1
t_26135	10_3_1
t_26136	10_3_1
t_26137	10_3_1
t_26138	10_3_1
t_26139	10_3_1
t_26140	10_4_1
t_26141	10_4_1
t_26142	10_4_1
t_26143	10_4_1
t_26144	10_4_1
t_26145	10_4_1
t_26146	10_4_1
t_26147	10_4_1
t_26148	10_4_1
t_26149	10_4_1
t_26150	10_4_1
t_26151	10_4_1
t_26152	10_4_1
t_26153	10_4_1
t_26154	10_4_1
t_26155	10_4_1
t_26156	10_4_1
t_26157	10_4_1
t_26158	10_4_1
t_26159	10_4_1
t_26160	10_4_1
t_26161	10_4_1
t_26162	10_5_1
t_26163	10_5_1
t_26164	10_5_1
t_26165	10_5_1
t_26166	10_5_1
t_26167	10_5_1
t_26168	10_5_1
t_26169	10_5_1
t_26170	10_5_1
t_26171	10_5_1
t_26172	10_5_1
t_26173	10_5_1
t_26174	10_5_1
t_26175	10_5_1
t_26176	10_5_1
t_26177	10_5_1
t_26178	10_5_1
t_26179	10_5_1
t_26180	10_5_1
t_26181	10_5_1
t_26182	10_5_1
t_26183	10_5_1
t_26184	10_5_1
t_26185	10_5_1
t_26186	10_5_1
t_26187	10_5_1
t_26188	10_5_1
t_26189	10_5_1
t_26190	10_6_1
t_26191	10_6_1
t_26192	10_6_1
t_26193	10_6_1
t_26194	10_6_1
t_26195	10_6_1
t_26196	10_6_1
t_26197	10_6_1
t_26198	10_6_1
t_26199	10_6_1
t_26200	10_6_1
t_26201	10_6_1
t_26202	10_6_1
t_26203	10_6_1
t_26204	10_6_1
t_26205	10_6_1
t_26206	10_6_1
t_26207	10_6_1
t_26208	10_6_1
t_26209	10_6_1
t_26210	10_6_1
t_26211	10_6_1
t_26212	10_6_1
t_26213	10_6_1
t_26214	10_6_1
t_26215	10_6_1
t_26216	10_6_1
t_26217	10_6_1
t_26218	10_6_1
t_26219	10_6_1
t_26220	10_6_1
t_26221	10_6_1
t_26222	10_6_1
t_26223	10_6_1
t_26224	10_6_1
t_26225	10_6_1
t_26226	10_6_1
t_26227	10_6_1
t_26228	10_6_1
t_26229	10_6_1
t_26230	10_6_1
t_26231	10_6_1
t_26232	10_6_1
t_26233	10_6_1
t_26234	10_6_1
t_26235	10_6_1
t_26236	10_6_1
t_26237	10_6_1
t_26238	10_6_1
t_26239	10_6_1
t_26240	10_6_1
t_26241	10_6_1
t_26242	10_6_1
t_26243	10_6_1
t_26244	10_6_1
t_26245	10_6_1
t_26246	10_6_1
t_26247	10_6_1
t_26248	10_6_1
t_26249	10_6_1
t_26250	10_6_1
t_26251	10_6_1
t_26252	10_6_1
t_26253	10_6_1
t_26254	10_6_1
t_26255	10_6_1
t_26256	10_6_1
t_26257	10_6_1
t_26258	10_6_1
t_26259	10_6_1
t_26260	10_6_1
t_26261	10_6_1
t_26262	10_6_1
t_26263	10_6_1
t_26264	10_6_1
t_26265	10_6_1
t_26266	10_6_1
t_26267	10_6_1
t_26268	10_6_1
t_26269	10_6_1
t_26270	10_6_1
t_26271	10_6_1
t_26272	10_6_1
t_26273	10_6_1
t_26274	10_6_1
t_26275	10_6_1
t_26276	10_6_1
t_26277	10_6_1
t_26278	10_6_1
t_26279	10_6_1
t_26280	10_6_1
t_26281	10_6_2
t_26282	10_6_2
t_26283	10_6_2
t_26284	10_6_2
t_26285	10_6_2
t_26286	10_6_2
t_26287	10_6_2
t_26288	10_6_2
t_26289	10_6_2
t_26290	10_6_2
t_26291	10_6_2
t_26292	10_6_2
t_26293	10_6_2
t_26294	10_6_2
t_26295	10_6_2
t_26296	10_6_2
t_26297	10_6_2
t_26298	10_6_2
t_26299	10_6_2
t_26300	10_6_2
t_26301	10_6_2
t_26302	10_6_2
t_26303	10_6_2
t_26304	10_6_2
t_26305	10_6_2
t_26306	10_6_2
t_26307	10_6_2
t_26308	10_6_2
t_26309	10_6_2
t_26310	10_6_2
t_26311	10_6_2
t_26312	10_6_2
t_26313	10_6_2
t_26314	10_6_2
t_26315	10_6_2
t_26316	10_6_2
t_26317	10_6_2
t_26318	10_6_2
t_26319	10_6_2
t_26320	10_6_2
t_26321	10_6_2
t_26322	10_6_2
t_26323	10_6_2
t_26324	10_6_2
t_26325	10_6_2
t_26326	10_6_2
t_26327	10_6_2
t_26328	10_6_2
t_26329	10_6_2
t_26330	10_6_2
t_26331	10_6_2
t_26332	10_6_2
t_26333	10_6_2
t_26334	10_6_2
t_26335	10_6_2
t_26336	10_6_2
t_26337	10_6_2
t_26338	10_6_2
t_26339	10_6_2
t_26340	10_6_2
t_26341	10_6_2
t_26342	10_6_2
t_26343	10_6_2
t_26344	10_6_2
t_26345	10_6_2
t_26346	10_6_2
t_26347	10_6_2
t_26348	10_6_2
t_26349	10_6_2
t_26350	10_6_2
t_26351	10_6_2
t_26352	10_6_2
t_26353	10_6_2
t_26354	10_6_2
t_26355	10_6_2
t_26356	10_6_2
t_26357	10_6_2
t_26358	10_6_2
t_26359	10_6_2
t_26360	10_6_2
t_26361	10_6_2
t_26362	10_6_2
t_26363	10_6_2
t_26364	10_7_1
t_26365	10_7_1
t_26366	10_7_1
t_26367	10_7_1
t_26368	10_7_1
t_26369	10_7_1
t_26370	10_7_1
t_26371	10_7_1
t_26372	10_7_1
t_26373	10_7_1
t_26374	10_7_1
t_26375	10_7_1
t_26376	10_7_1
t_26377	10_7_1
t_26378	10_7_1
t_26379	10_7_1
t_26380	10_7_1
t_26381	10_7_1
t_26382	10_7_1
t_26383	10_7_1
t_26384	10_7_1
t_26385	10_7_1
t_26386	10_7_1
t_26387	10_7_1
t_26388	10_7_1
t_26389	10_7_1
t_26390	10_7_1
t_26391	10_7_1
t_26392	10_7_1
t_26393	10_7_1
t_26394	10_7_1
t_26395	10_7_1
t_26396	10_7_1
t_26397	10_7_1
t_26398	10_7_1
t_26399	10_7_1
t_26400	10_7_1
t_26401	10_7_1
t_26402	10_7_1
t_26403	10_7_1
t_26404	10_7_1
t_26405	10_7_1
t_26406	10_7_1
t_26407	10_7_1
t_26408	10_7_1
t_26409	10_7_1
t_26410	10_7_1
t_26411	10_7_1
t_26412	10_7_1
t_26413	10_7_1
t_26414	10_7_1
t_26415	10_7_1
t_26416	10_7_1
t_26417	10_7_1
t_26418	10_7_1
t_26419	10_7_1
t_26420	10_7_1
t_26421	10_7_1
t_26422	10_7_1
t_26423	10_7_1
t_26424	10_7_1
t_26425	10_7_1
t_26426	10_7_1
t_26427	10_7_1
t_26428	10_7_1
t_26429	10_7_1
t_26430	10_7_1
t_26431	10_7_1
t_26432	10_7_1
t_26433	10_7_1
t_26434	10_7_1
t_26435	10_7_1
t_26436	10_7_1
t_26437	10_7_1
t_26438	10_7_1
t_26439	10_7_1
t_26440	10_7_1
t_26441	10_7_1
t_26442	10_7_1
t_26443	10_7_1
t_26444	10_7_1
t_26445	10_7_1
t_26446	10_7_1
t_26447	10_7_1
t_26448	10_7_1
t_26449	10_7_2
t_26450	10_7_2
t_26451	10_7_2
t_26452	10_7_2
t_26453	10_7_2
t_26454	10_7_2
t_26455	10_7_2
t_26456	10_7_2
t_26457	10_7_2
t_26458	10_7_2
t_26459	10_7_2
t_26460	10_7_2
t_26461	10_7_2
t_26462	10_7_2
t_26463	10_7_2
t_26464	10_7_2
t_26465	10_7_2
t_26466	10_7_2
t_26467	10_7_2
t_26468	10_7_2
t_26469	10_7_2
t_26470	10_7_2
t_26471	10_7_2
t_26472	10_7_2
t_26473	10_7_2
t_26474	10_7_2
t_26475	10_7_2
t_26476	10_7_2
t_26477	10_7_2
t_26478	10_7_2
t_26479	10_7_2
t_26480	10_7_2
t_26481	10_7_2
t_26482	10_7_2
t_26483	10_7_2
t_26484	10_7_2
t_26485	10_7_2
t_26486	10_7_2
t_26487	10_7_2
t_26488	10_7_2
t_26489	10_7_2
t_26490	10_7_2
t_26491	10_7_2
t_26492	10_7_2
t_26493	10_7_2
t_26494	10_7_2
t_26495	10_7_2
t_26496	10_7_2
t_26497	10_7_2
t_26498	10_7_2
t_26499	10_7_2
t_26500	10_7_2
t_26501	10_7_2
t_26502	10_7_2
t_26503	10_7_2
t_26504	10_7_2
t_26505	10_7_2
t_26506	10_7_2
t_26507	10_7_2
t_26508	10_7_2
t_26509	10_7_2
t_26510	10_7_2
t_26511	10_7_2
t_26512	10_7_2
t_26513	10_7_2
t_26514	10_7_2
t_26515	10_7_2
t_26516	10_7_2
t_26517	10_7_2
t_26518	10_7_2
t_26519	10_7_2
t_26520	10_7_2
t_26521	10_7_2
t_26522	10_7_2
t_26523	10_7_2
t_26524	10_7_2
t_26525	10_7_2
t_26526	10_7_2
t_26527	10_7_2
t_26528	10_7_2
t_26529	10_7_2
t_26530	10_7_2
t_26531	10_7_2
t_26532	10_7_2
t_26533	10_7_2
t_26534	10_7_2
t_26535	10_7_2
t_26536	10_7_2
t_26537	10_7_2
t_26538	10_7_2
t_26539	10_7_2
t_26540	10_7_2
t_26541	10_7_2
t_26542	10_7_2
t_26543	10_7_2
t_26544	10_7_2
t_26545	10_7_2
t_26546	10_7_2
t_26547	10_7_2
t_26548	10_7_3
t_26549	10_7_3
t_26550	10_7_3
t_26551	10_7_3
t_26552	10_7_3
t_26553	10_7_3
t_26554	10_7_3
t_26555	10_7_3
t_26556	10_7_3
t_26557	10_7_3
t_26558	10_7_3
t_26559	10_7_3
t_26560	10_7_3
t_26561	10_7_3
t_26562	10_7_3
t_26563	10_7_3
t_26564	10_7_3
t_26565	10_7_3
t_26566	10_7_3
t_26567	10_7_3
t_26568	10_7_3
t_26569	10_7_3
t_26570	10_7_3
t_26571	10_7_3
t_26572	10_7_3
t_26573	10_7_3
t_26574	10_7_3
t_26575	10_7_3
t_26576	10_7_3
t_26577	10_7_3
t_26578	10_7_3
t_26579	10_7_3
t_26580	10_7_3
t_26581	10_7_3
t_26582	10_7_3
t_26583	10_7_3
t_26584	10_7_3
t_26585	10_7_3
t_26586	10_7_3
t_26587	10_7_3
t_26588	10_7_3
t_26589	10_7_3
t_26590	10_7_3
t_26591	10_7_3
t_26592	10_7_3
t_26593	10_7_3
t_26594	10_7_3
t_26595	10_7_3
t_26596	10_7_3
t_26597	10_7_3
t_26598	10_7_3
t_26599	10_7_3
t_26600	10_7_3
t_26601	10_7_3
t_26602	10_7_3
t_26603	10_7_3
t_26604	10_7_3
t_26605	10_7_3
t_26606	10_7_3
t_26607	10_7_3
t_26608	10_7_3
t_26609	10_7_3
t_26610	10_7_3
t_26611	10_7_3
t_26612	10_8_1
t_26613	10_8_1
t_26614	10_8_1
t_26615	10_8_1
t_26616	10_8_1
t_26617	10_8_1
t_26618	10_8_1
t_26619	10_8_1
t_26620	10_8_1
t_26621	10_8_1
t_26622	10_8_1
t_26623	10_8_1
t_26624	10_8_1
t_26625	10_8_1
t_26626	10_8_1
t_26627	10_8_1
t_26628	10_8_1
t_26629	10_8_1
t_26630	10_8_1
t_26631	10_8_1
t_26632	10_8_1
t_26633	10_8_1
t_26634	10_8_1
t_26635	10_8_1
t_26636	10_8_1
t_26637	10_8_1
t_26638	10_8_1
t_26639	10_8_1
t_26640	10_8_1
t_26641	10_8_1
t_26642	10_8_1
t_26643	10_8_1
t_26644	10_8_1
t_26645	10_8_1
t_26646	10_8_1
t_26647	10_8_1
t_26648	10_8_1
t_26649	10_8_1
t_26650	10_8_1
t_26651	10_8_1
t_26652	10_8_1
t_26653	10_8_1
t_26654	10_8_1
t_26655	10_8_1
t_26656	10_8_1
t_26657	10_8_1
t_26658	10_8_1
t_26659	10_8_1
t_26660	10_8_1
t_26661	10_8_1
t_26662	10_8_1
t_26663	10_8_1
t_26664	10_8_1
t_26665	10_8_1
t_26666	10_8_1
t_26667	10_8_1
t_26668	10_8_1
t_26669	10_8_1
t_26670	10_8_1
t_26671	10_8_1
t_26672	10_8_1
t_26673	10_8_1
t_26674	10_8_1
t_26675	10_8_1
t_26676	10_8_1
t_26677	10_8_1
t_26678	10_8_1
t_26679	10_8_1
t_26680	10_8_1
t_26681	10_8_1
t_26682	10_8_1
t_26683	10_8_1
t_26684	10_8_1
t_26685	10_8_1
t_26686	10_8_1
t_26687	10_8_1
t_26688	10_8_1
t_26689	10_8_1
t_26690	10_8_1
t_26691	10_8_1
t_26692	10_8_1
t_26693	10_8_1
t_26694	10_8_1
t_26695	10_8_1
t_26696	10_8_1
t_26697	10_8_1
t_26698	10_8_1
t_26699	10_8_1
t_26700	10_8_1
t_26701	10_8_2
t_26702	10_8_2
t_26703	10_8_2
t_26704	10_8_2
t_26705	10_8_2
t_26706	10_8_2
t_26707	10_8_2
t_26708	10_8_2
t_26709	10_8_2
t_26710	10_8_2
t_26711	10_8_2
t_26712	10_8_2
t_26713	10_8_2
t_26714	10_8_2
t_26715	10_8_2
t_26716	10_8_2
t_26717	10_8_2
t_26718	10_8_2
t_26719	10_8_2
t_26720	10_8_2
t_26721	10_8_2
t_26722	10_8_2
t_26723	10_8_2
t_26724	10_8_2
t_26725	10_8_2
t_26726	10_8_2
t_26727	10_8_2
t_26728	10_8_2
t_26729	10_8_2
t_26730	10_8_2
t_26731	10_8_2
t_26732	10_8_2
t_26733	10_8_2
t_26734	10_8_2
t_26735	10_8_2
t_26736	10_8_2
t_26737	10_8_2
t_26738	10_8_2
t_26739	10_8_2
t_26740	10_8_2
t_26741	10_8_2
t_26742	10_8_2
t_26743	10_8_2
t_26744	10_8_2
t_26745	10_8_2
t_26746	10_8_2
t_26747	10_8_2
t_26748	10_8_2
t_26749	10_8_2
t_26750	10_8_2
t_26751	10_8_2
t_26752	10_8_2
t_26753	10_8_2
t_26754	10_8_2
t_26755	10_8_2
t_26756	10_8_2
t_26757	10_8_2
t_26758	10_8_2
t_26759	10_8_2
t_26760	10_8_2
t_26761	10_8_2
t_26762	10_8_2
t_26763	10_8_2
t_26764	10_8_2
t_26765	10_8_2
t_26766	10_8_2
t_26767	10_8_2
t_26768	10_8_2
t_26769	10_8_2
t_26770	10_8_2
t_26771	10_8_2
t_26772	10_8_2
t_26773	10_8_2
t_26774	10_8_2
t_26775	10_8_3
t_26776	10_8_3
t_26777	10_8_3
t_26778	10_8_3
t_26779	10_8_3
t_26780	10_8_3
t_26781	10_8_3
t_26782	10_8_3
t_26783	10_8_3
t_26784	10_8_3
t_26785	10_8_3
t_26786	10_8_3
t_26787	10_8_3
t_26788	10_8_3
t_26789	10_8_3
t_26790	10_8_3
t_26791	10_8_3
t_26792	10_8_3
t_26793	10_8_3
t_26794	10_8_3
t_26795	10_8_3
t_26796	10_8_3
t_26797	10_8_3
t_26798	10_8_3
t_26799	10_8_3
t_26800	10_8_3
t_26801	10_8_3
t_26802	10_8_3
t_26803	10_8_3
t_26804	10_8_3
t_26805	10_8_3
t_26806	10_8_3
t_26807	10_8_3
t_26808	10_8_3
t_26809	10_8_3
t_26810	10_8_3
t_26811	10_8_3
t_26812	10_8_3
t_26813	10_8_3
t_26814	10_8_3
t_26815	10_8_3
t_26816	10_8_3
t_26817	10_8_3
t_26818	10_8_3
t_26819	10_8_3
t_26820	10_8_3
t_26821	10_8_3
t_26822	10_8_3
t_26823	10_8_3
t_26824	10_8_3
t_26825	10_8_3
t_26826	10_8_3
t_26827	10_8_3
t_26828	10_8_3
t_26829	10_8_3
t_26830	10_8_3
t_26831	10_8_3
t_26832	10_8_3
t_26833	10_8_3
t_26834	10_8_3
t_26835	10_8_3
t_26836	10_8_3
t_26837	10_8_3
t_26838	10_8_3
t_26839	10_8_3
t_26840	10_8_3
t_26841	10_8_3
t_26842	10_8_3
t_26843	10_8_3
t_26844	10_8_3
t_26845	10_8_3
t_26846	10_8_3
t_26847	10_8_4
t_26848	10_8_4
t_26849	10_8_4
t_26850	10_8_4
t_26851	10_8_4
t_26852	10_8_4
t_26853	10_8_4
t_26854	10_8_4
t_26855	10_8_4
t_26856	10_8_4
t_26857	10_8_4
t_26858	10_8_4
t_26859	10_8_4
t_26860	10_8_4
t_26861	10_8_4
t_26862	10_8_4
t_26863	10_8_4
t_26864	10_8_4
t_26865	10_8_4
t_26866	10_8_4
t_26867	10_8_4
t_26868	10_8_4
t_26869	10_8_4
t_26870	10_8_4
t_26871	10_8_4
t_26872	10_8_4
t_26873	10_8_4
t_26874	10_8_4
t_26875	10_8_4
t_26876	10_8_4
t_26877	10_8_4
t_26878	10_8_4
t_26879	10_8_4
t_26880	10_8_4
t_26881	10_8_4
t_26882	10_8_4
t_26883	10_8_4
t_26884	10_8_4
t_26885	10_8_4
t_26886	10_8_4
t_26887	10_8_4
t_26888	10_8_4
t_26889	10_8_4
t_26890	10_8_4
t_26891	10_8_4
t_26892	10_8_4
t_26893	10_8_4
t_26894	10_8_4
t_26895	10_8_4
t_26896	10_8_4
t_26897	10_8_4
t_26898	10_8_4
t_26899	10_9_1
t_26900	10_9_1
t_26901	10_9_1
t_26902	10_9_1
t_26903	10_9_1
t_26904	10_9_1
t_26905	10_9_1
t_26906	10_9_1
t_26907	10_9_1
t_26908	10_9_1
t_26909	10_9_1
t_26910	10_9_1
t_26911	10_9_1
t_26912	10_9_1
t_26913	10_9_1
t_26914	10_9_1
t_26915	10_9_1
t_26916	10_9_1
t_26917	10_9_1
t_26918	10_9_1
t_26919	10_9_1
t_26920	10_9_1
t_26921	10_9_1
t_26922	10_9_1
t_26923	10_9_1
t_26924	10_9_1
t_26925	10_9_1
t_26926	10_9_1
t_26927	10_9_1
t_26928	10_9_1
t_26929	10_9_1
t_26930	10_9_1
t_26931	10_9_1
t_26932	10_9_1
t_26933	10_9_1
t_26934	10_9_1
t_26935	10_9_1
t_26936	10_9_1
t_26937	10_9_1
t_26938	10_9_1
t_26939	10_9_1
t_26940	10_9_1
t_26941	10_9_1
t_26942	10_9_1
t_26943	10_9_1
t_26944	10_9_1
t_26945	10_9_1
t_26946	10_9_1
t_26947	10_9_1
t_26948	10_9_1
t_26949	10_9_1
t_26950	10_9_1
t_26951	10_9_1
t_26952	10_9_1
t_26953	10_9_1
t_26954	10_9_1
t_26955	10_9_1
t_26956	10_9_1
t_26957	10_9_1
t_26958	10_9_1
t_26959	10_9_1
t_26960	10_9_1
t_26961	10_9_1
t_26962	10_9_1
t_26963	10_9_1
t_26964	10_9_1
t_26965	10_9_1
t_26966	10_9_1
t_26967	10_9_1
t_26968	10_9_1
t_26969	10_9_1
t_26970	10_9_1
t_26971	10_9_1
t_26972	10_9_1
t_26973	10_9_1
t_26974	10_9_1
t_26975	10_9_1
t_26976	10_9_1
t_26977	10_9_1
t_26978	10_9_1
t_26979	10_9_1
t_26980	10_9_1
t_26981	10_9_1
t_26982	10_9_1
t_26983	10_9_1
t_26984	10_9_1
t_26985	10_9_1
t_26986	10_9_1
t_26987	10_9_1
t_26988	10_9_1
t_26989	10_9_1
t_26990	10_9_1
t_26991	10_9_1
t_26992	10_9_1
t_26993	10_9_1
t_26994	10_9_1
t_26995	10_9_1
t_26996	10_9_1
t_26997	10_9_1
t_26998	10_9_1
t_26999	10_9_1
t_27000	10_9_1
t_27001	10_9_1
t_27002	10_9_1
t_27003	10_9_1
t_27004	10_9_1
t_27005	10_9_1
t_27006	10_10_1
t_27007	10_10_1
t_27008	10_10_1
t_27009	10_10_1
t_27010	10_10_1
t_27011	10_10_1
t_27012	10_10_1
t_27013	10_10_1
t_27014	10_10_1
t_27015	10_10_1
t_27016	10_10_1
t_27017	10_10_1
t_27018	10_10_1
t_27019	10_10_1
t_27020	10_10_1
t_27021	10_10_1
t_27022	10_10_1
t_27023	10_10_1
t_27024	10_10_1
t_27025	10_10_1
t_27026	10_10_1
t_27027	10_10_1
t_27028	10_10_1
t_27029	10_10_1
t_27030	10_10_1
t_27031	10_10_1
t_27032	10_10_1
t_27033	10_10_1
t_27034	10_10_1
t_27035	10_10_1
t_27036	10_10_1
t_27037	10_10_1
t_27038	10_10_1
t_27039	10_10_1
t_27040	10_10_1
t_27041	10_10_1
t_27042	10_11_1
t_27043	10_11_1
t_27044	10_11_1
t_27045	10_11_1
t_27046	10_11_1
t_27047	10_11_1
t_27048	10_11_1
t_27049	10_11_1
t_27050	10_11_1
t_27051	10_11_1
t_27052	10_11_1
t_27053	10_11_1
t_27054	10_11_1
t_27055	10_11_1
t_27056	10_11_1
t_27057	10_11_1
t_27058	10_11_1
t_27059	10_11_1
t_27060	10_11_1
t_27061	10_11_1
t_27062	10_11_1
t_27063	10_11_1
t_27064	10_11_1
t_27065	10_11_1
t_27066	10_11_1
t_27067	10_11_1
t_27068	10_11_1
t_27069	10_11_1
t_27070	10_11_1
t_27071	10_11_1
t_27072	10_11_1
t_27073	10_11_1
t_27074	10_11_1
t_27075	10_11_1
t_27076	10_11_1
t_27077	10_11_1
t_27078	10_11_1
t_27079	10_11_1
t_27080	10_11_1
t_27081	10_11_1
t_27082	10_11_1
t_27083	10_11_1
t_27084	10_11_1
t_27085	10_11_1
t_27086	10_11_1
t_27087	10_11_1
t_27088	10_11_1
t_27089	10_11_1
t_27090	10_11_1
t_27091	10_11_1
t_27092	10_11_1
t_27093	10_11_1
t_27094	10_11_1
t_27095	10_11_1
t_27096	10_11_1
t_27097	10_11_1
t_27098	10_11_1
t_27099	10_11_1
t_27100	10_11_1
t_27101	10_11_1
t_27102	10_11_1
t_27103	10_11_1
t_27104	10_11_1
t_27105	10_11_1
t_27106	10_11_1
t_27107	10_11_1
t_27108	10_11_1
t_27109	10_11_1
t_27110	10_11_1
t_27111	10_11_1
t_27112	10_11_1
t_27113	10_11_1
t_27114	10_11_1
t_27115	10_11_1
t_27116	10_11_1
t_27117	10_11_1
t_27118	10_11_1
t_27119	10_11_1
t_27120	10_11_1
t_27121	10_11_1
t_27122	10_11_1
t_27123	10_11_1
t_27124	10_11_1
t_27125	10_11_1
t_27126	10_11_1
t_27127	10_11_1
t_27128	10_11_1
t_27129	10_11_1
t_27130	10_11_1
t_27131	10_11_1
t_27132	10_11_1
t_27133	10_11_1
t_27134	10_11_1
t_27135	10_11_1
t_27136	10_11_1
t_27137	10_11_1
t_27138	10_11_1
t_27139	10_11_1
t_27140	10_11_1
t_27141	10_11_1
t_27142	10_11_1
t_27143	10_11_1
t_27144	10_11_1
t_27145	10_11_1
t_27146	10_11_1
t_27147	10_11_1
t_27148	10_11_1
t_27149	10_11_1
t_27150	10_11_1
t_27151	10_11_1
t_27152	10_11_1
t_27153	10_11_1
t_27154	10_11_1
t_27155	10_11_1
t_27156	10_11_1
t_27157	10_11_1
t_27158	10_11_1
t_27159	10_11_1
t_27160	10_11_1
t_27161	10_11_1
t_27162	10_11_1
t_27163	10_12_1
t_27164	10_12_1
t_27165	10_12_1
t_27166	10_12_1
t_27167	10_12_1
t_27168	10_12_1
t_27169	10_12_1
t_27170	10_12_1
t_27171	10_12_1
t_27172	10_12_1
t_27173	10_12_1
t_27174	10_12_1
t_27175	10_12_1
t_27176	10_12_1
t_27177	10_12_1
t_27178	10_12_1
t_27179	10_12_1
t_27180	10_12_1
t_27181	10_12_1
t_27182	10_12_1
t_27183	10_12_1
t_27184	10_12_1
t_27185	10_12_1
t_27186	10_12_1
t_27187	10_12_1
t_27188	10_12_1
t_27189	10_12_1
t_27190	10_12_1
t_27191	10_12_1
t_27192	10_12_1
t_27193	10_12_1
t_27194	10_12_1
t_27195	10_12_1
t_27196	10_12_1
t_27197	10_12_1
t_27198	10_12_1
t_27199	10_12_1
t_27200	10_12_1
t_27201	10_12_1
t_27202	10_12_1
t_27203	10_12_1
t_27204	10_12_1
t_27205	10_12_1
t_27206	10_12_1
t_27207	10_12_1
t_27208	10_12_1
t_27209	10_12_1
t_27210	10_12_1
t_27211	10_12_1
t_27212	10_12_1
t_27213	10_12_1
t_27214	10_12_1
t_27215	10_12_1
t_27216	10_12_1
t_27217	10_12_1
t_27218	10_12_1
t_27219	10_12_1
t_27220	10_12_1
t_27221	10_12_1
t_27222	10_12_1
t_27223	10_12_1
t_27224	10_12_1
t_27225	10_12_1
t_27226	10_12_1
t_27227	10_12_1
t_27228	10_12_1
t_27229	10_12_1
t_27230	10_12_1
t_27231	10_12_1
t_27232	10_12_1
t_27233	10_12_1
t_27234	10_12_1
t_27235	10_12_1
t_27236	10_12_1
t_27237	10_12_1
t_27238	10_12_1
t_27239	10_12_1
t_27240	10_12_1
t_27241	10_12_1
t_27242	10_12_1
t_27243	10_12_1
t_27244	10_12_1
t_27245	10_12_1
t_27246	10_12_1
t_27247	10_13_1
t_27248	10_13_1
t_27249	10_13_1
t_27250	10_13_1
t_27251	10_13_1
t_27252	10_13_1
t_27253	10_13_1
t_27254	10_13_1
t_27255	10_13_1
t_27256	10_13_1
t_27257	10_13_1
t_27258	10_13_1
t_27259	10_13_1
t_27260	10_13_1
t_27261	10_13_1
t_27262	10_13_1
t_27263	10_13_1
t_27264	10_13_1
t_27265	10_13_1
t_27266	10_13_1
t_27267	10_13_1
t_27268	10_13_1
t_27269	10_13_1
t_27270	10_13_1
t_27271	10_13_1
t_27272	10_13_1
t_27273	10_13_1
t_27274	10_13_1
t_27275	10_13_1
t_27276	10_13_1
t_27277	10_13_1
t_27278	10_13_1
t_27279	10_13_1
t_27280	10_13_1
t_27281	10_13_1
t_27282	10_13_1
t_27283	10_13_1
t_27284	10_13_1
t_27285	10_13_1
t_27286	10_13_1
t_27287	10_13_1
t_27288	10_13_1
t_27289	10_13_1
t_27290	10_13_1
t_27291	10_13_1
t_27292	10_13_1
t_27293	10_13_1
t_27294	10_13_1
t_27295	10_13_1
t_27296	10_13_1
t_27297	10_13_1
t_27298	10_13_1
t_27299	10_13_1
t_27300	10_13_1
t_27301	10_13_1
t_27302	10_13_1
t_27303	10_13_1
t_27304	10_13_1
t_27305	10_13_1
t_27306	10_13_1
t_27307	10_13_1
t_27308	10_13_1
t_27309	10_13_1
t_27310	10_13_1
t_27311	10_13_1
t_27312	10_13_1
t_27313	10_13_1
t_27314	10_13_1
t_27315	10_13_1
t_27316	10_13_1
t_27317	10_13_1
t_27318	10_13_1
t_27319	10_13_1
t_27320	10_13_1
t_27321	10_13_1
t_27322	10_13_1
t_27323	10_13_1
t_27324	10_13_1
t_27325	10_13_1
t_27326	10_13_1
t_27327	10_13_1
t_27328	10_13_1
t_27329	10_13_1
t_27330	10_13_1
t_27331	10_13_1
t_27332	10_13_1
t_27333	10_13_1
t_27334	10_13_1
t_27335	10_13_1
t_27336	10_13_1
t_27337	10_13_1
t_27338	10_13_1
t_27339	10_13_1
t_27340	10_13_1
t_27341	10_13_1
t_27342	10_13_1
t_27343	10_13_1
t_27344	10_14_1
t_27345	10_14_1
t_27346	10_14_1
t_27347	10_14_1
t_27348	10_14_1
t_27349	10_14_1
t_27350	10_14_1
t_27351	10_14_1
t_27352	10_14_1
t_27353	10_14_1
t_27354	10_14_1
t_27355	10_14_1
t_27356	10_14_1
t_27357	10_14_1
t_27358	10_14_1
t_27359	10_14_1
t_27360	10_14_1
t_27361	10_14_1
t_27362	10_14_1
t_27363	10_14_1
t_27364	10_14_1
t_27365	10_14_1
t_27366	10_14_1
t_27367	10_14_1
t_27368	10_14_1
t_27369	10_14_1
t_27370	10_14_1
t_27371	10_14_1
t_27372	10_14_1
t_27373	10_14_1
t_27374	10_14_1
t_27375	10_14_1
t_27376	10_14_1
t_27377	10_15_1
t_27378	10_15_1
t_27379	10_15_1
t_27380	10_15_1
t_27381	10_15_1
t_27382	10_15_1
t_27383	10_15_1
t_27384	10_15_1
t_27385	10_15_1
t_27386	10_15_1
t_27387	10_15_1
t_27388	10_15_1
t_27389	10_15_1
t_27390	10_15_1
t_27391	10_15_1
t_27392	10_15_1
t_27393	10_15_1
t_27394	10_15_1
t_27395	10_15_1
t_27396	10_15_1
t_27397	10_15_1
t_27398	10_15_1
t_27399	10_15_1
t_27400	10_15_1
t_27401	10_15_1
t_27402	10_15_1
t_27403	10_15_1
t_27404	10_15_1
t_27405	10_15_1
t_27406	10_15_1
t_27407	10_15_1
t_27408	10_15_1
t_27409	10_15_1
t_27410	10_15_1
t_27411	10_15_1
t_27412	10_15_1
t_27413	10_15_1
t_27414	10_15_1
t_27415	10_15_1
t_27416	10_15_1
t_27417	10_15_1
t_27418	10_15_1
t_27419	10_15_1
t_27420	10_15_1
t_27421	10_15_1
t_27422	10_15_1
t_27423	10_15_1
t_27424	10_15_1
t_27425	10_15_1
t_27426	10_15_1
t_27427	10_16_1
t_27428	10_16_1
t_27429	10_16_1
t_27430	10_16_1
t_27431	10_16_1
t_27432	10_16_1
t_27433	10_16_1
t_27434	10_16_1
t_27435	10_16_1
t_27436	10_16_1
t_27437	10_16_1
t_27438	10_16_1
t_27439	10_16_1
t_27440	10_16_1
t_27441	10_16_1
t_27442	10_16_1
t_27443	10_16_1
t_27444	10_17_1
t_27445	10_17_1
t_27446	10_17_1
t_27447	10_17_1
t_27448	10_17_1
t_27449	10_17_1
t_27450	10_17_1
t_27451	10_17_1
t_27452	10_17_1
t_27453	10_17_1
t_27454	10_17_1
t_27455	10_17_1
t_27456	10_17_1
t_27457	10_17_1
t_27458	10_17_1
t_27459	10_17_1
t_27460	10_17_1
t_27461	10_17_1
t_27462	10_17_1
t_27463	10_17_1
t_27464	10_17_1
t_27465	10_17_1
t_27466	10_17_1
t_27467	10_17_1
t_27468	10_17_1
t_27469	10_17_1
t_27470	10_17_1
t_27471	10_17_1
t_27472	10_17_1
t_27473	10_17_1
t_27474	10_17_1
t_27475	10_18_1
t_27476	10_18_1
t_27477	10_18_1
t_27478	10_18_1
t_27479	10_18_1
t_27480	10_18_1
t_27481	10_18_1
t_27482	10_18_1
t_27483	10_18_1
t_27484	10_18_1
t_27485	10_18_1
t_27486	10_18_1
t_27487	10_18_1
t_27488	10_18_1
t_27489	10_18_1
t_27490	10_18_1
t_27491	10_18_1
t_27492	10_18_1
t_27493	10_18_1
t_27494	10_18_1
t_27495	10_18_1
t_27496	10_18_1
t_27497	10_18_1
t_27498	10_18_1
t_27499	10_18_1
t_27500	10_19_1
t_27501	10_19_1
t_27502	10_19_1
t_27503	10_19_1
t_27504	10_19_1
t_27505	10_19_1
t_27506	10_19_1
t_27507	10_19_1
t_27508	10_19_1
t_27509	10_19_1
t_27510	10_19_1
t_27511	10_19_1
t_27512	10_19_1
t_27513	10_19_1
t_27514	10_19_1
t_27515	10_19_1
t_27516	10_19_1
t_27517	10_19_1
t_27518	10_19_1
t_27519	10_19_1
t_27520	10_19_1
t_27521	10_19_1
t_27522	10_19_1
t_27523	10_19_1
t_27524	10_19_1
t_27525	10_19_1
t_27526	10_19_1
t_27527	10_19_1
t_27528	10_19_1
t_27529	10_19_1
t_27530	10_19_1
t_27531	10_19_1
t_27532	10_19_1
t_27533	10_19_1
t_27534	10_19_1
t_27535	10_19_1
t_27536	10_19_1
t_27537	10_19_1
t_27538	10_19_1
t_27539	10_19_1
t_27540	10_19_1
t_27541	10_20_1
t_27542	10_20_1
t_27543	10_20_1
t_27544	10_20_1
t_27545	10_20_1
t_27546	10_20_1
t_27547	10_20_1
t_27548	10_20_1
t_27549	10_20_1
t_27550	10_20_1
t_27551	10_20_1
t_27552	10_20_1
t_27553	10_20_1
t_27554	10_20_1
t_27555	10_20_1
t_27556	10_20_1
t_27557	10_20_1
t_27558	10_21_1
t_27559	10_21_1
t_27560	10_21_1
t_27561	10_21_1
t_27562	10_21_1
t_27563	10_21_1
t_27564	10_21_1
t_27565	10_21_1
t_27566	10_21_1
t_27567	10_21_1
t_27568	10_21_1
t_27569	10_21_1
t_27570	10_21_1
t_27571	10_21_1
t_27572	10_21_1
t_27573	10_21_1
t_27574	10_21_1
t_27575	10_21_1
t_27576	10_21_1
t_27577	10_21_1
t_27578	10_21_1
t_27579	10_21_1
t_27580	10_21_1
t_27581	10_21_1
t_27582	10_21_1
t_27583	10_21_1
t_27584	10_21_1
t_27585	10_21_1
t_27586	10_21_1
t_27587	10_21_1
t_27588	10_21_1
t_27589	10_21_1
t_27590	10_21_1
t_27591	10_21_1
t_27592	10_21_1
t_27593	10_21_1
t_27594	10_21_1
t_27595	10_21_1
t_27596	10_21_1
t_27597	10_21_1
t_27598	10_21_1
t_27599	10_21_1
t_27600	10_21_1
t_27601	10_22_1
t_27602	10_22_1
t_27603	10_22_1
t_27604	10_22_1
t_27605	10_22_1
t_27606	10_22_1
t_27607	10_22_1
t_27608	10_22_1
t_27609	10_22_1
t_27610	10_22_1
t_27611	10_22_1
t_27612	10_22_1
t_27613	10_22_1
t_27614	10_22_1
t_27615	10_22_1
t_27616	10_22_1
t_27617	10_22_1
t_27618	10_22_1
t_27619	10_22_1
t_27620	10_22_1
t_27621	10_22_1
t_27622	10_22_1
t_27623	10_22_1
t_27624	10_22_1
t_27625	10_22_1
t_27626	10_22_1
t_27627	10_22_1
t_27628	10_23_1
t_27629	10_23_1
t_27630	10_23_1
t_27631	10_23_1
t_27632	10_23_1
t_27633	10_23_1
t_27634	10_23_1
t_27635	10_23_1
t_27636	10_23_1
t_27637	10_23_1
t_27638	10_23_1
t_27639	10_23_1
t_27640	10_23_1
t_27641	10_23_1
t_27642	10_23_1
t_27643	10_23_1
t_27644	10_23_1
t_27645	10_23_1
t_27646	10_23_1
t_27647	10_23_1
t_27648	10_23_1
t_27649	10_23_1
t_27650	10_23_1
t_27651	10_23_1
t_27652	10_23_1
t_27653	10_23_1
t_27654	10_23_1
t_27655	10_23_1
t_27656	10_23_1
t_27657	10_23_1
t_27658	10_23_1
t_27659	10_23_1
t_27660	10_23_1
t_27661	10_23_1
t_27662	10_23_1
t_27663	10_23_1
t_27664	10_23_1
t_27665	10_23_1
t_27666	10_23_1
t_27667	10_23_1
t_27668	10_23_1
t_27669	10_23_1
t_27670	10_23_1
t_27671	10_23_1
t_27672	10_23_1
t_27673	10_23_1
t_27674	10_23_1
t_27675	10_23_1
t_27676	10_23_1
t_27677	10_24_1
t_27678	10_24_1
t_27679	10_24_1
t_27680	10_24_1
t_27681	10_24_1
t_27682	10_24_1
t_27683	10_24_1
t_27684	10_24_1
t_27685	10_24_1
t_27686	10_24_1
t_27687	10_24_1
t_27688	10_24_1
t_27689	10_24_1
t_27690	10_24_1
t_27691	10_24_1
t_27692	10_24_1
t_27693	10_24_1
t_27694	10_24_1
t_27695	10_24_1
t_27696	10_24_1
t_27697	10_24_1
t_27698	10_24_1
t_27699	10_24_1
t_27700	10_24_1
t_27701	10_24_1
t_27702	10_24_1
t_27703	10_24_1
t_27704	10_24_1
t_27705	10_24_1
t_27706	10_24_1
t_27707	10_24_1
t_27708	10_24_1
t_27709	10_24_1
t_27710	10_24_1
t_27711	10_24_1
t_27712	10_24_1
t_27713	10_24_1
t_27714	10_24_1
t_27715	10_24_1
t_27716	10_24_1
t_27717	10_24_1
t_27718	10_24_1
t_27719	10_24_1
t_27720	10_25_1
t_27721	10_25_1
t_27722	10_25_1
t_27723	10_25_1
t_27724	10_25_1
t_27725	10_25_1
t_27726	10_25_1
t_27727	10_25_1
t_27728	10_25_1
t_27729	10_25_1
t_27730	10_25_1
t_27731	10_25_1
t_27732	10_25_1
t_27733	10_25_1
t_27734	10_25_1
t_27735	10_25_1
t_27736	10_25_1
t_27737	10_25_1
t_27738	10_25_1
t_27739	10_25_1
t_27740	10_25_1
t_27741	10_25_1
t_27742	10_25_1
t_27743	10_25_1
t_27744	10_25_1
t_27745	10_25_1
t_27746	10_25_1
t_27747	10_25_1
t_27748	10_25_1
t_27749	10_25_1
t_27750	10_25_1
t_27751	10_25_1
t_27752	10_25_1
t_27753	10_25_1
t_27754	10_25_1
t_27755	10_25_1
t_27756	10_25_1
t_27757	10_25_1
t_27758	10_25_1
t_27759	10_25_1
t_27760	10_25_1
t_27761	10_25_1
t_27762	10_25_1
t_27763	10_25_1
t_27764	10_25_1
t_27765	10_25_1
t_27766	10_25_1
t_27767	10_25_1
t_27768	10_25_1
t_27769	10_25_1
t_27770	10_25_1
t_27771	10_25_1
t_27772	10_25_1
t_27773	10_25_1
t_27774	10_25_1
t_27775	10_25_1
t_27776	10_25_1
t_27777	10_25_1
t_27778	10_26_1
t_27779	10_26_1
t_27780	10_26_1
t_27781	10_26_1
t_27782	10_26_1
t_27783	10_26_1
t_27784	10_26_1
t_27785	10_26_1
t_27786	10_26_1
t_27787	10_26_1
t_27788	10_26_1
t_27789	10_26_1
t_27790	10_26_1
t_27791	10_26_1
t_27792	10_26_1
t_27793	10_26_1
t_27794	10_26_1
t_27795	10_26_1
t_27796	10_26_1
t_27797	10_26_1
t_27798	10_26_1
t_27799	10_26_1
t_27800	10_26_1
t_27801	10_26_1
t_27802	10_26_1
t_27803	10_26_1
t_27804	10_26_1
t_27805	10_26_1
t_27806	10_26_1
t_27807	10_26_1
t_27808	10_26_1
t_27809	10_26_1
t_27810	10_26_1
t_27811	10_26_1
t_27812	10_26_1
t_27813	10_26_1
t_27814	10_26_1
t_27815	10_26_1
t_27816	10_26_1
t_27817	10_26_1
t_27818	10_26_1
t_27819	10_26_1
t_27820	10_26_1
t_27821	10_26_1
t_27822	10_26_1
t_27823	10_26_1
t_27824	10_26_1
t_27825	10_26_1
t_27826	10_26_1
t_27827	10_26_1
t_27828	10_26_1
t_27829	10_26_1
t_27830	10_26_1
t_27831	10_26_1
t_27832	10_26_1
t_27833	10_26_1
t_27834	10_26_1
t_27835	10_26_1
t_27836	10_26_1
t_27837	10_26_1
t_27838	10_26_1
t_27839	10_26_1
t_27840	10_26_1
t_27841	10_26_1
t_27842	10_26_1
t_27843	10_26_1
t_27844	10_26_1
t_27845	10_26_1
t_27846	10_26_1
t_27847	10_26_1
t_27848	10_26_1
t_27849	10_26_1
t_27850	10_26_1
t_27851	10_26_1
t_27852	10_26_1
t_27853	10_26_1
t_27854	10_26_1
t_27855	10_26_1
t_27856	10_26_1
t_27857	10_26_1
t_27858	10_27_1
t_27859	10_27_1
t_27860	10_27_1
t_27861	10_27_1
t_27862	10_27_1
t_27863	10_27_1
t_27864	10_27_1
t_27865	10_27_1
t_27866	10_27_1
t_27867	10_27_1
t_27868	10_27_1
t_27869	10_27_1
t_27870	10_27_1
t_27871	10_27_1
t_27872	10_27_1
t_27873	10_27_1
t_27874	10_27_1
t_27875	10_27_1
t_27876	10_27_1
t_27877	10_27_1
t_27878	10_27_1
t_27879	10_27_1
t_27880	10_27_1
t_27881	10_27_1
t_27882	10_27_1
t_27883	10_27_1
t_27884	10_27_1
t_27885	10_27_1
t_27886	10_27_1
t_27887	10_27_1
t_27888	10_27_1
t_27889	10_27_1
t_27890	10_27_1
t_27891	10_27_1
t_27892	10_27_1
t_27893	10_27_1
t_27894	10_27_1
t_27895	10_27_1
t_27896	10_27_1
t_27897	10_27_1
t_27898	10_27_1
t_27899	10_27_1
t_27900	10_27_1
t_27901	10_27_1
t_27902	10_27_1
t_27903	10_27_1
t_27904	10_27_1
t_27905	10_27_1
t_27906	10_27_1
t_27907	10_27_1
t_27908	10_27_1
t_27909	10_27_1
t_27910	10_27_1
t_27911	10_27_1
t_27912	10_27_1
t_27913	10_27_1
t_27914	10_27_1
t_27915	10_27_1
t_27916	10_27_1
t_27917	10_27_1
t_27918	10_27_1
t_27919	10_27_1
t_27920	10_27_1
t_27921	10_27_1
t_27922	10_27_1
t_27923	10_27_1
t_27924	10_27_1
t_27925	10_28_1
t_27926	10_28_1
t_27927	10_28_1
t_27928	10_28_1
t_27929	10_28_1
t_27930	10_28_1
t_27931	10_28_1
t_27932	10_28_1
t_27933	10_28_1
t_27934	10_28_1
t_27935	10_28_1
t_27936	10_28_1
t_27937	10_28_1
t_27938	10_28_1
t_27939	10_28_1
t_27940	10_28_1
t_27941	10_28_1
t_27942	10_28_1
t_27943	10_28_1
t_27944	10_28_1
t_27945	10_28_1
t_27946	10_28_1
t_27947	10_28_1
t_27948	10_28_1
t_27949	10_28_1
t_27950	10_28_1
t_27951	10_28_1
t_27952	10_28_1
t_27953	10_28_1
t_27954	10_28_1
t_27955	10_28_1
t_27956	10_28_1
t_27957	10_28_1
t_27958	10_28_1
t_27959	10_28_1
t_27960	10_28_1
t_27961	10_28_1
t_27962	10_28_1
t_27963	10_28_1
t_27964	10_28_1
t_27965	10_28_1
t_27966	10_28_1
t_27967	10_28_1
t_27968	10_28_1
t_27969	10_28_1
t_27970	10_28_1
t_27971	10_28_1
t_27972	10_28_1
t_27973	10_28_1
t_27974	10_28_1
t_27975	10_29_1
t_27976	10_29_1
t_27977	10_29_1
t_27978	10_29_1
t_27979	10_29_1
t_27980	10_29_1
t_27981	10_29_1
t_27982	10_29_1
t_27983	10_29_1
t_27984	10_29_1
t_27985	10_29_1
t_27986	10_29_1
t_27987	10_29_1
t_27988	10_29_1
t_27989	10_29_1
t_27990	10_29_1
t_27991	10_29_1
t_27992	10_29_1
t_27993	10_30_1
t_27994	10_30_1
t_27995	10_30_1
t_27996	10_30_1
t_27997	10_30_1
t_27998	10_30_1
t_27999	10_30_1
t_28000	10_30_1
t_28001	10_30_1
t_28002	10_30_1
t_28003	10_30_1
t_28004	10_30_1
t_28005	10_30_1
t_28006	10_30_1
t_28007	10_30_1
t_28008	10_30_1
t_28009	10_30_1
t_28010	10_30_1
t_28011	10_30_1
t_28012	10_30_1
t_28013	10_30_1
t_28014	10_30_1
t_28015	10_30_1
t_28016	10_30_1
t_28017	10_30_1
t_28018	10_30_1
t_28019	10_30_1
t_28020	10_30_1
t_28021	10_30_1
t_28022	10_30_1
t_28023	10_30_1
t_28024	10_30_1
t_28025	10_30_1
t_28026	10_30_1
t_28027	10_30_1
t_28028	10_30_1
t_28029	10_30_1
t_28030	10_30_1
t_28031	10_30_1
t_28032	10_30_1
t_28033	10_30_1
t_28034	10_30_1
t_28035	10_30_1
t_28036	10_30_1
t_28037	10_30_1
t_28038	10_30_1
t_28039	10_30_1
t_28040	10_30_1
t_28041	10_30_1
t_28042	10_30_1
t_28043	10_30_1
t_28044	10_30_1
t_28045	10_30_1
t_28046	10_30_1
t_28047	10_30_1
t_28048	10_31_1
t_28049	10_31_1
t_28050	10_31_1
t_28051	10_31_1
t_28052	10_31_1
t_28053	10_31_1
t_28054	10_31_1
t_28055	10_31_1
t_28056	10_31_1
t_28057	10_31_1
t_28058	10_31_1
t_28059	10_31_1
t_28060	10_31_1
t_28061	10_31_1
t_28062	10_31_1
t_28063	10_31_1
t_28064	10_31_1
t_28065	10_31_1
t_28066	10_31_1
t_28067	10_31_1
t_28068	10_31_1
t_28069	10_31_1
t_28070	10_31_1
t_28071	10_31_1
t_28072	10_31_1
t_28073	10_31_1
t_28074	10_31_1
t_28075	10_31_1
t_28076	10_31_1
t_28077	10_31_1
t_28078	10_31_1
t_28079	10_31_1
t_28080	10_31_1
t_28081	10_31_1
t_28082	10_31_1
t_28083	10_31_1
t_28084	10_31_1
t_28085	10_31_1
t_28086	10_31_1
t_28087	10_31_1
t_28088	10_31_1
t_28089	10_31_1
t_28090	10_31_1
t_28091	10_31_1
t_28092	10_31_1
t_28093	10_31_1
t_28094	10_31_1
t_28095	10_31_1
t_28096	10_31_1
t_28097	10_31_1
t_28098	10_31_1
t_28099	10_31_1
t_28100	10_31_1
t_28101	10_31_1
t_28102	10_31_1
t_28103	10_31_1
t_28104	10_31_1
t_28105	10_31_1
t_28106	10_31_1
t_28107	10_31_1
t_28108	10_31_1
t_28109	10_31_1
t_28110	10_31_1
t_28111	10_31_1
t_28112	10_31_1
t_28113	10_31_1
t_28114	10_31_1
t_28115	10_31_1
t_28116	10_31_1
t_28117	10_31_1
t_28118	10_31_1
t_28119	10_31_1
t_28120	10_31_1
t_28121	10_31_1
t_28122	10_31_1
t_28123	10_31_1
t_28124	10_31_1
t_28125	10_31_1
t_28126	10_31_1
t_28127	10_31_1
t_28128	10_31_1
t_28129	10_31_1
t_28130	10_31_1
t_28131	10_31_1
t_28132	10_31_1
t_28133	10_31_1
t_28134	10_31_1
t_28135	10_31_1
t_28136	10_31_1
t_28137	10_31_1
t_28138	10_31_1
t_28139	10_31_1
t_28140	10_31_1
t_28141	10_31_1
t_28142	10_31_1
t_28143	10_31_1
t_28144	10_31_1
t_28145	10_31_1
t_28146	10_31_1
t_28147	10_31_1
t_28148	10_31_1
t_28149	10_31_1
t_28150	10_31_1
t_28151	10_31_1
t_28152	10_31_1
t_28153	10_31_1
t_28154	10_31_1
t_28155	10_31_1
t_28156	10_31_1
t_28157	10_31_1
t_28158	10_31_1
t_28159	10_31_1
t_28160	10_31_1
t_28161	10_31_1
t_28162	10_31_1
t_28163	10_31_1
t_28164	10_31_1
t_28165	10_31_1
t_28166	10_31_1
t_28167	10_31_1
t_28168	10_31_1
t_28169	10_31_1
t_28170	10_31_1
t_28171	10_31_1
t_28172	10_31_1
t_28173	10_31_1
t_28174	10_31_1
t_28175	10_31_1
t_28176	10_31_1
t_28177	10_31_1
t_28178	10_31_1
t_28179	10_31_1
t_28180	10_31_1
t_28181	10_31_1
t_28182	10_31_1
t_28183	10_31_1
t_28184	10_31_1
t_28185	10_31_1
t_28186	10_31_1
t_28187	10_31_1
t_28188	10_31_1
t_28189	10_31_1
t_28190	10_31_1
t_28191	10_31_1
t_28192	10_31_1
t_28193	10_31_1
t_28194	10_31_1
t_28195	10_31_1
t_28196	10_31_1
t_28197	10_31_1
t_28198	10_31_1
t_28199	10_31_1
t_28200	10_31_1
t_28201	10_31_1
t_28202	10_32_1
t_28203	10_32_1
t_28204	10_32_1
t_28205	10_32_1
t_28206	10_32_1
t_28207	10_32_1
t_28208	10_32_1
t_28209	10_32_1
t_28210	10_32_1
t_28211	10_32_1
t_28212	10_32_1
t_28213	10_32_1
t_28214	10_32_1
t_28215	10_32_1
t_28216	10_32_1
t_28217	10_32_1
t_28218	10_32_1
t_28219	10_32_1
t_28220	10_32_1
t_28221	10_32_1
t_28222	10_32_1
t_28223	10_32_1
t_28224	10_32_1
t_28225	10_32_1
t_28226	10_32_1
t_28227	10_32_1
t_28228	10_32_1
t_28229	10_32_1
t_28230	10_32_1
t_28231	10_32_1
t_28232	10_32_1
t_28233	10_32_1
t_28234	10_32_1
t_28235	10_32_1
t_28236	10_32_1
t_28237	10_32_1
t_28238	10_32_1
t_28239	10_32_1
t_28240	10_32_1
t_28241	10_32_1
t_28242	10_32_1
t_28243	10_32_1
t_28244	10_32_1
t_28245	10_32_1
t_28246	10_32_1
t_28247	10_32_1
t_28248	10_32_1
t_28249	10_32_1
t_28250	10_32_1
t_28251	10_32_1
t_28252	10_32_1
t_28253	10_32_1
t_28254	10_32_1
t_28255	10_32_1
t_28256	10_32_1
t_28257	10_32_1
t_28258	10_32_1
t_28259	10_32_1
t_28260	10_32_1
t_28261	10_32_1
t_28262	10_33_1
t_28263	10_33_1
t_28264	10_33_1
t_28265	10_33_1
t_28266	10_33_1
t_28267	10_33_1
t_28268	10_33_1
t_28269	10_33_1
t_28270	10_33_1
t_28271	10_33_1
t_28272	10_33_1
t_28273	10_33_1
t_28274	10_33_1
t_28275	10_33_1
t_28276	10_33_1
t_28277	10_33_1
t_28278	10_33_1
t_28279	10_33_1
t_28280	10_33_1
t_28281	10_33_1
t_28282	10_33_1
t_28283	10_33_1
t_28284	10_33_1
t_28285	10_33_1
t_28286	10_33_1
t_28287	10_33_1
t_28288	10_33_1
t_28289	10_33_1
t_28290	10_33_1
t_28291	10_33_1
t_28292	10_33_1
t_28293	10_33_1
t_28294	10_33_1
t_28295	10_33_1
t_28296	10_33_1
t_28297	10_33_1
t_28298	10_33_1
t_28299	10_33_1
t_28300	10_33_1
t_28301	10_33_1
t_28302	10_33_1
t_28303	10_33_1
t_28304	10_33_1
t_28305	10_33_1
t_28306	10_33_1
t_28307	10_33_1
t_28308	10_33_1
t_28309	10_33_1
t_28310	10_33_1
t_28311	10_33_1
t_28312	10_33_1
t_28313	10_33_1
t_28314	10_33_1
t_28315	10_33_1
t_28316	10_33_1
t_28317	10_33_1
t_28318	10_33_1
t_28319	10_33_1
t_28320	10_33_1
t_28321	10_33_1
t_28322	10_33_1
t_28323	10_33_1
t_28324	10_33_1
t_28325	10_33_1
t_28326	10_33_1
t_28327	10_33_1
t_28328	10_33_1
t_28329	10_33_1
t_28330	10_33_1
t_28331	10_33_1
t_28332	10_33_1
t_28333	10_33_1
t_28334	10_33_1
t_28335	10_33_1
t_28336	10_33_1
t_28337	10_33_1
t_28338	10_33_1
t_28339	10_33_1
t_28340	10_33_1
t_28341	10_33_1
t_28342	10_33_2
t_28343	10_33_2
t_28344	10_33_2
t_28345	10_33_2
t_28346	10_33_2
t_28347	10_33_2
t_28348	10_33_2
t_28349	10_33_2
t_28350	10_33_2
t_28351	10_33_2
t_28352	10_33_2
t_28353	10_33_2
t_28354	10_33_2
t_28355	10_33_2
t_28356	10_33_2
t_28357	10_33_2
t_28358	10_33_2
t_28359	10_33_2
t_28360	10_33_2
t_28361	10_33_2
t_28362	10_33_2
t_28363	10_33_2
t_28364	10_33_2
t_28365	10_33_2
t_28366	10_33_2
t_28367	10_33_2
t_28368	10_33_2
t_28369	10_33_2
t_28370	10_33_2
t_28371	10_33_2
t_28372	10_33_2
t_28373	10_33_2
t_28374	10_33_2
t_28375	10_33_2
t_28376	10_33_2
t_28377	10_33_2
t_28378	10_33_2
t_28379	10_33_2
t_28380	10_33_2
t_28381	10_33_2
t_28382	10_33_2
t_28383	10_33_2
t_28384	10_33_2
t_28385	10_33_2
t_28386	10_33_2
t_28387	10_33_2
t_28388	10_33_2
t_28389	10_33_2
t_28390	10_33_2
t_28391	10_33_2
t_28392	10_33_2
t_28393	10_33_2
t_28394	10_33_2
t_28395	10_33_2
t_28396	10_33_2
t_28397	10_33_2
t_28398	10_33_2
t_28399	10_33_2
t_28400	10_33_3
t_28401	10_33_3
t_28402	10_33_3
t_28403	10_33_3
t_28404	10_33_3
t_28405	10_33_3
t_28406	10_33_3
t_28407	10_33_3
t_28408	10_33_3
t_28409	10_33_3
t_28410	10_33_3
t_28411	10_33_3
t_28412	10_33_3
t_28413	10_33_3
t_28414	10_33_3
t_28415	10_33_3
t_28416	10_33_3
t_28417	10_33_3
t_28418	10_33_3
t_28419	10_33_3
t_28420	10_33_3
t_28421	10_33_3
t_28422	10_33_3
t_28423	10_33_3
t_28424	10_33_3
t_28425	10_33_3
t_28426	10_33_3
t_28427	10_33_3
t_28428	10_33_3
t_28429	10_33_3
t_28430	10_33_3
t_28431	10_33_3
t_28432	10_33_3
t_28433	10_33_3
t_28434	10_33_3
t_28435	10_33_3
t_28436	10_33_3
t_28437	10_33_3
t_28438	10_33_3
t_28439	10_33_3
t_28440	10_33_3
t_28441	10_33_3
t_28442	10_33_3
t_28443	10_33_3
t_28444	10_33_3
t_28445	10_33_3
t_28446	10_33_3
t_28447	10_33_3
t_28448	10_33_3
t_28449	10_33_3
t_28450	10_33_3
t_28451	10_33_3
t_28452	10_33_3
t_28453	10_33_3
t_28454	10_33_3
t_28455	10_33_3
t_28456	10_33_3
t_28457	10_33_3
t_28458	10_33_3
t_28459	10_33_3
t_28460	10_33_3
t_28461	10_33_4
t_28462	10_33_4
t_28463	10_33_4
t_28464	10_33_4
t_28465	10_33_4
t_28466	10_33_4
t_28467	10_33_4
t_28468	10_33_4
t_28469	10_33_4
t_28470	10_33_4
t_28471	10_33_4
t_28472	10_33_4
t_28473	10_33_4
t_28474	10_33_4
t_28475	10_33_4
t_28476	10_33_4
t_28477	10_33_4
t_28478	10_33_4
t_28479	10_33_4
t_28480	10_33_4
t_28481	10_33_4
t_28482	10_33_4
t_28483	10_33_4
t_28484	10_33_4
t_28485	10_33_4
t_28486	10_33_4
t_28487	10_33_4
t_28488	10_33_4
t_28489	10_33_4
t_28490	10_33_4
t_28491	10_33_4
t_28492	10_33_4
t_28493	10_33_4
t_28494	10_33_4
t_28495	10_33_4
t_28496	10_33_4
t_28497	10_33_4
t_28498	10_33_4
t_28499	10_33_4
t_28500	10_33_4
t_28501	10_33_4
t_28502	10_33_4
t_28503	10_33_4
t_28504	10_33_4
t_28505	10_33_4
t_28506	10_33_4
t_28507	10_33_4
t_28508	10_33_4
t_28509	10_33_4
t_28510	10_33_4
t_28511	10_33_4
t_28512	10_33_4
t_28513	10_33_4
t_28514	10_33_4
t_28515	10_33_4
t_28516	10_33_4
t_28517	10_33_4
t_28518	10_33_4
t_28519	10_33_4
t_28520	10_33_4
t_28521	10_33_4
t_28522	10_33_4
t_28523	10_33_4
t_28524	10_33_4
t_28525	10_33_4
t_28526	10_33_4
t_28527	10_33_4
t_28528	10_33_4
t_28529	10_33_4
t_28530	10_33_4
t_28531	10_33_4
t_28532	10_33_4
t_28533	10_33_4
t_28534	10_33_4
t_28535	10_33_4
t_28536	10_33_4
t_28537	10_33_4
t_28538	10_33_4
t_28539	10_33_4
t_28540	10_33_4
t_28541	10_33_4
t_28542	10_33_4
t_28543	10_33_4
t_28544	10_33_4
t_28545	10_33_4
t_28546	10_33_4
t_28547	10_33_4
t_28548	10_33_4
t_28549	10_33_4
t_28550	10_33_4
t_28551	10_33_4
t_28552	10_33_4
t_28553	10_33_4
t_28554	10_33_4
t_28555	10_33_4
t_28556	10_33_4
t_28557	10_33_4
t_28558	10_33_4
t_28559	10_33_4
t_28560	10_34_1
t_28561	10_34_1
t_28562	10_34_1
t_28563	10_34_1
t_28564	10_34_1
t_28565	10_34_1
t_28566	10_34_1
t_28567	10_34_1
t_28568	10_34_1
t_28569	10_34_1
t_28570	10_34_1
t_28571	10_34_1
t_28572	10_34_1
t_28573	10_34_1
t_28574	10_34_1
t_28575	10_34_1
t_28576	10_34_1
t_28577	10_34_1
t_28578	10_34_1
t_28579	10_34_1
t_28580	10_34_1
t_28581	10_34_1
t_28582	10_34_1
t_28583	10_34_1
t_28584	10_34_1
t_28585	10_34_1
t_28586	10_34_1
t_28587	10_34_1
t_28588	10_34_1
t_28589	10_34_1
t_28590	10_34_1
t_28591	10_34_1
t_28592	10_34_1
t_28593	10_34_1
t_28594	10_34_1
t_28595	10_34_1
t_28596	10_34_1
t_28597	10_34_1
t_28598	10_34_1
t_28599	10_34_1
t_28600	10_34_1
t_28601	10_34_1
t_28602	10_34_1
t_28603	10_34_1
t_28604	10_34_1
t_28605	10_34_1
t_28606	10_34_1
t_28607	10_34_1
t_28608	10_34_1
t_28609	10_34_1
t_28610	10_34_1
t_28611	10_34_1
t_28612	10_34_1
t_28613	10_34_1
t_28614	10_34_1
t_28615	10_34_1
t_28616	10_34_1
t_28617	10_34_1
t_28618	10_34_1
t_28619	10_34_1
t_28620	10_34_1
t_28621	10_34_1
t_28622	10_34_1
t_28623	10_34_1
t_28624	10_34_1
t_28625	10_34_1
t_28626	10_34_1
t_28627	10_34_1
t_28628	10_34_1
t_28629	10_34_1
t_28630	10_34_1
t_28631	10_34_1
t_28632	10_34_1
t_28633	10_34_1
t_28634	10_34_1
t_28635	10_34_1
t_28636	10_34_1
t_28637	10_34_1
t_28638	10_34_1
t_28639	10_34_1
t_28640	10_34_1
t_28641	10_34_1
t_28642	10_34_1
t_28643	10_34_1
t_28644	10_34_1
t_28645	10_34_1
t_28646	10_34_1
t_28647	10_34_1
t_28648	10_34_1
t_28649	10_34_1
t_28650	10_34_1
t_28651	10_34_1
t_28652	10_34_1
t_28653	10_34_1
t_28654	10_34_1
t_28655	10_34_1
t_28656	10_34_1
t_28657	10_34_1
t_28658	10_34_1
t_28659	10_34_1
t_28660	10_34_1
t_28661	10_34_1
t_28662	10_34_1
t_28663	10_34_1
t_28664	10_34_1
t_28665	10_34_1
t_28666	10_34_1
t_28667	10_34_1
t_28668	10_34_1
t_28669	10_34_1
t_28670	10_34_1
t_28671	10_34_1
t_28672	10_34_1
t_28673	10_34_1
t_28674	10_34_1
t_28675	10_34_1
t_28676	10_34_1
t_28677	10_35_1
t_28678	10_35_1
t_28679	10_35_1
t_28680	10_35_1
t_28681	10_35_1
t_28682	10_35_1
t_28683	10_35_1
t_28684	10_35_1
t_28685	10_35_1
t_28686	10_35_1
t_28687	10_35_1
t_28688	10_35_1
t_28689	10_35_1
t_28690	10_35_1
t_28691	10_35_1
t_28692	10_35_1
t_28693	10_35_1
t_28694	10_35_1
t_28695	10_35_1
t_28696	10_35_1
t_28697	10_35_1
t_28698	10_35_1
t_28699	10_35_1
t_28700	10_35_1
t_28701	10_35_1
t_28702	10_35_1
t_28703	10_35_1
t_28704	10_35_1
t_28705	10_35_1
t_28706	10_35_1
t_28707	10_35_1
t_28708	10_35_1
t_28709	10_35_1
t_28710	10_35_1
t_28711	10_35_1
t_28712	10_35_1
t_28713	10_35_1
t_28714	10_35_1
t_28715	10_35_1
t_28716	10_35_1
t_28717	10_35_1
t_28718	10_35_1
t_28719	10_35_1
t_28720	10_35_1
t_28721	10_35_1
t_28722	10_35_1
t_28723	10_35_1
t_28724	10_35_1
t_28725	10_35_1
t_28726	10_35_1
t_28727	10_35_1
t_28728	10_35_1
t_28729	10_35_1
t_28730	10_35_1
t_28731	10_35_1
t_28732	10_35_1
t_28733	10_35_1
t_28734	10_35_1
t_28735	10_35_1
t_28736	10_35_1
t_28737	10_35_1
t_28738	10_35_1
t_28739	10_35_1
t_28740	10_35_1
t_28741	10_35_1
t_28742	10_35_1
t_28743	10_35_1
t_28744	10_35_1
t_28745	10_35_1
t_28746	10_35_1
t_28747	10_35_1
t_28748	10_35_1
t_28749	10_35_1
t_28750	10_35_1
t_28751	10_35_1
t_28752	10_35_1
t_28753	10_35_1
t_28754	10_35_1
t_28755	10_35_1
t_28756	10_35_1
t_28757	10_35_1
t_28758	10_35_1
t_28759	10_35_1
t_28760	10_35_1
t_28761	10_35_1
t_28762	10_35_1
t_28763	10_35_1
t_28764	10_35_1
t_28765	10_35_1
t_28766	10_35_1
t_28767	10_35_1
t_28768	10_35_1
t_28769	10_35_1
t_28770	10_35_1
t_28771	10_35_1
t_28772	10_36_1
t_28773	10_36_1
t_28774	10_36_1
t_28775	10_36_1
t_28776	10_36_1
t_28777	10_36_1
t_28778	10_36_1
t_28779	10_36_1
t_28780	10_36_1
t_28781	10_36_1
t_28782	10_36_1
t_28783	10_36_1
t_28784	10_36_1
t_28785	10_36_1
t_28786	10_36_1
t_28787	10_36_1
t_28788	10_36_1
t_28789	10_36_1
t_28790	10_36_1
t_28791	10_36_1
t_28792	10_36_1
t_28793	10_36_1
t_28794	10_36_1
t_28795	10_36_1
t_28796	10_36_1
t_28797	10_36_1
t_28798	10_36_1
t_28799	10_36_1
t_28800	10_36_1
t_28801	10_36_1
t_28802	10_36_1
t_28803	10_36_1
t_28804	10_36_1
t_28805	10_36_1
t_28806	10_36_1
t_28807	10_36_1
t_28808	10_36_1
t_28809	10_36_1
t_28810	10_36_1
t_28811	10_36_1
t_28812	10_36_1
t_28813	10_36_1
t_28814	10_36_1
t_28815	10_36_1
t_28816	10_36_1
t_28817	10_36_1
t_28818	10_36_1
t_28819	10_36_1
t_28820	10_36_1
t_28821	10_36_1
t_28822	10_36_1
t_28823	10_36_1
t_28824	10_36_1
t_28825	10_36_1
t_28826	10_36_1
t_28827	10_36_1
t_28828	10_36_1
t_28829	10_36_1
t_28830	10_36_1
t_28831	10_36_1
t_28832	10_36_1
t_28833	10_36_1
t_28834	10_36_1
t_28835	10_36_1
t_28836	10_36_1
t_28837	10_36_1
t_28838	10_36_1
t_28839	10_36_1
t_28840	10_36_1
t_28841	10_36_1
t_28842	10_36_1
t_28843	10_36_1
t_28844	10_36_1
t_28845	10_36_1
t_28846	10_36_1
t_28847	10_36_1
t_28848	10_36_1
t_28849	10_36_1
t_28850	10_36_1
t_28851	10_36_1
t_28852	10_36_1
t_28853	10_36_1
t_28854	10_36_1
t_28855	10_36_1
t_28856	10_36_1
t_28857	10_36_1
t_28858	10_36_1
t_28859	10_36_1
t_28860	10_36_1
t_28861	10_36_1
t_28862	10_36_1
t_28863	10_36_1
t_28864	10_36_1
t_28865	10_36_1
t_28866	10_36_1
t_28867	10_36_1
t_28868	10_36_1
t_28869	10_36_1
t_28870	10_36_1
t_28871	10_36_1
t_28872	10_36_1
t_28873	10_36_1
t_28874	10_36_1
t_28875	10_36_1
t_28876	10_36_1
t_28877	10_36_1
t_28878	10_36_1
t_28879	10_36_1
t_28880	10_36_1
t_28881	10_36_1
t_28882	10_36_1
t_28883	10_36_1
t_28884	10_36_1
t_28885	10_36_1
t_28886	10_36_1
t_28887	10_36_1
t_28888	10_36_1
t_28889	10_36_1
t_28890	10_36_1
t_28891	10_36_1
t_28892	10_36_1
t_28893	10_36_1
t_28894	10_36_1
t_28895	10_36_1
t_28896	10_36_1
t_28897	10_36_1
t_28898	10_36_1
t_28899	10_36_1
t_28900	10_36_1
t_28901	10_36_1
t_28902	10_36_1
t_28903	10_36_1
t_28904	10_36_1
t_28905	10_36_1
t_28906	10_36_1
t_28907	10_36_1
t_28908	10_36_1
t_28909	10_36_1
t_28910	10_36_1
t_28911	10_36_1
t_28912	10_36_1
t_28913	10_36_1
t_28914	10_36_1
t_28915	10_36_1
t_28916	10_36_1
t_28917	10_36_1
t_28918	10_36_1
t_28919	10_36_1
t_28920	10_36_1
t_28921	10_36_1
t_28922	10_36_1
t_28923	10_36_1
t_28924	10_36_1
t_28925	10_36_1
t_28926	10_36_1
t_28927	10_36_1
t_28928	10_36_1
t_28929	10_36_1
t_28930	10_36_1
t_28931	10_36_1
t_28932	10_36_1
t_28933	10_36_1
t_28934	10_36_1
t_28935	10_36_1
t_28936	10_36_1
t_28937	10_36_1
t_28938	10_36_1
t_28939	10_36_1
t_28940	10_36_1
t_28941	10_36_1
t_28942	10_36_1
t_28943	10_36_1
t_28944	10_36_1
t_28945	10_36_1
t_28946	10_36_1
t_28947	10_36_1
t_28948	10_36_1
t_28949	10_36_1
t_28950	10_36_1
t_28951	10_36_1
t_28952	10_36_1
t_28953	10_36_1
t_28954	10_36_1
t_28955	10_36_1
t_28956	10_36_1
t_28957	10_36_1
t_28958	10_36_1
t_28959	10_36_1
t_28960	10_36_1
t_28961	10_36_1
t_28962	10_36_1
t_28963	10_36_1
t_28964	10_36_1
t_28965	10_36_1
t_28966	10_36_1
t_28967	10_36_1
t_28968	10_36_1
t_28969	10_36_1
t_28970	10_36_1
t_28971	10_36_1
t_28972	10_36_1
t_28973	10_36_1
t_28974	10_36_1
t_28975	10_36_1
t_28976	10_36_1
t_28977	10_36_1
t_28978	10_36_1
t_28979	10_37_1
t_28980	10_37_1
t_28981	10_37_1
t_28982	10_37_1
t_28983	10_37_1
t_28984	10_37_1
t_28985	10_37_1
t_28986	10_37_1
t_28987	10_37_1
t_28988	10_37_1
t_28989	10_37_1
t_28990	10_37_1
t_28991	10_37_1
t_28992	10_37_1
t_28993	10_37_1
t_28994	10_37_1
t_28995	10_37_1
t_28996	10_37_1
t_28997	10_37_1
t_28998	10_37_1
t_28999	10_37_1
t_29000	10_37_1
t_29001	10_37_1
t_29002	10_37_1
t_29003	10_37_1
t_29004	10_37_1
t_29005	10_37_1
t_29006	10_37_1
t_29007	10_37_1
t_29008	10_37_1
t_29009	10_37_1
t_29010	10_38_1
t_29011	10_38_1
t_29012	10_38_1
t_29013	10_38_1
t_29014	10_38_1
t_29015	10_38_1
t_29016	10_38_1
t_29017	10_38_1
t_29018	10_38_1
t_29019	10_38_1
t_29020	10_38_1
t_29021	10_38_1
t_29022	10_38_1
t_29023	10_38_1
t_29024	10_38_1
t_29025	10_38_1
t_29026	10_38_1
t_29027	10_38_1
t_29028	10_38_1
t_29029	10_38_1
t_29030	10_38_1
t_29031	10_38_1
t_29032	10_38_1
t_29033	10_38_1
t_29034	10_38_1
t_29035	10_38_1
t_29036	10_38_1
t_29037	10_38_1
t_29038	10_38_1
t_29039	10_38_1
t_29040	10_38_1
t_29041	10_38_1
t_29042	10_38_1
t_29043	10_38_1
t_29044	10_38_1
t_29045	10_38_1
t_29046	10_38_1
t_29047	10_38_1
t_29048	10_38_1
t_29049	10_38_1
t_29050	10_38_1
t_29051	10_38_1
t_29052	10_38_1
t_29053	10_38_1
t_29054	10_38_1
t_29055	10_38_1
t_29056	10_38_1
t_29057	10_38_1
t_29058	10_38_1
t_29059	10_38_1
t_29060	10_38_1
t_29061	10_38_1
t_29062	10_38_1
t_29063	10_38_1
t_29064	10_38_1
t_29065	10_38_1
t_29066	10_38_1
t_29067	10_38_1
t_29068	10_38_1
t_29069	10_38_1
t_29070	10_38_1
t_29071	10_38_1
t_29072	10_38_1
t_29073	10_38_1
t_29074	10_38_1
t_29075	10_38_1
t_29076	10_38_1
t_29077	10_38_1
t_29078	10_38_1
t_29079	10_38_1
t_29080	10_38_1
t_29081	10_38_1
t_29082	10_38_1
t_29083	10_38_1
t_29084	10_38_1
t_29085	10_38_1
t_29086	10_38_1
t_29087	10_38_1
t_29088	10_38_1
t_29089	10_38_1
t_29090	10_38_1
t_29091	10_38_1
t_29092	11_1_1
t_29093	11_1_1
t_29094	11_1_1
t_29095	11_1_1
t_29096	11_1_1
t_29097	11_1_1
t_29098	11_1_1
t_29099	11_1_1
t_29100	11_1_1
t_29101	11_1_1
t_29102	11_1_1
t_29103	11_1_1
t_29104	11_1_1
t_29105	11_1_1
t_29106	11_1_1
t_29107	11_1_1
t_29108	11_1_1
t_29109	11_1_1
t_29110	11_1_1
t_29111	11_1_1
t_29112	11_1_1
t_29113	11_1_1
t_29114	11_1_1
t_29115	11_1_1
t_29116	11_1_1
t_29117	11_1_1
t_29118	11_1_1
t_29119	11_1_1
t_29120	11_1_1
t_29121	11_1_1
t_29122	11_1_1
t_29123	11_1_1
t_29124	11_1_1
t_29125	11_1_1
t_29126	11_1_1
t_29127	11_1_1
t_29128	11_1_1
t_29129	11_1_1
t_29130	11_1_1
t_29131	11_1_1
t_29132	11_1_1
t_29133	11_1_1
t_29134	11_1_1
t_29135	11_1_1
t_29136	11_1_1
t_29137	11_1_1
t_29138	11_1_1
t_29139	11_1_1
t_29140	11_1_1
t_29141	11_1_1
t_29142	11_1_1
t_29143	11_1_1
t_29144	11_1_1
t_29145	11_1_1
t_29146	11_1_1
t_29147	11_1_1
t_29148	11_1_1
t_29149	11_1_1
t_29150	11_1_1
t_29151	11_1_1
t_29152	11_1_1
t_29153	11_1_1
t_29154	11_1_1
t_29155	11_1_1
t_29156	11_1_1
t_29157	11_1_1
t_29158	11_1_1
t_29159	11_1_1
t_29160	11_1_1
t_29161	11_1_1
t_29162	11_1_1
t_29163	11_1_1
t_29164	11_1_1
t_29165	11_1_1
t_29166	11_1_1
t_29167	11_1_1
t_29168	11_1_1
t_29169	11_1_1
t_29170	11_1_1
t_29171	11_1_1
t_29172	11_1_1
t_29173	11_1_1
t_29174	11_1_1
t_29175	11_1_1
t_29176	11_1_1
t_29177	11_1_1
t_29178	11_1_1
t_29179	11_1_1
t_29180	11_1_1
t_29181	11_1_1
t_29182	11_1_1
t_29183	11_1_1
t_29184	11_1_1
t_29185	11_1_1
t_29186	11_1_1
t_29187	11_1_1
t_29188	11_1_1
t_29189	11_1_2
t_29190	11_1_2
t_29191	11_1_2
t_29192	11_1_2
t_29193	11_1_2
t_29194	11_1_2
t_29195	11_1_2
t_29196	11_1_2
t_29197	11_1_2
t_29198	11_1_2
t_29199	11_1_2
t_29200	11_1_2
t_29201	11_1_2
t_29202	11_1_2
t_29203	11_1_2
t_29204	11_1_2
t_29205	11_1_2
t_29206	11_1_2
t_29207	11_1_2
t_29208	11_1_2
t_29209	11_1_2
t_29210	11_1_2
t_29211	11_1_2
t_29212	11_1_2
t_29213	11_1_2
t_29214	11_1_2
t_29215	11_1_2
t_29216	11_1_2
t_29217	11_1_2
t_29218	11_1_2
t_29219	11_1_2
t_29220	11_1_2
t_29221	11_1_2
t_29222	11_1_2
t_29223	11_1_2
t_29224	11_1_2
t_29225	11_1_2
t_29226	11_1_2
t_29227	11_1_2
t_29228	11_1_2
t_29229	11_1_2
t_29230	11_1_2
t_29231	11_1_2
t_29232	11_1_2
t_29233	11_1_2
t_29234	11_1_2
t_29235	11_1_2
t_29236	11_1_2
t_29237	11_1_2
t_29238	11_1_2
t_29239	11_1_2
t_29240	11_1_2
t_29241	11_1_2
t_29242	11_1_2
t_29243	11_1_2
t_29244	11_1_2
t_29245	11_1_2
t_29246	11_1_2
t_29247	11_1_2
t_29248	11_1_2
t_29249	11_1_2
t_29250	11_1_2
t_29251	11_1_2
t_29252	11_1_2
t_29253	11_1_2
t_29254	11_1_2
t_29255	11_1_2
t_29256	11_1_2
t_29257	11_1_2
t_29258	11_1_2
t_29259	11_1_2
t_29260	11_1_2
t_29261	11_1_2
t_29262	11_1_2
t_29263	11_1_2
t_29264	11_1_2
t_29265	11_1_2
t_29266	11_1_2
t_29267	11_1_2
t_29268	11_1_2
t_29269	11_1_2
t_29270	11_1_2
t_29271	11_1_2
t_29272	11_1_2
t_29273	11_1_2
t_29274	11_1_2
t_29275	11_1_2
t_29276	11_1_2
t_29277	11_1_2
t_29278	11_1_2
t_29279	11_1_2
t_29280	11_1_2
t_29281	11_1_2
t_29282	11_1_2
t_29283	11_1_2
t_29284	11_1_2
t_29285	11_1_2
t_29286	11_1_2
t_29287	11_1_2
t_29288	11_1_2
t_29289	11_1_2
t_29290	11_1_2
t_29291	11_1_2
t_29292	11_1_2
t_29293	11_2_1
t_29294	11_2_1
t_29295	11_2_1
t_29296	11_2_1
t_29297	11_2_1
t_29298	11_2_1
t_29299	11_2_1
t_29300	11_2_1
t_29301	11_2_1
t_29302	11_2_1
t_29303	11_2_1
t_29304	11_2_1
t_29305	11_2_1
t_29306	11_2_1
t_29307	11_2_1
t_29308	11_2_1
t_29309	11_2_1
t_29310	11_2_1
t_29311	11_2_1
t_29312	11_2_1
t_29313	11_2_1
t_29314	11_2_1
t_29315	11_2_1
t_29316	11_2_1
t_29317	11_2_1
t_29318	11_2_1
t_29319	11_2_1
t_29320	11_2_1
t_29321	11_2_1
t_29322	11_2_1
t_29323	11_2_1
t_29324	11_2_1
t_29325	11_2_1
t_29326	11_2_1
t_29327	11_2_1
t_29328	11_2_1
t_29329	11_2_1
t_29330	11_2_1
t_29331	11_2_1
t_29332	11_2_1
t_29333	11_2_1
t_29334	11_2_1
t_29335	11_2_1
t_29336	11_2_1
t_29337	11_2_1
t_29338	11_2_1
t_29339	11_2_1
t_29340	11_2_1
t_29341	11_2_1
t_29342	11_2_1
t_29343	11_2_1
t_29344	11_2_1
t_29345	11_2_1
t_29346	11_2_1
t_29347	11_2_1
t_29348	11_2_1
t_29349	11_2_1
t_29350	11_2_1
t_29351	11_2_1
t_29352	11_2_1
t_29353	11_2_1
t_29354	11_2_1
t_29355	11_2_1
t_29356	11_2_1
t_29357	11_2_1
t_29358	11_2_1
t_29359	11_2_1
t_29360	11_2_1
t_29361	11_2_1
t_29362	11_2_1
t_29363	11_2_1
t_29364	11_2_1
t_29365	11_2_1
t_29366	11_2_1
t_29367	11_2_1
t_29368	11_2_1
t_29369	11_2_1
t_29370	11_2_1
t_29371	11_2_1
t_29372	11_2_1
t_29373	11_2_1
t_29374	11_2_1
t_29375	11_2_1
t_29376	11_2_1
t_29377	11_2_1
t_29378	11_2_1
t_29379	11_3_1
t_29380	11_3_1
t_29381	11_3_1
t_29382	11_3_1
t_29383	11_3_1
t_29384	11_3_1
t_29385	11_3_1
t_29386	11_3_1
t_29387	11_3_1
t_29388	11_3_1
t_29389	11_3_1
t_29390	11_3_1
t_29391	11_3_1
t_29392	11_3_1
t_29393	11_3_1
t_29394	11_3_1
t_29395	11_3_1
t_29396	11_3_1
t_29397	11_3_1
t_29398	11_3_1
t_29399	11_3_1
t_29400	11_3_1
t_29401	11_3_1
t_29402	11_3_1
t_29403	11_3_1
t_29404	11_3_1
t_29405	11_3_1
t_29406	11_3_1
t_29407	11_3_1
t_29408	11_3_1
t_29409	11_3_1
t_29410	11_3_1
t_29411	11_3_1
t_29412	11_3_1
t_29413	11_3_1
t_29414	11_3_1
t_29415	11_3_1
t_29416	11_3_1
t_29417	11_3_1
t_29418	11_3_1
t_29419	11_3_1
t_29420	11_3_1
t_29421	11_3_1
t_29422	11_3_1
t_29423	11_3_1
t_29424	11_3_1
t_29425	11_3_1
t_29426	11_3_1
t_29427	11_3_1
t_29428	11_3_1
t_29429	11_3_1
t_29430	11_4_1
t_29431	11_4_1
t_29432	11_4_1
t_29433	11_4_1
t_29434	11_4_1
t_29435	11_4_1
t_29436	11_4_1
t_29437	11_4_1
t_29438	11_4_1
t_29439	11_4_1
t_29440	11_4_1
t_29441	11_4_1
t_29442	11_4_1
t_29443	11_4_1
t_29444	11_4_1
t_29445	11_4_1
t_29446	11_4_1
t_29447	11_5_1
t_29448	11_5_1
t_29449	11_5_1
t_29450	11_5_1
t_29451	11_5_1
t_29452	11_5_1
t_29453	11_5_1
t_29454	11_5_1
t_29455	11_5_1
t_29456	11_5_1
t_29457	11_5_1
t_29458	11_5_1
t_29459	11_5_1
t_29460	11_5_1
t_29461	11_5_1
t_29462	11_5_1
t_29463	11_5_1
t_29464	11_5_1
t_29465	11_5_1
t_29466	11_5_1
t_29467	11_5_1
t_29468	11_5_1
t_29469	11_5_1
t_29470	11_5_1
t_29471	11_5_1
t_29472	11_5_1
t_29473	11_5_1
t_29474	11_5_1
t_29475	11_5_1
t_29476	11_5_1
t_29477	11_5_1
t_29478	11_5_1
t_29479	11_5_1
t_29480	11_5_1
t_29481	11_6_1
t_29482	11_6_1
t_29483	11_6_1
t_29484	11_6_1
t_29485	11_6_1
t_29486	11_6_1
t_29487	11_6_1
t_29488	11_6_1
t_29489	11_6_1
t_29490	11_6_1
t_29491	11_6_1
t_29492	11_6_1
t_29493	11_6_1
t_29494	11_6_1
t_29495	11_6_1
t_29496	11_6_1
t_29497	11_6_1
t_29498	11_6_1
t_29499	11_6_1
t_29500	11_6_1
t_29501	11_6_1
t_29502	11_6_1
t_29503	11_6_1
t_29504	11_6_1
t_29505	11_6_1
t_29506	11_6_1
t_29507	11_6_1
t_29508	11_6_1
t_29509	11_6_1
t_29510	11_6_1
t_29511	11_6_1
t_29512	11_6_1
t_29513	11_6_1
t_29514	11_6_1
t_29515	11_6_1
t_29516	11_6_1
t_29517	11_6_1
t_29518	11_6_1
t_29519	11_6_1
t_29520	11_6_1
t_29521	11_6_1
t_29522	11_6_1
t_29523	11_6_1
t_29524	11_6_1
t_29525	11_6_1
t_29526	11_6_1
t_29527	11_6_1
t_29528	11_6_1
t_29529	11_6_1
t_29530	11_6_1
t_29531	11_6_1
t_29532	11_6_1
t_29533	11_6_1
t_29534	11_6_1
t_29535	11_6_1
t_29536	11_6_1
t_29537	11_6_1
t_29538	11_6_1
t_29539	11_6_1
t_29540	11_6_1
t_29541	11_6_1
t_29542	11_6_1
t_29543	11_6_1
t_29544	11_6_1
t_29545	11_6_1
t_29546	11_6_1
t_29547	11_6_1
t_29548	11_6_1
t_29549	11_6_1
t_29550	11_6_1
t_29551	11_6_1
t_29552	11_6_1
t_29553	11_6_1
t_29554	11_6_1
t_29555	11_6_1
t_29556	11_6_1
t_29557	11_6_1
t_29558	11_6_1
t_29559	11_6_1
t_29560	11_6_1
t_29561	11_6_1
t_29562	11_6_1
t_29563	11_6_1
t_29564	11_6_1
t_29565	11_6_1
t_29566	11_6_1
t_29567	11_6_1
t_29568	11_6_1
t_29569	11_6_1
t_29570	11_6_1
t_29571	11_6_1
t_29572	11_6_1
t_29573	11_6_1
t_29574	11_6_1
t_29575	11_6_1
t_29576	11_6_1
t_29577	11_6_2
t_29578	11_6_2
t_29579	11_6_2
t_29580	11_6_2
t_29581	11_6_2
t_29582	11_6_2
t_29583	11_6_2
t_29584	11_6_2
t_29585	11_6_2
t_29586	11_6_2
t_29587	11_6_2
t_29588	11_6_2
t_29589	11_6_2
t_29590	11_6_2
t_29591	11_6_2
t_29592	11_6_2
t_29593	11_6_2
t_29594	11_6_2
t_29595	11_6_2
t_29596	11_6_2
t_29597	11_6_2
t_29598	11_6_2
t_29599	11_6_2
t_29600	11_6_2
t_29601	11_6_2
t_29602	11_6_2
t_29603	11_6_2
t_29604	11_6_2
t_29605	11_6_2
t_29606	11_6_2
t_29607	11_6_2
t_29608	11_6_2
t_29609	11_6_2
t_29610	11_6_2
t_29611	11_6_2
t_29612	11_6_2
t_29613	11_6_2
t_29614	11_6_2
t_29615	11_6_2
t_29616	11_6_2
t_29617	11_6_2
t_29618	11_6_2
t_29619	11_6_2
t_29620	11_6_2
t_29621	11_6_2
t_29622	11_6_2
t_29623	11_6_2
t_29624	11_6_2
t_29625	11_6_2
t_29626	11_6_2
t_29627	11_6_2
t_29628	11_6_2
t_29629	11_6_2
t_29630	11_6_2
t_29631	11_6_2
t_29632	11_6_2
t_29633	11_6_2
t_29634	11_6_2
t_29635	11_6_2
t_29636	11_6_2
t_29637	11_6_2
t_29638	11_6_2
t_29639	11_6_2
t_29640	11_6_2
t_29641	11_6_2
t_29642	11_6_2
t_29643	11_6_2
t_29644	11_6_2
t_29645	11_6_2
t_29646	11_6_2
t_29647	11_6_2
t_29648	11_6_2
t_29649	11_6_2
t_29650	11_6_2
t_29651	11_6_2
t_29652	11_6_2
t_29653	11_6_2
t_29654	11_6_2
t_29655	11_6_2
t_29656	11_6_2
t_29657	11_6_2
t_29658	11_6_2
t_29659	11_6_2
t_29660	11_6_2
t_29661	11_6_2
t_29662	11_6_2
t_29663	11_6_2
t_29664	11_6_2
t_29665	11_7_1
t_29666	11_7_1
t_29667	11_7_1
t_29668	11_7_1
t_29669	11_7_1
t_29670	11_7_1
t_29671	11_7_1
t_29672	11_7_1
t_29673	11_7_1
t_29674	11_7_1
t_29675	11_7_1
t_29676	11_7_1
t_29677	11_7_1
t_29678	11_7_1
t_29679	11_7_1
t_29680	11_7_1
t_29681	11_7_1
t_29682	11_7_1
t_29683	11_7_1
t_29684	11_7_1
t_29685	11_7_1
t_29686	11_7_1
t_29687	11_7_1
t_29688	11_8_1
t_29689	11_8_1
t_29690	11_8_1
t_29691	11_8_1
t_29692	11_8_1
t_29693	11_8_1
t_29694	11_8_1
t_29695	11_8_1
t_29696	11_8_1
t_29697	11_8_1
t_29698	11_8_1
t_29699	11_8_1
t_29700	11_8_1
t_29701	11_8_1
t_29702	11_8_1
t_29703	11_8_1
t_29704	11_8_1
t_29705	11_8_1
t_29706	11_8_1
t_29707	11_8_1
t_29708	11_8_1
t_29709	11_8_1
t_29710	11_8_1
t_29711	11_8_1
t_29712	11_8_1
t_29713	11_8_1
t_29714	11_8_1
t_29715	11_8_1
t_29716	11_8_1
t_29717	11_8_1
t_29718	11_8_1
t_29719	11_8_1
t_29720	11_8_1
t_29721	11_8_1
t_29722	11_8_1
t_29723	11_8_1
t_29724	11_8_1
t_29725	11_8_1
t_29726	11_8_1
t_29727	11_8_1
t_29728	11_8_1
t_29729	11_8_1
t_29730	11_8_1
t_29731	11_8_1
t_29732	11_8_1
t_29733	11_8_1
t_29734	11_8_1
t_29735	11_8_1
t_29736	11_8_1
t_29737	11_8_1
t_29738	11_8_1
t_29739	11_8_1
t_29740	11_8_1
t_29741	11_8_1
t_29742	11_8_1
t_29743	11_8_1
t_29744	11_8_1
t_29745	11_8_1
t_29746	11_8_1
t_29747	11_8_1
t_29748	11_8_1
t_29749	11_8_1
t_29750	11_8_1
t_29751	11_8_1
t_29752	11_8_1
t_29753	11_8_1
t_29754	11_8_1
t_29755	11_8_1
t_29756	11_8_1
t_29757	11_8_1
t_29758	11_8_1
t_29759	11_8_1
t_29760	11_8_1
t_29761	11_8_1
t_29762	11_8_1
t_29763	11_8_1
t_29764	11_8_1
t_29765	11_8_1
t_29766	11_8_1
t_29767	11_8_1
t_29768	11_8_1
t_29769	11_8_1
t_29770	11_8_1
t_29771	11_8_1
t_29772	11_8_1
t_29773	11_8_1
t_29774	11_8_1
t_29775	11_8_1
t_29776	11_8_1
t_29777	11_8_1
t_29778	11_8_1
t_29779	11_8_1
t_29780	11_8_1
t_29781	11_8_1
t_29782	11_8_1
t_29783	11_8_1
t_29784	11_8_1
t_29785	11_8_1
t_29786	11_8_1
t_29787	11_8_1
t_29788	11_8_1
t_29789	11_8_1
t_29790	11_8_1
t_29791	11_8_1
t_29792	11_8_1
t_29793	11_8_1
t_29794	11_8_1
t_29795	11_8_1
t_29796	11_8_1
t_29797	11_8_1
t_29798	11_8_1
t_29799	11_8_1
t_29800	11_8_1
t_29801	11_8_1
t_29802	11_8_1
t_29803	11_8_1
t_29804	11_8_1
t_29805	11_8_1
t_29806	11_8_1
t_29807	11_8_1
t_29808	11_8_1
t_29809	11_8_1
t_29810	11_8_1
t_29811	11_8_1
t_29812	11_8_1
t_29813	11_8_1
t_29814	11_8_1
t_29815	11_9_1
t_29816	11_9_1
t_29817	11_9_1
t_29818	11_9_1
t_29819	11_9_1
t_29820	11_9_1
t_29821	11_9_1
t_29822	11_9_1
t_29823	11_9_1
t_29824	11_9_1
t_29825	11_9_1
t_29826	11_9_1
t_29827	11_9_1
t_29828	11_9_1
t_29829	11_9_1
t_29830	11_9_1
t_29831	11_9_1
t_29832	11_9_1
t_29833	11_9_1
t_29834	11_9_1
t_29835	11_9_1
t_29836	11_9_1
t_29837	11_9_1
t_29838	11_9_1
t_29839	11_9_1
t_29840	11_9_1
t_29841	11_9_1
t_29842	11_9_1
t_29843	11_9_1
t_29844	11_9_1
t_29845	11_9_1
t_29846	11_9_1
t_29847	11_9_1
t_29848	11_9_1
t_29849	11_9_1
t_29850	11_9_1
t_29851	11_9_1
t_29852	11_9_1
t_29853	11_9_1
t_29854	11_9_1
t_29855	11_9_1
t_29856	11_9_1
t_29857	11_9_1
t_29858	11_9_1
t_29859	11_9_1
t_29860	11_9_1
t_29861	11_9_1
t_29862	11_9_1
t_29863	11_9_1
t_29864	11_9_1
t_29865	11_9_1
t_29866	11_9_1
t_29867	11_9_1
t_29868	11_9_1
t_29869	11_9_1
t_29870	11_9_1
t_29871	11_9_1
t_29872	11_9_1
t_29873	11_9_1
t_29874	11_9_1
t_29875	11_9_1
t_29876	11_9_1
t_29877	11_9_1
t_29878	11_9_1
t_29879	11_9_1
t_29880	11_9_1
t_29881	11_9_1
t_29882	11_9_1
t_29883	11_9_1
t_29884	11_9_1
t_29885	11_9_1
t_29886	11_9_1
t_29887	11_9_1
t_29888	11_9_1
t_29889	11_9_1
t_29890	11_9_1
t_29891	11_9_1
t_29892	11_9_1
t_29893	11_9_1
t_29894	11_9_1
t_29895	11_9_1
t_29896	11_9_1
t_29897	11_9_1
t_29898	11_9_1
t_29899	11_9_1
t_29900	11_9_1
t_29901	11_9_1
t_29902	11_9_1
t_29903	11_9_1
t_29904	11_9_1
t_29905	11_9_1
t_29906	11_9_1
t_29907	11_9_1
t_29908	11_10_1
t_29909	11_10_1
t_29910	11_10_1
t_29911	11_10_1
t_29912	11_10_1
t_29913	11_10_1
t_29914	11_10_1
t_29915	11_10_1
t_29916	11_10_1
t_29917	11_10_1
t_29918	11_10_1
t_29919	11_10_1
t_29920	11_10_1
t_29921	11_10_1
t_29922	11_10_1
t_29923	11_10_1
t_29924	11_10_1
t_29925	11_10_1
t_29926	11_10_1
t_29927	11_10_1
t_29928	11_10_1
t_29929	11_10_1
t_29930	11_10_1
t_29931	11_10_1
t_29932	11_10_1
t_29933	11_10_1
t_29934	11_10_1
t_29935	11_10_1
t_29936	11_10_1
t_29937	11_10_1
t_29938	11_10_1
t_29939	11_10_1
t_29940	11_10_1
t_29941	11_10_1
t_29942	11_10_1
t_29943	11_10_1
t_29944	11_10_1
t_29945	11_10_1
t_29946	11_10_1
t_29947	11_10_1
t_29948	11_10_1
t_29949	11_10_1
t_29950	11_10_1
t_29951	11_10_1
t_29952	11_10_1
t_29953	11_10_1
t_29954	11_10_1
t_29955	11_10_1
t_29956	11_10_1
t_29957	11_10_1
t_29958	11_10_1
t_29959	11_10_1
t_29960	11_10_1
t_29961	11_10_1
t_29962	11_10_1
t_29963	11_10_1
t_29964	11_10_1
t_29965	11_10_1
t_29966	11_10_1
t_29967	11_10_1
t_29968	11_10_1
t_29969	11_10_1
t_29970	11_10_1
t_29971	11_10_1
t_29972	11_10_1
t_29973	11_10_1
t_29974	11_10_1
t_29975	11_10_1
t_29976	11_10_1
t_29977	11_10_1
t_29978	11_10_1
t_29979	11_10_1
t_29980	11_10_1
t_29981	11_10_1
t_29982	11_10_1
t_29983	11_10_1
t_29984	11_10_1
t_29985	11_10_1
t_29986	11_10_1
t_29987	11_10_1
t_29988	11_10_1
t_29989	11_10_1
t_29990	11_10_1
t_29991	11_10_1
t_29992	11_10_1
t_29993	11_11_1
t_29994	11_11_1
t_29995	11_11_1
t_29996	11_11_1
t_29997	11_11_1
t_29998	11_11_1
t_29999	11_11_1
t_30000	11_11_1
t_30001	11_11_1
t_30002	11_11_1
t_30003	11_11_1
t_30004	11_11_1
t_30005	11_11_1
t_30006	11_11_1
t_30007	11_11_1
t_30008	11_11_1
t_30009	11_11_1
t_30010	11_11_1
t_30011	11_11_1
t_30012	11_11_1
t_30013	11_11_1
t_30014	11_11_1
t_30015	11_11_1
t_30016	11_11_1
t_30017	11_11_1
t_30018	11_11_1
t_30019	11_11_1
t_30020	11_11_1
t_30021	11_11_1
t_30022	11_11_1
t_30023	11_11_1
t_30024	11_11_1
t_30025	11_11_1
t_30026	11_11_1
t_30027	11_11_1
t_30028	11_11_1
t_30029	11_11_1
t_30030	11_11_1
t_30031	11_11_1
t_30032	11_11_1
t_30033	11_11_1
t_30034	11_11_1
t_30035	11_12_1
t_30036	11_12_1
t_30037	11_12_1
t_30038	11_12_1
t_30039	11_12_1
t_30040	11_12_1
t_30041	11_12_1
t_30042	11_12_1
t_30043	11_12_1
t_30044	11_12_1
t_30045	11_12_1
t_30046	11_12_1
t_30047	11_12_1
t_30048	11_12_1
t_30049	11_12_1
t_30050	11_12_1
t_30051	11_12_1
t_30052	11_12_1
t_30053	11_12_1
t_30054	11_12_1
t_30055	11_12_1
t_30056	11_12_1
t_30057	11_12_1
t_30058	11_12_1
t_30059	11_12_1
t_30060	11_12_1
t_30061	11_12_1
t_30062	11_12_1
t_30063	11_12_1
t_30064	11_12_1
t_30065	11_12_1
t_30066	11_12_1
t_30067	11_12_1
t_30068	11_12_1
t_30069	11_12_1
t_30070	11_13_1
t_30071	11_13_1
t_30072	11_13_1
t_30073	11_13_1
t_30074	11_13_1
t_30075	11_13_1
t_30076	11_13_1
t_30077	11_13_1
t_30078	11_13_1
t_30079	11_13_1
t_30080	11_13_1
t_30081	11_13_1
t_30082	11_13_1
t_30083	11_13_1
t_30084	11_13_1
t_30085	11_13_1
t_30086	11_13_1
t_30087	11_13_1
t_30088	11_13_1
t_30089	11_13_1
t_30090	11_13_1
t_30091	11_13_1
t_30092	11_13_1
t_30093	11_13_1
t_30094	11_13_1
t_30095	11_13_1
t_30096	11_13_1
t_30097	11_13_1
t_30098	11_13_1
t_30099	11_13_1
t_30100	11_13_1
t_30101	11_13_1
t_30102	11_13_1
t_30103	11_13_1
t_30104	11_13_1
t_30105	11_13_1
t_30106	11_13_1
t_30107	11_13_1
t_30108	11_13_1
t_30109	11_13_1
t_30110	11_13_1
t_30111	11_13_1
t_30112	11_13_1
t_30113	11_13_1
t_30114	11_13_1
t_30115	11_13_1
t_30116	11_13_1
t_30117	11_13_1
t_30118	11_13_1
t_30119	11_13_1
t_30120	11_13_1
t_30121	11_13_1
t_30122	11_13_1
t_30123	11_13_1
t_30124	11_13_1
t_30125	11_13_1
t_30126	11_13_1
t_30127	11_13_1
t_30128	11_13_1
t_30129	11_13_1
t_30130	11_13_1
t_30131	11_13_1
t_30132	11_13_1
t_30133	11_13_1
t_30134	11_13_1
t_30135	11_13_1
t_30136	11_13_1
t_30137	11_13_1
t_30138	11_13_1
t_30139	11_13_1
t_30140	11_13_1
t_30141	11_13_1
t_30142	11_13_1
t_30143	11_13_1
t_30144	11_13_1
t_30145	11_13_1
t_30146	11_13_1
t_30147	11_13_1
t_30148	11_13_1
t_30149	11_13_1
t_30150	11_13_1
t_30151	11_13_1
t_30152	11_13_1
t_30153	11_13_1
t_30154	11_13_1
t_30155	11_13_1
t_30156	11_13_1
t_30157	11_13_1
t_30158	11_13_1
t_30159	11_13_1
t_30160	11_13_1
t_30161	11_13_1
t_30162	11_13_1
t_30163	11_13_1
t_30164	11_13_1
t_30165	11_13_1
t_30166	11_13_1
t_30167	11_13_1
t_30168	11_13_1
t_30169	11_13_1
t_30170	11_13_1
t_30171	11_13_1
t_30172	11_13_1
t_30173	11_13_1
t_30174	11_13_1
t_30175	11_13_1
t_30176	11_13_1
t_30177	11_13_1
t_30178	11_13_1
t_30179	11_13_1
t_30180	11_13_1
t_30181	11_13_1
t_30182	11_13_1
t_30183	11_13_1
t_30184	11_13_1
t_30185	11_13_1
t_30186	11_13_1
t_30187	11_14_1
t_30188	11_14_1
t_30189	11_14_1
t_30190	11_14_1
t_30191	11_14_1
t_30192	11_14_1
t_30193	11_14_1
t_30194	11_14_1
t_30195	11_14_1
t_30196	11_14_1
t_30197	11_14_1
t_30198	11_15_1
t_30199	11_15_1
t_30200	11_15_1
t_30201	11_15_1
t_30202	11_15_1
t_30203	11_15_1
t_30204	11_15_1
t_30205	11_15_1
t_30206	11_15_1
t_30207	11_15_1
t_30208	11_15_1
t_30209	11_15_1
t_30210	11_15_1
t_30211	11_15_1
t_30212	11_15_1
t_30213	11_15_1
t_30214	11_15_1
t_30215	11_15_1
t_30216	11_15_1
t_30217	11_15_1
t_30218	11_15_1
t_30219	11_15_1
t_30220	11_15_1
t_30221	11_15_1
t_30222	11_15_1
t_30223	11_15_1
t_30224	11_15_1
t_30225	11_15_1
t_30226	11_15_1
t_30227	11_15_1
t_30228	11_15_1
t_30229	11_15_1
t_30230	11_15_1
t_30231	11_15_1
t_30232	11_15_1
t_30233	11_15_1
t_30234	11_15_1
t_30235	11_15_1
t_30236	11_15_1
t_30237	11_15_1
t_30238	11_15_1
t_30239	11_15_1
t_30240	11_15_1
t_30241	11_15_1
t_30242	11_15_1
t_30243	11_15_1
t_30244	11_15_1
t_30245	11_15_1
t_30246	11_15_1
t_30247	11_15_1
t_30248	11_15_1
t_30249	11_15_1
t_30250	11_15_1
t_30251	11_15_1
t_30252	11_15_1
t_30253	11_15_1
t_30254	11_15_1
t_30255	11_15_1
t_30256	11_15_1
t_30257	11_15_1
t_30258	11_15_1
t_30259	11_15_1
t_30260	11_15_1
t_30261	11_15_1
t_30262	11_15_1
t_30263	11_15_1
t_30264	11_15_1
t_30265	11_15_1
t_30266	11_15_1
t_30267	11_15_1
t_30268	11_15_1
t_30269	11_15_1
t_30270	11_15_1
t_30271	11_15_1
t_30272	11_15_1
t_30273	11_15_1
t_30274	11_15_1
t_30275	11_15_1
t_30276	11_15_1
t_30277	11_15_1
t_30278	11_15_1
t_30279	11_15_1
t_30280	11_15_1
t_30281	11_15_1
t_30282	11_15_1
t_30283	11_15_1
t_30284	11_15_1
t_30285	11_15_1
t_30286	11_15_1
t_30287	11_15_1
t_30288	11_15_1
t_30289	11_15_1
t_30290	11_15_1
t_30291	11_15_1
t_30292	11_15_1
t_30293	11_15_1
t_30294	11_15_1
t_30295	11_15_1
t_30296	11_15_1
t_30297	11_15_1
t_30298	11_15_1
t_30299	11_15_1
t_30300	11_15_1
t_30301	11_15_1
t_30302	11_15_1
t_30303	11_15_1
t_30304	11_15_1
t_30305	11_15_1
t_30306	11_15_1
t_30307	11_15_1
t_30308	11_15_1
t_30309	11_15_1
t_30310	11_16_1
t_30311	11_16_1
t_30312	11_16_1
t_30313	11_16_1
t_30314	11_16_1
t_30315	11_16_1
t_30316	11_16_1
t_30317	11_16_1
t_30318	11_16_1
t_30319	11_16_1
t_30320	11_16_1
t_30321	11_16_1
t_30322	11_16_1
t_30323	11_16_1
t_30324	11_16_1
t_30325	11_16_1
t_30326	11_16_1
t_30327	11_16_1
t_30328	11_16_1
t_30329	11_16_1
t_30330	11_16_1
t_30331	11_16_1
t_30332	11_16_1
t_30333	11_16_1
t_30334	11_16_1
t_30335	11_16_1
t_30336	11_16_1
t_30337	11_16_1
t_30338	11_16_1
t_30339	11_16_1
t_30340	11_16_1
t_30341	11_16_1
t_30342	11_16_1
t_30343	11_16_1
t_30344	11_16_1
t_30345	11_16_1
t_30346	11_16_1
t_30347	11_16_1
t_30348	11_16_1
t_30349	11_16_1
t_30350	11_16_1
t_30351	11_16_1
t_30352	11_16_1
t_30353	11_16_1
t_30354	11_16_1
t_30355	11_16_1
t_30356	11_16_1
t_30357	11_16_1
t_30358	11_16_1
t_30359	11_16_1
t_30360	11_16_1
t_30361	11_16_1
t_30362	11_16_1
t_30363	11_16_1
t_30364	11_16_1
t_30365	11_16_1
t_30366	11_16_1
t_30367	11_16_1
t_30368	11_16_1
t_30369	11_16_1
t_30370	11_16_1
t_30371	11_16_1
t_30372	11_16_1
t_30373	11_16_1
t_30374	11_16_1
t_30375	11_16_1
t_30376	11_16_1
t_30377	11_16_1
t_30378	11_16_1
t_30379	11_16_1
t_30380	11_16_1
t_30381	11_16_1
t_30382	11_16_1
t_30383	11_16_1
t_30384	11_16_1
t_30385	11_16_1
t_30386	11_16_1
t_30387	11_16_1
t_30388	11_16_1
t_30389	11_16_1
t_30390	11_16_1
t_30391	11_16_1
t_30392	11_16_1
t_30393	11_16_1
t_30394	11_16_1
t_30395	11_16_1
t_30396	11_16_1
t_30397	11_16_1
t_30398	11_16_1
t_30399	11_16_1
t_30400	11_16_1
t_30401	11_16_1
t_30402	11_16_1
t_30403	11_16_1
t_30404	11_16_1
t_30405	11_16_1
t_30406	11_16_1
t_30407	11_16_1
t_30408	11_16_1
t_30409	11_16_1
t_30410	11_16_1
t_30411	11_16_1
t_30412	11_16_1
t_30413	11_16_1
t_30414	11_16_1
t_30415	11_16_1
t_30416	11_16_1
t_30417	11_16_1
t_30418	11_16_1
t_30419	11_16_1
t_30420	11_16_1
t_30421	11_16_1
t_30422	11_16_1
t_30423	11_16_1
t_30424	11_16_1
t_30425	11_16_1
t_30426	11_16_1
t_30427	11_16_1
t_30428	11_16_1
t_30429	11_16_1
t_30430	11_16_1
t_30431	11_16_1
t_30432	11_16_1
t_30433	11_16_1
t_30434	11_16_1
t_30435	11_16_1
t_30436	11_16_1
t_30437	11_16_1
t_30438	11_16_1
t_30439	11_16_1
t_30440	11_16_1
t_30441	11_16_1
t_30442	11_16_1
t_30443	11_16_1
t_30444	11_16_1
t_30445	11_16_1
t_30446	11_16_1
t_30447	11_16_1
t_30448	11_16_1
t_30449	11_16_1
t_30450	11_16_1
t_30451	11_16_1
t_30452	11_16_1
t_30453	11_17_1
t_30454	11_17_1
t_30455	11_17_1
t_30456	11_17_1
t_30457	11_17_1
t_30458	11_17_1
t_30459	11_17_1
t_30460	11_17_1
t_30461	11_17_1
t_30462	11_17_1
t_30463	11_17_1
t_30464	11_17_1
t_30465	11_17_1
t_30466	11_17_1
t_30467	11_17_1
t_30468	11_17_1
t_30469	11_17_1
t_30470	11_17_1
t_30471	11_17_1
t_30472	11_17_1
t_30473	11_17_1
t_30474	11_17_1
t_30475	11_18_1
t_30476	11_18_1
t_30477	11_18_1
t_30478	11_18_1
t_30479	11_18_1
t_30480	11_18_1
t_30481	11_18_1
t_30482	11_18_1
t_30483	11_18_1
t_30484	11_18_1
t_30485	11_18_1
t_30486	11_18_1
t_30487	11_18_1
t_30488	11_18_1
t_30489	11_18_1
t_30490	11_18_1
t_30491	11_18_1
t_30492	11_18_1
t_30493	11_18_1
t_30494	11_18_1
t_30495	11_18_1
t_30496	11_18_1
t_30497	11_18_1
t_30498	11_18_1
t_30499	11_18_1
t_30500	11_18_1
t_30501	11_18_1
t_30502	11_18_1
t_30503	11_18_1
t_30504	11_18_1
t_30505	11_18_1
t_30506	11_18_1
t_30507	11_18_1
t_30508	11_18_1
t_30509	11_18_1
t_30510	11_18_1
t_30511	11_18_1
t_30512	11_18_1
t_30513	11_18_1
t_30514	11_18_1
t_30515	11_18_1
t_30516	11_18_1
t_30517	11_18_1
t_30518	11_18_1
t_30519	11_18_1
t_30520	11_18_1
t_30521	11_18_1
t_30522	11_18_1
t_30523	11_18_1
t_30524	11_18_1
t_30525	11_18_1
t_30526	11_18_1
t_30527	11_18_1
t_30528	11_18_1
t_30529	11_18_1
t_30530	11_18_1
t_30531	11_18_1
t_30532	11_18_1
t_30533	11_18_1
t_30534	11_18_1
t_30535	11_18_1
t_30536	11_18_1
t_30537	11_18_1
t_30538	11_18_1
t_30539	11_18_1
t_30540	11_18_1
t_30541	11_18_1
t_30542	11_18_1
t_30543	11_18_1
t_30544	11_18_1
t_30545	11_18_1
t_30546	11_18_1
t_30547	11_18_1
t_30548	11_18_1
t_30549	11_18_1
t_30550	11_18_1
t_30551	11_18_1
t_30552	11_18_1
t_30553	11_18_1
t_30554	11_18_1
t_30555	11_18_1
t_30556	11_18_1
t_30557	11_18_1
t_30558	11_18_1
t_30559	11_18_1
t_30560	11_18_1
t_30561	11_18_1
t_30562	11_18_1
t_30563	11_18_1
t_30564	11_18_1
t_30565	11_18_1
t_30566	11_18_1
t_30567	11_18_2
t_30568	11_18_2
t_30569	11_18_2
t_30570	11_18_2
t_30571	11_18_2
t_30572	11_18_2
t_30573	11_18_2
t_30574	11_18_2
t_30575	11_18_2
t_30576	11_18_2
t_30577	11_18_2
t_30578	11_18_2
t_30579	11_18_2
t_30580	11_18_2
t_30581	11_18_2
t_30582	11_18_2
t_30583	11_18_2
t_30584	11_18_2
t_30585	11_18_2
t_30586	11_18_2
t_30587	11_18_2
t_30588	11_18_2
t_30589	11_18_2
t_30590	11_18_2
t_30591	11_18_2
t_30592	11_18_2
t_30593	11_18_2
t_30594	11_18_2
t_30595	11_18_2
t_30596	11_18_2
t_30597	11_18_2
t_30598	11_18_2
t_30599	11_18_2
t_30600	11_18_2
t_30601	11_18_2
t_30602	11_18_2
t_30603	11_18_2
t_30604	11_18_2
t_30605	11_18_2
t_30606	11_18_2
t_30607	11_18_2
t_30608	11_18_2
t_30609	11_18_2
t_30610	11_18_2
t_30611	11_18_2
t_30612	11_18_2
t_30613	11_18_2
t_30614	11_18_2
t_30615	11_18_2
t_30616	11_18_2
t_30617	11_18_2
t_30618	11_18_2
t_30619	11_18_2
t_30620	11_18_2
t_30621	11_18_2
t_30622	11_18_2
t_30623	11_18_2
t_30624	11_18_2
t_30625	11_18_2
t_30626	11_18_2
t_30627	11_18_2
t_30628	11_18_2
t_30629	11_18_2
t_30630	11_18_2
t_30631	11_18_2
t_30632	11_18_2
t_30633	11_18_2
t_30634	11_18_2
t_30635	11_18_2
t_30636	11_18_2
t_30637	11_18_2
t_30638	11_18_2
t_30639	11_18_2
t_30640	11_18_2
t_30641	11_18_2
t_30642	11_18_2
t_30643	11_18_2
t_30644	11_18_2
t_30645	11_18_2
t_30646	11_18_2
t_30647	11_18_2
t_30648	11_18_2
t_30649	11_18_2
t_30650	11_18_2
t_30651	11_18_2
t_30652	11_18_2
t_30653	11_18_2
t_30654	11_18_2
t_30655	11_18_2
t_30656	11_18_2
t_30657	11_18_2
t_30658	11_18_2
t_30659	11_18_2
t_30660	11_18_2
t_30661	11_18_2
t_30662	11_18_2
t_30663	11_18_2
t_30664	11_18_2
t_30665	11_18_3
t_30666	11_18_3
t_30667	11_18_3
t_30668	11_18_3
t_30669	11_18_3
t_30670	11_18_3
t_30671	11_18_3
t_30672	11_18_3
t_30673	11_18_3
t_30674	11_18_3
t_30675	11_18_3
t_30676	11_18_3
t_30677	11_18_3
t_30678	11_18_3
t_30679	11_18_3
t_30680	11_18_3
t_30681	11_18_3
t_30682	11_18_3
t_30683	11_18_3
t_30684	11_18_3
t_30685	11_18_3
t_30686	11_18_3
t_30687	11_18_3
t_30688	11_18_3
t_30689	11_18_3
t_30690	11_18_3
t_30691	11_18_3
t_30692	11_18_3
t_30693	11_18_3
t_30694	11_18_3
t_30695	11_18_3
t_30696	11_18_3
t_30697	11_18_3
t_30698	11_18_3
t_30699	11_18_3
t_30700	11_18_3
t_30701	11_18_3
t_30702	11_18_3
t_30703	11_18_3
t_30704	11_18_3
t_30705	11_18_3
t_30706	11_18_3
t_30707	11_18_3
t_30708	11_18_3
t_30709	11_18_3
t_30710	11_18_3
t_30711	11_18_3
t_30712	11_18_3
t_30713	11_18_3
t_30714	11_18_3
t_30715	11_18_3
t_30716	11_18_3
t_30717	11_18_3
t_30718	11_18_3
t_30719	11_18_3
t_30720	11_18_3
t_30721	11_18_3
t_30722	11_18_3
t_30723	11_18_3
t_30724	11_18_3
t_30725	11_18_3
t_30726	11_18_3
t_30727	11_18_3
t_30728	11_18_3
t_30729	11_18_3
t_30730	11_18_3
t_30731	11_18_3
t_30732	11_18_3
t_30733	11_18_3
t_30734	11_18_3
t_30735	11_18_3
t_30736	11_18_3
t_30737	11_18_3
t_30738	11_18_3
t_30739	11_18_3
t_30740	11_18_3
t_30741	11_18_3
t_30742	11_18_3
t_30743	11_18_3
t_30744	11_18_3
t_30745	11_18_3
t_30746	11_18_3
t_30747	11_18_3
t_30748	11_18_3
t_30749	11_18_3
t_30750	11_18_3
t_30751	11_18_3
t_30752	11_18_3
t_30753	11_18_3
t_30754	11_18_3
t_30755	11_18_3
t_30756	11_18_3
t_30757	11_18_3
t_30758	11_18_3
t_30759	11_18_3
t_30760	11_18_3
t_30761	11_18_3
t_30762	11_18_3
t_30763	11_18_3
t_30764	11_18_3
t_30765	11_18_3
t_30766	11_18_3
t_30767	11_18_3
t_30768	11_18_3
t_30769	11_18_3
t_30770	11_18_3
t_30771	11_18_3
t_30772	11_18_3
t_30773	11_18_3
t_30774	11_18_3
t_30775	11_18_3
t_30776	11_18_3
t_30777	11_18_3
t_30778	11_18_3
t_30779	11_18_3
t_30780	11_18_3
t_30781	11_18_3
t_30782	11_18_3
t_30783	11_18_4
t_30784	11_18_4
t_30785	11_18_4
t_30786	11_18_4
t_30787	11_18_4
t_30788	11_18_4
t_30789	11_18_4
t_30790	11_18_4
t_30791	11_18_4
t_30792	11_18_4
t_30793	11_18_4
t_30794	11_18_4
t_30795	11_18_4
t_30796	11_18_4
t_30797	11_18_4
t_30798	11_18_4
t_30799	11_18_4
t_30800	11_18_4
t_30801	11_18_4
t_30802	11_18_4
t_30803	11_18_4
t_30804	11_18_4
t_30805	11_18_4
t_30806	11_18_4
t_30807	11_18_4
t_30808	11_18_4
t_30809	11_18_4
t_30810	11_18_4
t_30811	11_18_4
t_30812	11_18_4
t_30813	11_18_4
t_30814	11_18_4
t_30815	11_18_4
t_30816	11_18_4
t_30817	11_18_4
t_30818	11_18_4
t_30819	11_18_4
t_30820	11_18_4
t_30821	11_18_4
t_30822	11_18_4
t_30823	11_18_4
t_30824	11_18_4
t_30825	11_18_4
t_30826	11_18_4
t_30827	11_18_4
t_30828	11_18_4
t_30829	11_18_4
t_30830	11_18_4
t_30831	11_18_4
t_30832	11_18_4
t_30833	11_18_4
t_30834	11_18_4
t_30835	11_18_4
t_30836	11_18_4
t_30837	11_18_4
t_30838	11_18_4
t_30839	11_18_4
t_30840	11_18_4
t_30841	11_18_4
t_30842	11_18_4
t_30843	11_18_4
t_30844	11_18_4
t_30845	11_18_4
t_30846	11_18_4
t_30847	11_18_4
t_30848	11_18_4
t_30849	11_18_4
t_30850	11_18_4
t_30851	11_18_4
t_30852	11_18_4
t_30853	11_18_4
t_30854	11_18_4
t_30855	11_18_4
t_30856	11_18_4
t_30857	11_18_4
t_30858	11_18_4
t_30859	11_18_4
t_30860	11_18_4
t_30861	11_18_4
t_30862	11_18_4
t_30863	11_18_4
t_30864	11_18_4
t_30865	11_18_4
t_30866	11_18_4
t_30867	11_18_4
t_30868	11_18_4
t_30869	11_18_4
t_30870	11_18_4
t_30871	11_18_4
t_30872	11_18_4
t_30873	11_18_4
t_30874	11_18_4
t_30875	11_18_4
t_30876	11_18_4
t_30877	11_18_4
t_30878	11_18_4
t_30879	11_18_4
t_30880	11_18_4
t_30881	11_18_4
t_30882	11_18_4
t_30883	11_18_4
t_30884	11_18_4
t_30885	11_18_4
t_30886	11_18_4
t_30887	11_18_4
t_30888	11_18_4
t_30889	11_18_4
t_30890	11_18_4
t_30891	11_18_4
t_30892	11_18_4
t_30893	11_18_4
t_30894	11_18_4
t_30895	11_18_4
t_30896	11_18_4
t_30897	11_18_4
t_30898	11_18_4
t_30899	11_18_4
t_30900	11_18_4
t_30901	11_18_4
t_30902	11_18_4
t_30903	11_18_4
t_30904	11_18_4
t_30905	11_18_4
t_30906	11_18_4
t_30907	11_18_4
t_30908	11_18_4
t_30909	11_18_4
t_30910	11_18_4
t_30911	11_18_4
t_30912	11_18_4
t_30913	11_18_4
t_30914	11_18_4
t_30915	11_18_4
t_30916	11_18_4
t_30917	11_18_4
t_30918	11_18_4
t_30919	11_18_4
t_30920	11_18_4
t_30921	11_18_4
t_30922	11_18_4
t_30923	11_18_4
t_30924	11_18_4
t_30925	11_18_4
t_30926	11_18_4
t_30927	11_18_4
t_30928	11_18_4
t_30929	11_18_4
t_30930	11_18_4
t_30931	11_18_4
t_30932	11_18_4
t_30933	11_18_4
t_30934	11_18_4
t_30935	11_18_4
t_30936	11_18_4
t_30937	11_18_5
t_30938	11_18_5
t_30939	11_18_5
t_30940	11_18_5
t_30941	11_18_5
t_30942	11_18_5
t_30943	11_18_5
t_30944	11_18_5
t_30945	11_18_5
t_30946	11_18_5
t_30947	11_18_5
t_30948	11_18_5
t_30949	11_18_5
t_30950	11_18_5
t_30951	11_18_5
t_30952	11_18_5
t_30953	11_18_5
t_30954	11_18_5
t_30955	11_18_5
t_30956	11_18_5
t_30957	11_18_5
t_30958	11_18_5
t_30959	11_18_5
t_30960	11_18_5
t_30961	11_18_5
t_30962	11_18_5
t_30963	11_18_5
t_30964	11_18_5
t_30965	11_18_5
t_30966	11_18_5
t_30967	11_18_5
t_30968	11_18_5
t_30969	11_18_5
t_30970	11_18_5
t_30971	11_18_5
t_30972	11_18_5
t_30973	11_18_5
t_30974	11_18_5
t_30975	11_18_5
t_30976	11_18_5
t_30977	11_18_5
t_30978	11_18_5
t_30979	11_18_5
t_30980	11_18_5
t_30981	11_18_5
t_30982	11_18_5
t_30983	11_18_5
t_30984	11_18_5
t_30985	11_18_5
t_30986	11_18_5
t_30987	11_18_5
t_30988	11_18_5
t_30989	11_18_5
t_30990	11_18_5
t_30991	11_18_5
t_30992	11_18_5
t_30993	11_18_5
t_30994	11_18_5
t_30995	11_18_5
t_30996	11_18_5
t_30997	11_18_5
t_30998	11_18_5
t_30999	11_18_5
t_31000	11_18_5
t_31001	11_18_5
t_31002	11_18_5
t_31003	11_18_5
t_31004	11_18_5
t_31005	11_18_5
t_31006	11_18_5
t_31007	11_18_5
t_31008	11_18_5
t_31009	11_18_5
t_31010	11_18_5
t_31011	11_18_5
t_31012	11_18_5
t_31013	11_18_5
t_31014	11_18_5
t_31015	11_18_5
t_31016	11_18_5
t_31017	11_18_5
t_31018	11_18_5
t_31019	11_18_5
t_31020	11_18_5
t_31021	11_18_5
t_31022	11_18_5
t_31023	11_18_5
t_31024	11_18_5
t_31025	11_18_5
t_31026	11_18_5
t_31027	11_18_5
t_31028	11_18_5
t_31029	11_18_5
t_31030	11_18_5
t_31031	11_18_5
t_31032	11_18_5
t_31033	11_18_5
t_31034	11_18_5
t_31035	11_18_5
t_31036	11_18_5
t_31037	11_18_5
t_31038	11_18_5
t_31039	11_18_6
t_31040	11_18_6
t_31041	11_18_6
t_31042	11_18_6
t_31043	11_18_6
t_31044	11_18_6
t_31045	11_18_6
t_31046	11_18_6
t_31047	11_18_6
t_31048	11_18_6
t_31049	11_18_6
t_31050	11_18_6
t_31051	11_18_6
t_31052	11_18_6
t_31053	11_18_6
t_31054	11_18_6
t_31055	11_18_6
t_31056	11_18_6
t_31057	11_18_6
t_31058	11_18_6
t_31059	11_18_6
t_31060	11_18_6
t_31061	11_18_6
t_31062	11_18_6
t_31063	11_18_6
t_31064	11_18_6
t_31065	11_18_6
t_31066	11_18_6
t_31067	11_18_6
t_31068	11_18_6
t_31069	11_18_6
t_31070	11_18_6
t_31071	11_18_6
t_31072	11_18_6
t_31073	11_18_6
t_31074	11_18_6
t_31075	11_18_6
t_31076	11_18_6
t_31077	11_18_6
t_31078	11_18_6
t_31079	11_18_6
t_31080	11_18_6
t_31081	11_18_6
t_31082	11_18_6
t_31083	11_19_1
t_31084	11_19_1
t_31085	11_19_1
t_31086	11_19_1
t_31087	11_19_1
t_31088	11_19_1
t_31089	11_19_1
t_31090	11_19_1
t_31091	11_19_1
t_31092	11_19_1
t_31093	11_19_1
t_31094	11_19_1
t_31095	11_19_1
t_31096	11_19_1
t_31097	11_19_1
t_31098	11_19_1
t_31099	11_19_1
t_31100	11_19_1
t_31101	11_19_1
t_31102	11_19_1
t_31103	11_19_1
t_31104	11_19_1
t_31105	11_19_1
t_31106	11_19_1
t_31107	11_19_1
t_31108	11_19_1
t_31109	11_19_1
t_31110	11_19_1
t_31111	11_19_1
t_31112	11_19_1
t_31113	11_19_1
t_31114	11_19_1
t_31115	11_19_1
t_31116	11_19_1
t_31117	11_19_1
t_31118	11_19_1
t_31119	11_19_1
t_31120	11_19_1
t_31121	11_19_1
t_31122	11_19_1
t_31123	11_19_1
t_31124	11_19_1
t_31125	11_19_1
t_31126	11_19_1
t_31127	11_19_1
t_31128	11_19_1
t_31129	11_19_1
t_31130	11_19_1
t_31131	11_19_1
t_31132	11_19_1
t_31133	11_19_1
t_31134	11_19_1
t_31135	11_19_1
t_31136	11_19_1
t_31137	11_19_1
t_31138	11_19_1
t_31139	11_19_1
t_31140	11_19_1
t_31141	11_19_1
t_31142	11_19_1
t_31143	11_19_1
t_31144	11_19_1
t_31145	11_19_1
t_31146	11_19_1
t_31147	11_19_1
t_31148	11_19_1
t_31149	11_19_1
t_31150	11_19_1
t_31151	11_19_1
t_31152	11_19_1
t_31153	11_19_1
t_31154	11_19_1
t_31155	11_19_1
t_31156	11_19_1
t_31157	11_19_1
t_31158	11_19_1
t_31159	11_19_1
t_31160	11_19_1
t_31161	11_19_1
t_31162	11_19_1
t_31163	11_19_1
t_31164	11_20_1
t_31165	11_20_1
t_31166	11_20_1
t_31167	11_20_1
t_31168	11_20_1
t_31169	11_20_1
t_31170	11_20_1
t_31171	11_20_1
t_31172	11_20_1
t_31173	11_20_1
t_31174	11_20_1
t_31175	11_20_1
t_31176	11_20_1
t_31177	11_20_1
t_31178	11_20_1
t_31179	11_20_1
t_31180	11_20_1
t_31181	11_20_1
t_31182	11_20_1
t_31183	11_20_1
t_31184	11_20_1
t_31185	11_20_1
t_31186	11_20_1
t_31187	11_20_1
t_31188	11_20_1
t_31189	11_20_1
t_31190	11_20_1
t_31191	11_20_1
t_31192	11_20_1
t_31193	11_20_1
t_31194	11_20_1
t_31195	11_20_1
t_31196	11_20_1
t_31197	11_20_1
t_31198	11_20_1
t_31199	11_20_1
t_31200	11_20_1
t_31201	11_20_1
t_31202	11_20_1
t_31203	11_20_1
t_31204	11_20_1
t_31205	11_20_1
t_31206	11_20_1
t_31207	11_20_1
t_31208	11_20_1
t_31209	11_20_1
t_31210	11_20_1
t_31211	11_20_1
t_31212	11_20_1
t_31213	11_20_1
t_31214	11_20_1
t_31215	11_20_1
t_31216	11_20_1
t_31217	11_20_1
t_31218	11_20_1
t_31219	11_20_1
t_31220	11_20_1
t_31221	11_20_1
t_31222	11_20_1
t_31223	11_20_1
t_31224	11_20_1
t_31225	11_20_1
t_31226	11_20_1
t_31227	11_20_1
t_31228	11_20_1
t_31229	11_20_1
t_31230	11_20_1
t_31231	11_20_1
t_31232	11_20_1
t_31233	11_20_1
t_31234	11_20_1
t_31235	11_20_1
t_31236	11_20_1
t_31237	11_20_1
t_31238	11_20_1
t_31239	11_20_1
t_31240	11_20_1
t_31241	11_20_1
t_31242	11_20_1
t_31243	11_20_1
t_31244	11_20_1
t_31245	11_20_2
t_31246	11_20_2
t_31247	11_20_2
t_31248	11_20_2
t_31249	11_20_2
t_31250	11_20_2
t_31251	11_20_2
t_31252	11_20_2
t_31253	11_20_2
t_31254	11_20_2
t_31255	11_20_2
t_31256	11_20_2
t_31257	11_20_2
t_31258	11_20_2
t_31259	11_20_2
t_31260	11_20_2
t_31261	11_20_2
t_31262	11_20_2
t_31263	11_20_2
t_31264	11_20_2
t_31265	11_20_2
t_31266	11_20_2
t_31267	11_20_2
t_31268	11_20_2
t_31269	11_20_2
t_31270	11_20_2
t_31271	11_20_2
t_31272	11_20_2
t_31273	11_20_2
t_31274	11_20_2
t_31275	11_20_2
t_31276	11_20_2
t_31277	11_20_2
t_31278	11_20_2
t_31279	11_20_2
t_31280	11_20_2
t_31281	11_20_2
t_31282	11_20_2
t_31283	11_20_2
t_31284	11_20_2
t_31285	11_20_2
t_31286	11_20_2
t_31287	11_20_2
t_31288	11_20_2
t_31289	11_20_2
t_31290	11_20_2
t_31291	11_20_2
t_31292	11_20_2
t_31293	11_20_2
t_31294	11_20_2
t_31295	11_20_2
t_31296	11_20_2
t_31297	11_20_2
t_31298	11_20_2
t_31299	11_20_2
t_31300	11_20_2
t_31301	11_20_2
t_31302	11_20_2
t_31303	11_20_2
t_31304	11_20_2
t_31305	11_20_2
t_31306	11_20_2
t_31307	11_20_2
t_31308	11_20_2
t_31309	11_20_2
t_31310	11_20_2
t_31311	11_20_2
t_31312	11_20_2
t_31313	11_20_2
t_31314	11_20_2
t_31315	11_20_2
t_31316	11_20_2
t_31317	11_20_2
t_31318	11_20_2
t_31319	11_20_2
t_31320	11_20_2
t_31321	11_20_2
t_31322	11_20_2
t_31323	11_20_2
t_31324	11_20_2
t_31325	11_20_2
t_31326	11_20_2
t_31327	11_20_2
t_31328	11_20_2
t_31329	11_20_2
t_31330	11_20_2
t_31331	11_20_2
t_31332	11_20_2
t_31333	11_20_2
t_31334	11_20_2
t_31335	11_20_2
t_31336	11_20_2
t_31337	11_20_2
t_31338	11_20_2
t_31339	11_20_2
t_31340	11_20_2
t_31341	11_20_2
t_31342	11_20_2
t_31343	11_20_2
t_31344	11_20_2
t_31345	11_20_2
t_31346	11_20_2
t_31347	11_20_2
t_31348	11_20_2
t_31349	11_20_2
t_31350	11_20_2
t_31351	11_20_2
t_31352	11_20_2
t_31353	11_20_2
t_31354	11_20_2
t_31355	11_21_1
t_31356	11_21_1
t_31357	11_21_1
t_31358	11_21_1
t_31359	11_21_1
t_31360	11_21_1
t_31361	11_21_1
t_31362	11_21_1
t_31363	11_21_1
t_31364	11_21_1
t_31365	11_21_1
t_31366	11_21_1
t_31367	11_21_1
t_31368	11_21_1
t_31369	11_21_1
t_31370	11_21_1
t_31371	11_21_1
t_31372	11_21_1
t_31373	11_21_1
t_31374	11_21_1
t_31375	11_21_1
t_31376	11_21_1
t_31377	11_21_1
t_31378	11_21_1
t_31379	11_21_1
t_31380	11_21_1
t_31381	11_21_1
t_31382	11_21_1
t_31383	11_21_1
t_31384	11_21_1
t_31385	11_21_1
t_31386	11_21_1
t_31387	11_21_1
t_31388	11_21_1
t_31389	11_21_1
t_31390	11_21_1
t_31391	11_21_1
t_31392	11_21_1
t_31393	11_21_1
t_31394	11_21_1
t_31395	11_21_1
t_31396	11_21_1
t_31397	11_21_1
t_31398	11_21_1
t_31399	11_21_1
t_31400	11_21_1
t_31401	11_21_1
t_31402	11_21_1
t_31403	11_21_1
t_31404	11_21_1
t_31405	11_21_1
t_31406	11_21_1
t_31407	11_21_1
t_31408	11_21_1
t_31409	11_21_1
t_31410	11_21_1
t_31411	11_21_1
t_31412	11_21_1
t_31413	11_21_1
t_31414	11_21_1
t_31415	11_21_1
t_31416	11_21_1
t_31417	11_21_1
t_31418	11_21_1
t_31419	11_21_1
t_31420	11_21_1
t_31421	11_21_1
t_31422	11_21_1
t_31423	11_21_1
t_31424	11_21_1
t_31425	11_21_1
t_31426	11_21_1
t_31427	11_21_1
t_31428	11_21_1
t_31429	11_21_1
t_31430	11_21_1
t_31431	11_21_1
t_31432	11_21_1
t_31433	11_21_1
t_31434	11_21_1
t_31435	11_21_1
t_31436	11_21_1
t_31437	11_21_1
t_31438	11_21_1
t_31439	11_21_1
t_31440	11_21_1
t_31441	11_21_1
t_31442	11_21_1
t_31443	11_21_1
t_31444	11_21_1
t_31445	11_21_1
t_31446	11_21_1
t_31447	11_21_1
t_31448	11_21_1
t_31449	11_21_1
t_31450	11_21_1
t_31451	11_21_1
t_31452	11_21_1
t_31453	11_21_1
t_31454	11_21_1
t_31455	11_21_1
t_31456	11_21_1
t_31457	11_22_1
t_31458	11_22_1
t_31459	11_22_1
t_31460	11_22_1
t_31461	11_22_1
t_31462	11_22_1
t_31463	11_22_1
t_31464	11_22_1
t_31465	11_22_1
t_31466	11_22_1
t_31467	11_22_1
t_31468	11_22_1
t_31469	11_22_1
t_31470	11_22_1
t_31471	11_23_1
t_31472	11_23_1
t_31473	11_23_1
t_31474	11_23_1
t_31475	11_23_1
t_31476	11_23_1
t_31477	11_23_1
t_31478	11_23_1
t_31479	11_23_1
t_31480	11_23_1
t_31481	11_23_1
t_31482	11_23_1
t_31483	11_24_1
t_31484	11_24_1
t_31485	11_24_1
t_31486	11_24_1
t_31487	11_24_1
t_31488	11_24_1
t_31489	11_24_1
t_31490	11_24_1
t_31491	11_24_1
t_31492	11_24_1
t_31493	11_24_1
t_31494	11_24_1
t_31495	11_24_1
t_31496	11_24_1
t_31497	11_24_1
t_31498	11_24_1
t_31499	11_24_1
t_31500	11_24_1
t_31501	11_24_1
t_31502	11_24_1
t_31503	11_24_1
t_31504	11_25_1
t_31505	11_25_1
t_31506	11_25_1
t_31507	11_25_1
t_31508	11_25_1
t_31509	11_25_1
t_31510	11_25_1
t_31511	11_25_1
t_31512	11_25_1
t_31513	11_25_1
t_31514	11_25_1
t_31515	11_25_1
t_31516	11_25_1
t_31517	11_25_1
t_31518	11_25_1
t_31519	11_25_1
t_31520	11_25_1
t_31521	11_25_1
t_31522	11_25_1
t_31523	11_25_1
t_31524	11_25_1
t_31525	11_25_1
t_31526	11_25_1
t_31527	11_25_1
t_31528	11_25_1
t_31529	11_25_1
t_31530	11_25_1
t_31531	11_25_1
t_31532	11_25_1
t_31533	11_25_1
t_31534	11_25_1
t_31535	11_26_1
t_31536	11_26_1
t_31537	11_26_1
t_31538	11_26_1
t_31539	11_26_1
t_31540	11_26_1
t_31541	11_26_1
t_31542	11_26_1
t_31543	11_26_1
t_31544	11_26_1
t_31545	11_26_1
t_31546	11_26_1
t_31547	11_26_1
t_31548	11_26_1
t_31549	11_26_1
t_31550	11_26_1
t_31551	11_27_1
t_31552	11_27_1
t_31553	11_27_1
t_31554	11_27_1
t_31555	11_27_1
t_31556	11_27_1
t_31557	11_27_1
t_31558	11_27_1
t_31559	11_27_1
t_31560	11_27_1
t_31561	11_27_1
t_31562	11_27_1
t_31563	11_27_1
t_31564	11_27_1
t_31565	11_27_1
t_31566	11_27_1
t_31567	11_27_1
t_31568	11_27_1
t_31569	11_27_1
t_31570	11_27_1
t_31571	11_27_1
t_31572	11_27_1
t_31573	11_27_1
t_31574	11_27_1
t_31575	11_27_1
t_31576	11_27_1
t_31577	11_27_1
t_31578	11_27_1
t_31579	11_27_1
t_31580	11_27_1
t_31581	11_27_1
t_31582	11_27_1
t_31583	11_27_1
t_31584	11_27_1
t_31585	11_27_1
t_31586	11_27_1
t_31587	11_27_1
t_31588	11_28_1
t_31589	11_28_1
t_31590	11_28_1
t_31591	11_28_1
t_31592	11_28_1
t_31593	11_28_1
t_31594	11_28_1
t_31595	11_28_1
t_31596	11_28_1
t_31597	11_28_1
t_31598	11_28_1
t_31599	11_28_1
t_31600	11_28_1
t_31601	11_28_1
t_31602	11_28_1
t_31603	11_28_1
t_31604	11_28_1
t_31605	11_28_1
t_31606	11_28_1
t_31607	11_28_1
t_31608	11_28_1
t_31609	11_28_1
t_31610	11_28_1
t_31611	11_28_1
t_31612	11_28_1
t_31613	11_28_1
t_31614	11_28_1
t_31615	11_28_1
t_31616	11_28_1
t_31617	11_28_1
t_31618	11_28_1
t_31619	11_28_1
t_31620	11_28_1
t_31621	11_29_1
t_31622	11_29_1
t_31623	11_29_1
t_31624	11_29_1
t_31625	11_29_1
t_31626	11_29_1
t_31627	11_29_1
t_31628	11_29_1
t_31629	11_29_1
t_31630	11_29_1
t_31631	11_29_1
t_31632	11_29_1
t_31633	11_29_1
t_31634	11_29_1
t_31635	11_29_1
t_31636	11_29_1
t_31637	11_29_1
t_31638	11_29_1
t_31639	11_30_1
t_31640	11_30_1
t_31641	11_30_1
t_31642	11_30_1
t_31643	11_30_1
t_31644	11_30_1
t_31645	11_30_1
t_31646	11_30_1
t_31647	11_31_1
t_31648	11_31_1
t_31649	11_31_1
t_31650	11_31_1
t_31651	11_31_1
t_31652	11_31_1
t_31653	11_32_1
t_31654	11_32_1
t_31655	11_32_1
t_31656	11_32_1
t_31657	11_32_1
t_31658	11_32_1
t_31659	11_32_1
t_31660	11_33_1
t_31661	11_33_1
t_31662	11_33_1
t_31663	11_33_1
t_31664	11_33_1
t_31665	11_33_1
t_31666	11_33_1
t_31667	11_33_1
t_31668	11_33_1
t_31669	11_33_1
t_31670	11_33_1
t_31671	11_33_1
t_31672	11_33_1
t_31673	11_33_1
t_31674	11_33_1
t_31675	11_34_1
t_31676	11_34_1
t_31677	11_34_1
t_31678	11_34_1
t_31679	11_34_1
t_31680	11_34_1
t_31681	11_34_1
t_31682	11_34_1
t_31683	11_34_1
t_31684	11_34_1
t_31685	11_34_1
t_31686	11_34_1
t_31687	11_34_1
t_31688	11_34_1
t_31689	11_34_1
t_31690	11_34_1
t_31691	11_34_1
t_31692	11_34_1
t_31693	11_34_1
t_31694	11_34_1
t_31695	11_34_1
t_31696	11_34_1
t_31697	11_34_1
t_31698	11_34_1
t_31699	11_34_1
t_31700	11_34_1
t_31701	11_34_1
t_31702	11_34_1
t_31703	11_34_1
t_31704	11_34_1
t_31705	11_34_1
t_31706	11_34_1
t_31707	11_34_1
t_31708	11_34_1
t_31709	11_34_1
t_31710	11_34_1
t_31711	11_34_1
t_31712	11_34_1
t_31713	11_34_1
t_31714	11_35_1
t_31715	11_35_1
t_31716	11_35_1
t_31717	11_35_1
t_31718	11_35_1
t_31719	11_35_1
t_31720	11_35_1
t_31721	11_35_1
t_31722	11_35_1
t_31723	11_35_1
t_31724	11_35_1
t_31725	11_35_1
t_31726	11_35_1
t_31727	11_35_1
t_31728	11_35_1
t_31729	11_35_1
t_31730	11_35_1
t_31731	11_35_1
t_31732	11_35_1
t_31733	11_35_1
t_31734	11_35_1
t_31735	11_35_1
t_31736	11_36_1
t_31737	11_36_1
t_31738	11_36_1
t_31739	11_36_1
t_31740	11_36_1
t_31741	11_36_1
t_31742	11_36_1
t_31743	11_36_1
t_31744	11_36_1
t_31745	11_37_1
t_31746	11_37_1
t_31747	11_37_1
t_31748	11_37_1
t_31749	11_37_1
t_31750	11_37_1
t_31751	11_37_1
t_31752	11_37_1
t_31753	11_37_1
t_31754	11_37_1
t_31755	11_37_1
t_31756	11_37_1
t_31757	11_37_1
t_31758	11_37_1
t_31759	11_37_1
t_31760	11_37_1
t_31761	11_37_1
t_31762	11_37_1
t_31763	11_37_1
t_31764	11_37_1
t_31765	11_37_1
t_31766	11_37_1
t_31767	11_37_1
t_31768	11_37_1
t_31769	11_37_1
t_31770	11_37_1
t_31771	11_37_1
t_31772	11_37_1
t_31773	11_37_1
t_31774	11_37_1
t_31775	11_37_1
t_31776	11_37_1
t_31777	11_37_1
t_31778	11_37_1
t_31779	11_37_1
t_31780	11_37_1
t_31781	11_37_1
t_31782	11_37_1
t_31783	11_37_1
t_31784	11_37_1
t_31785	11_37_1
t_31786	11_37_1
t_31787	11_37_1
t_31788	11_37_1
t_31789	11_37_1
t_31790	11_37_1
t_31791	11_37_1
t_31792	11_38_1
t_31793	11_38_1
t_31794	11_38_1
t_31795	11_38_1
t_31796	11_38_1
t_31797	11_38_1
t_31798	11_38_1
t_31799	11_38_1
t_31800	11_38_1
t_31801	11_38_1
t_31802	11_38_1
t_31803	11_38_1
t_31804	11_38_1
t_31805	11_38_1
t_31806	11_38_1
t_31807	11_38_1
t_31808	11_38_1
t_31809	11_38_1
t_31810	11_38_1
t_31811	11_39_1
t_31812	11_39_1
t_31813	11_39_1
t_31814	11_39_1
t_31815	11_39_1
t_31816	11_39_1
t_31817	11_39_1
t_31818	11_39_1
t_31819	11_39_1
t_31820	11_39_1
t_31821	11_39_1
t_31822	11_39_1
t_31823	11_39_1
t_31824	11_39_1
t_31825	11_39_1
t_31826	11_39_1
t_31827	11_39_1
t_31828	11_39_1
t_31829	11_39_1
t_31830	11_39_1
t_31831	11_39_1
t_31832	11_39_1
t_31833	11_39_1
t_31834	11_39_1
t_31835	11_39_1
t_31836	11_39_1
t_31837	11_39_1
t_31838	11_39_1
t_31839	11_39_1
t_31840	11_39_1
t_31841	11_39_1
t_31842	11_39_1
t_31843	11_39_1
t_31844	11_39_1
t_31845	11_39_1
t_31846	11_39_1
t_31847	11_39_1
t_31848	11_39_1
t_31849	11_39_1
t_31850	11_39_1
t_31851	11_39_1
t_31852	11_39_1
t_31853	11_39_1
t_31854	11_39_1
t_31855	12_1_1
t_31856	12_1_1
t_31857	12_1_1
t_31858	12_1_1
t_31859	12_1_1
t_31860	12_1_1
t_31861	12_1_1
t_31862	12_1_1
t_31863	12_1_1
t_31864	12_1_1
t_31865	12_1_1
t_31866	12_1_1
t_31867	12_1_1
t_31868	12_1_1
t_31869	12_1_1
t_31870	12_1_1
t_31871	12_1_1
t_31872	12_1_1
t_31873	12_1_1
t_31874	12_1_1
t_31875	12_1_1
t_31876	12_1_1
t_31877	12_1_1
t_31878	12_1_1
t_31879	12_1_1
t_31880	12_1_1
t_31881	12_1_1
t_31882	12_1_1
t_31883	12_1_1
t_31884	12_1_1
t_31885	12_1_1
t_31886	12_1_1
t_31887	12_1_1
t_31888	12_1_1
t_31889	12_1_1
t_31890	12_1_1
t_31891	12_1_1
t_31892	12_1_1
t_31893	12_1_1
t_31894	12_1_1
t_31895	12_1_1
t_31896	12_1_1
t_31897	12_1_1
t_31898	12_1_1
t_31899	12_1_1
t_31900	12_1_1
t_31901	12_1_1
t_31902	12_1_1
t_31903	12_1_1
t_31904	12_1_1
t_31905	12_1_1
t_31906	12_1_1
t_31907	12_1_1
t_31908	12_1_1
t_31909	12_1_1
t_31910	12_1_1
t_31911	12_1_1
t_31912	12_1_1
t_31913	12_1_1
t_31914	12_1_1
t_31915	12_1_1
t_31916	12_1_1
t_31917	12_1_1
t_31918	12_1_1
t_31919	12_1_1
t_31920	12_1_1
t_31921	12_1_1
t_31922	12_1_1
t_31923	12_1_1
t_31924	12_1_1
t_31925	12_1_1
t_31926	12_1_1
t_31927	12_1_1
t_31928	12_1_1
t_31929	12_1_1
t_31930	12_1_1
t_31931	12_1_1
t_31932	12_1_1
t_31933	12_1_1
t_31934	12_1_1
t_31935	12_1_1
t_31936	12_1_1
t_31937	12_1_1
t_31938	12_1_1
t_31939	12_1_1
t_31940	12_1_1
t_31941	12_1_1
t_31942	12_1_1
t_31943	12_1_1
t_31944	12_1_1
t_31945	12_1_1
t_31946	12_1_1
t_31947	12_1_1
t_31948	12_1_1
t_31949	12_1_1
t_31950	12_1_1
t_31951	12_1_1
t_31952	12_1_1
t_31953	12_1_1
t_31954	12_1_1
t_31955	12_1_1
t_31956	12_1_1
t_31957	12_1_1
t_31958	12_1_1
t_31959	12_1_1
t_31960	12_1_1
t_31961	12_1_1
t_31962	12_1_1
t_31963	12_1_1
t_31964	12_1_1
t_31965	12_1_1
t_31966	12_1_2
t_31967	12_1_2
t_31968	12_1_2
t_31969	12_1_2
t_31970	12_1_2
t_31971	12_1_2
t_31972	12_1_2
t_31973	12_1_2
t_31974	12_1_2
t_31975	12_1_2
t_31976	12_1_2
t_31977	12_1_2
t_31978	12_1_2
t_31979	12_1_2
t_31980	12_1_2
t_31981	12_1_2
t_31982	12_1_2
t_31983	12_1_2
t_31984	12_1_2
t_31985	12_1_2
t_31986	12_1_2
t_31987	12_1_2
t_31988	12_1_2
t_31989	12_1_2
t_31990	12_1_2
t_31991	12_1_2
t_31992	12_1_2
t_31993	12_1_2
t_31994	12_1_2
t_31995	12_1_2
t_31996	12_1_2
t_31997	12_1_2
t_31998	12_1_2
t_31999	12_1_2
t_32000	12_1_2
t_32001	12_1_2
t_32002	12_1_2
t_32003	12_1_2
t_32004	12_1_2
t_32005	12_1_2
t_32006	12_1_2
t_32007	12_1_2
t_32008	12_1_2
t_32009	12_1_2
t_32010	12_1_2
t_32011	12_1_2
t_32012	12_1_2
t_32013	12_1_2
t_32014	12_1_2
t_32015	12_1_2
t_32016	12_1_2
t_32017	12_1_2
t_32018	12_1_2
t_32019	12_1_2
t_32020	12_1_2
t_32021	12_1_2
t_32022	12_1_2
t_32023	12_1_2
t_32024	12_1_2
t_32025	12_1_2
t_32026	12_1_2
t_32027	12_1_2
t_32028	12_1_2
t_32029	12_1_2
t_32030	12_1_2
t_32031	12_1_2
t_32032	12_1_2
t_32033	12_1_2
t_32034	12_2_1
t_32035	12_2_1
t_32036	12_2_1
t_32037	12_2_1
t_32038	12_2_1
t_32039	12_2_1
t_32040	12_2_1
t_32041	12_2_1
t_32042	12_2_1
t_32043	12_2_1
t_32044	12_2_1
t_32045	12_2_1
t_32046	12_2_1
t_32047	12_2_1
t_32048	12_2_1
t_32049	12_2_1
t_32050	12_2_1
t_32051	12_2_1
t_32052	12_2_1
t_32053	12_2_1
t_32054	12_2_1
t_32055	12_2_1
t_32056	12_2_1
t_32057	12_2_1
t_32058	12_2_1
t_32059	12_2_1
t_32060	12_2_1
t_32061	12_2_1
t_32062	12_2_1
t_32063	12_2_1
t_32064	12_2_1
t_32065	12_2_1
t_32066	12_2_1
t_32067	12_2_1
t_32068	12_2_1
t_32069	12_2_1
t_32070	12_2_1
t_32071	12_2_1
t_32072	12_2_1
t_32073	12_2_1
t_32074	12_2_1
t_32075	12_2_1
t_32076	12_2_1
t_32077	12_2_1
t_32078	12_2_1
t_32079	12_2_1
t_32080	12_2_1
t_32081	12_2_1
t_32082	12_2_1
t_32083	12_2_1
t_32084	12_2_1
t_32085	12_2_1
t_32086	12_2_1
t_32087	12_2_1
t_32088	12_2_1
t_32089	12_2_1
t_32090	12_2_1
t_32091	12_2_1
t_32092	12_2_1
t_32093	12_2_1
t_32094	12_2_1
t_32095	12_2_1
t_32096	12_2_1
t_32097	12_2_1
t_32098	12_2_1
t_32099	12_2_1
t_32100	12_2_1
t_32101	12_2_1
t_32102	12_2_1
t_32103	12_2_1
t_32104	12_2_1
t_32105	12_3_1
t_32106	12_3_1
t_32107	12_3_1
t_32108	12_3_1
t_32109	12_3_1
t_32110	12_3_1
t_32111	12_3_1
t_32112	12_3_1
t_32113	12_3_1
t_32114	12_3_1
t_32115	12_3_1
t_32116	12_3_1
t_32117	12_3_1
t_32118	12_3_1
t_32119	12_3_1
t_32120	12_3_1
t_32121	12_3_1
t_32122	12_3_1
t_32123	12_3_1
t_32124	12_3_1
t_32125	12_3_1
t_32126	12_3_1
t_32127	12_3_1
t_32128	12_3_1
t_32129	12_3_1
t_32130	12_3_1
t_32131	12_3_1
t_32132	12_3_1
t_32133	12_3_1
t_32134	12_3_1
t_32135	12_3_1
t_32136	12_3_1
t_32137	12_3_1
t_32138	12_3_1
t_32139	12_3_1
t_32140	12_3_1
t_32141	12_3_1
t_32142	12_3_1
t_32143	12_3_1
t_32144	12_3_1
t_32145	12_3_1
t_32146	12_3_1
t_32147	12_3_1
t_32148	12_3_1
t_32149	12_3_1
t_32150	12_3_1
t_32151	12_3_1
t_32152	12_3_1
t_32153	12_3_1
t_32154	12_3_1
t_32155	12_3_1
t_32156	12_3_1
t_32157	12_3_1
t_32158	12_3_1
t_32159	12_3_1
t_32160	12_3_1
t_32161	12_3_1
t_32162	12_3_1
t_32163	12_3_1
t_32164	12_3_1
t_32165	12_3_1
t_32166	12_3_1
t_32167	12_3_1
t_32168	12_3_1
t_32169	12_3_1
t_32170	12_3_1
t_32171	12_3_1
t_32172	12_3_1
t_32173	12_3_1
t_32174	12_3_1
t_32175	12_3_1
t_32176	12_3_1
t_32177	12_3_1
t_32178	12_3_1
t_32179	12_3_1
t_32180	12_3_1
t_32181	12_3_1
t_32182	12_3_1
t_32183	12_3_1
t_32184	12_3_1
t_32185	12_3_1
t_32186	12_3_1
t_32187	12_3_1
t_32188	12_3_1
t_32189	12_3_1
t_32190	12_3_1
t_32191	12_3_1
t_32192	12_3_1
t_32193	12_3_1
t_32194	12_3_1
t_32195	12_3_1
t_32196	12_3_1
t_32197	12_3_1
t_32198	12_3_1
t_32199	12_3_1
t_32200	12_3_1
t_32201	12_3_1
t_32202	12_3_1
t_32203	12_3_1
t_32204	12_3_1
t_32205	12_3_1
t_32206	12_3_1
t_32207	12_3_1
t_32208	12_3_1
t_32209	12_3_1
t_32210	12_3_2
t_32211	12_3_2
t_32212	12_3_2
t_32213	12_3_2
t_32214	12_3_2
t_32215	12_3_2
t_32216	12_3_2
t_32217	12_3_2
t_32218	12_3_2
t_32219	12_3_2
t_32220	12_3_2
t_32221	12_3_2
t_32222	12_3_2
t_32223	12_3_2
t_32224	12_3_2
t_32225	12_3_2
t_32226	12_3_2
t_32227	12_3_2
t_32228	12_3_2
t_32229	12_3_2
t_32230	12_3_2
t_32231	12_3_2
t_32232	12_3_2
t_32233	12_3_2
t_32234	12_3_2
t_32235	12_3_2
t_32236	12_3_2
t_32237	12_3_2
t_32238	12_3_2
t_32239	12_3_2
t_32240	12_3_2
t_32241	12_3_2
t_32242	12_3_2
t_32243	12_3_2
t_32244	12_3_2
t_32245	12_3_2
t_32246	12_3_2
t_32247	12_3_2
t_32248	12_3_2
t_32249	12_3_2
t_32250	12_3_2
t_32251	12_3_2
t_32252	12_3_2
t_32253	12_3_2
t_32254	12_3_2
t_32255	12_3_2
t_32256	12_3_2
t_32257	12_3_2
t_32258	12_3_2
t_32259	12_3_2
t_32260	12_3_2
t_32261	12_3_2
t_32262	12_3_2
t_32263	12_3_2
t_32264	12_3_2
t_32265	12_3_2
t_32266	12_3_2
t_32267	12_3_2
t_32268	12_3_2
t_32269	12_3_2
t_32270	12_3_2
t_32271	12_3_2
t_32272	12_4_1
t_32273	12_4_1
t_32274	12_4_1
t_32275	12_4_1
t_32276	12_4_1
t_32277	12_4_1
t_32278	12_4_1
t_32279	12_4_1
t_32280	12_4_1
t_32281	12_4_1
t_32282	12_4_1
t_32283	12_4_1
t_32284	12_4_1
t_32285	12_4_1
t_32286	12_4_1
t_32287	12_4_1
t_32288	12_4_1
t_32289	12_4_1
t_32290	12_4_1
t_32291	12_4_1
t_32292	12_4_1
t_32293	12_4_1
t_32294	12_4_1
t_32295	12_4_1
t_32296	12_4_1
t_32297	12_4_1
t_32298	12_4_1
t_32299	12_4_1
t_32300	12_4_1
t_32301	12_4_1
t_32302	12_4_1
t_32303	12_4_1
t_32304	12_4_1
t_32305	12_4_1
t_32306	12_4_1
t_32307	12_4_1
t_32308	12_4_1
t_32309	12_4_1
t_32310	12_4_1
t_32311	12_4_1
t_32312	12_4_1
t_32313	12_4_1
t_32314	12_4_1
t_32315	12_4_1
t_32316	12_4_1
t_32317	12_4_1
t_32318	12_4_1
t_32319	12_4_1
t_32320	12_4_1
t_32321	12_4_1
t_32322	12_4_1
t_32323	12_4_1
t_32324	12_4_1
t_32325	12_4_1
t_32326	12_4_1
t_32327	12_4_1
t_32328	12_4_1
t_32329	12_4_1
t_32330	12_4_1
t_32331	12_4_1
t_32332	12_4_1
t_32333	12_4_1
t_32334	12_4_1
t_32335	12_4_1
t_32336	12_4_1
t_32337	12_4_1
t_32338	12_4_1
t_32339	12_4_1
t_32340	12_4_1
t_32341	12_4_1
t_32342	12_5_1
t_32343	12_5_1
t_32344	12_5_1
t_32345	12_5_1
t_32346	12_5_1
t_32347	12_5_1
t_32348	12_5_1
t_32349	12_5_1
t_32350	12_5_1
t_32351	12_5_1
t_32352	12_5_1
t_32353	12_5_1
t_32354	12_5_1
t_32355	12_5_1
t_32356	12_5_1
t_32357	12_5_1
t_32358	12_5_1
t_32359	12_5_1
t_32360	12_5_1
t_32361	12_5_1
t_32362	12_5_1
t_32363	12_5_1
t_32364	12_5_1
t_32365	12_5_1
t_32366	12_5_1
t_32367	12_5_1
t_32368	12_5_1
t_32369	12_5_1
t_32370	12_5_1
t_32371	12_5_1
t_32372	12_5_1
t_32373	12_5_1
t_32374	12_5_1
t_32375	12_5_1
t_32376	12_5_1
t_32377	12_5_1
t_32378	12_5_1
t_32379	12_5_1
t_32380	12_5_1
t_32381	12_5_1
t_32382	12_5_1
t_32383	12_5_1
t_32384	12_5_1
t_32385	12_5_1
t_32386	12_5_1
t_32387	12_5_1
t_32388	12_5_1
t_32389	12_5_1
t_32390	12_5_1
t_32391	12_5_1
t_32392	12_5_1
t_32393	12_5_1
t_32394	12_5_1
t_32395	12_5_1
t_32396	12_5_1
t_32397	12_5_1
t_32398	12_5_1
t_32399	12_5_1
t_32400	12_5_1
t_32401	12_5_1
t_32402	12_5_1
t_32403	12_5_1
t_32404	12_5_1
t_32405	12_5_1
t_32406	12_5_1
t_32407	12_5_1
t_32408	12_5_1
t_32409	12_5_1
t_32410	12_5_1
t_32411	12_5_1
t_32412	12_5_1
t_32413	12_5_1
t_32414	12_5_1
t_32415	12_5_1
t_32416	12_5_1
t_32417	12_5_1
t_32418	12_5_1
t_32419	12_5_1
t_32420	12_5_1
t_32421	12_5_1
t_32422	12_5_1
t_32423	12_5_1
t_32424	12_5_1
t_32425	12_5_1
t_32426	12_5_1
t_32427	12_5_1
t_32428	12_5_1
t_32429	12_5_1
t_32430	12_5_1
t_32431	12_5_1
t_32432	12_5_1
t_32433	12_5_1
t_32434	12_5_1
t_32435	12_5_1
t_32436	12_5_1
t_32437	12_5_1
t_32438	12_5_1
t_32439	12_5_1
t_32440	12_5_1
t_32441	12_5_1
t_32442	12_5_1
t_32443	12_5_1
t_32444	12_5_1
t_32445	12_5_1
t_32446	12_5_1
t_32447	12_5_1
t_32448	12_5_1
t_32449	12_5_1
t_32450	12_5_1
t_32451	12_5_1
t_32452	12_5_1
t_32453	12_5_1
t_32454	12_5_1
t_32455	12_5_1
t_32456	12_5_1
t_32457	12_5_1
t_32458	12_5_1
t_32459	12_5_1
t_32460	12_5_1
t_32461	12_5_1
t_32462	12_5_1
t_32463	12_5_1
t_32464	12_5_1
t_32465	12_5_1
t_32466	12_5_1
t_32467	12_5_1
t_32468	12_5_1
t_32469	12_5_1
t_32470	12_5_1
t_32471	12_5_1
t_32472	12_5_1
t_32473	12_5_1
t_32474	12_5_1
t_32475	12_5_1
t_32476	12_5_1
t_32477	12_5_1
t_32478	12_5_1
t_32479	12_5_1
t_32480	12_5_1
t_32481	12_5_1
t_32482	12_5_1
t_32483	12_5_1
t_32484	12_5_1
t_32485	12_5_1
t_32486	12_5_1
t_32487	12_5_1
t_32488	12_5_1
t_32489	12_5_1
t_32490	12_5_1
t_32491	12_5_1
t_32492	12_5_1
t_32493	12_5_1
t_32494	12_5_1
t_32495	12_5_1
t_32496	12_5_1
t_32497	12_5_1
t_32498	12_5_1
t_32499	12_5_1
t_32500	12_5_1
t_32501	12_5_1
t_32502	12_5_1
t_32503	12_6_1
t_32504	12_6_1
t_32505	12_6_1
t_32506	12_6_1
t_32507	12_6_1
t_32508	12_6_1
t_32509	12_6_1
t_32510	12_6_1
t_32511	12_6_1
t_32512	12_6_1
t_32513	12_6_1
t_32514	12_6_1
t_32515	12_6_1
t_32516	12_6_1
t_32517	12_6_1
t_32518	12_6_1
t_32519	12_6_1
t_32520	12_6_1
t_32521	12_6_1
t_32522	12_6_1
t_32523	12_6_1
t_32524	12_6_1
t_32525	12_6_1
t_32526	12_6_1
t_32527	12_6_1
t_32528	12_6_1
t_32529	12_6_1
t_32530	12_6_1
t_32531	12_6_1
t_32532	12_6_1
t_32533	12_6_1
t_32534	12_7_1
t_32535	12_7_1
t_32536	12_7_1
t_32537	12_7_1
t_32538	12_7_1
t_32539	12_7_1
t_32540	12_7_1
t_32541	12_7_1
t_32542	12_7_1
t_32543	12_7_1
t_32544	12_7_1
t_32545	12_7_1
t_32546	12_7_1
t_32547	12_7_1
t_32548	12_7_1
t_32549	12_7_1
t_32550	12_7_1
t_32551	12_7_1
t_32552	12_7_1
t_32553	12_7_1
t_32554	12_7_1
t_32555	12_7_1
t_32556	12_7_1
t_32557	12_7_1
t_32558	12_7_1
t_32559	12_7_1
t_32560	12_7_1
t_32561	12_7_1
t_32562	12_7_1
t_32563	12_8_1
t_32564	12_8_1
t_32565	12_8_1
t_32566	12_8_1
t_32567	12_8_1
t_32568	12_8_1
t_32569	12_8_1
t_32570	12_8_1
t_32571	12_8_1
t_32572	12_8_1
t_32573	12_8_1
t_32574	12_8_1
t_32575	12_8_1
t_32576	12_8_1
t_32577	12_8_1
t_32578	12_8_1
t_32579	12_8_1
t_32580	12_8_1
t_32581	12_8_1
t_32582	12_8_1
t_32583	12_8_1
t_32584	12_8_1
t_32585	12_8_1
t_32586	12_8_1
t_32587	12_8_1
t_32588	12_8_1
t_32589	12_8_1
t_32590	12_8_1
t_32591	12_8_1
t_32592	12_8_1
t_32593	12_8_1
t_32594	12_8_1
t_32595	12_8_1
t_32596	12_8_1
t_32597	12_8_1
t_32598	12_8_1
t_32599	12_8_1
t_32600	12_8_1
t_32601	12_8_1
t_32602	12_8_1
t_32603	12_9_1
t_32604	12_9_1
t_32605	12_9_1
t_32606	12_9_1
t_32607	12_9_1
t_32608	12_9_1
t_32609	12_9_1
t_32610	12_9_1
t_32611	12_9_1
t_32612	12_9_1
t_32613	12_9_1
t_32614	12_9_1
t_32615	12_9_1
t_32616	12_9_1
t_32617	12_9_1
t_32618	12_9_1
t_32619	12_9_1
t_32620	12_9_1
t_32621	12_9_1
t_32622	12_9_1
t_32623	12_9_1
t_32624	12_9_1
t_32625	12_9_1
t_32626	12_9_1
t_32627	12_9_1
t_32628	12_9_1
t_32629	12_9_1
t_32630	12_9_1
t_32631	12_9_1
t_32632	12_9_1
t_32633	12_9_1
t_32634	12_9_1
t_32635	12_9_1
t_32636	12_9_1
t_32637	12_9_1
t_32638	12_9_1
t_32639	12_9_1
t_32640	12_9_1
t_32641	12_9_1
t_32642	12_10_1
t_32643	12_10_1
t_32644	12_10_1
t_32645	12_10_1
t_32646	12_10_1
t_32647	12_10_1
t_32648	12_10_1
t_32649	12_10_1
t_32650	12_10_1
t_32651	12_10_1
t_32652	12_10_1
t_32653	12_10_1
t_32654	12_10_1
t_32655	12_11_1
t_32656	12_11_1
t_32657	12_11_1
t_32658	12_11_1
t_32659	12_11_1
t_32660	12_11_1
t_32661	12_11_1
t_32662	12_11_1
t_32663	12_11_1
t_32664	12_11_1
t_32665	12_11_1
t_32666	12_11_1
t_32667	12_11_1
t_32668	12_11_1
t_32669	12_11_1
t_32670	12_11_1
t_32671	12_11_1
t_32672	12_11_1
t_32673	12_11_1
t_32674	12_11_1
t_32675	12_11_1
t_32676	12_11_1
t_32677	12_11_1
t_32678	12_12_1
t_32679	12_12_1
t_32680	12_12_1
t_32681	12_12_1
t_32682	12_12_1
t_32683	12_12_1
t_32684	12_12_1
t_32685	12_12_1
t_32686	12_12_1
t_32687	12_12_1
t_32688	12_12_1
t_32689	12_12_1
t_32690	12_12_1
t_32691	12_12_1
t_32692	12_12_1
t_32693	12_12_1
t_32694	12_12_1
t_32695	12_12_1
t_32696	12_12_1
t_32697	12_12_1
t_32698	12_12_1
t_32699	12_12_1
t_32700	12_12_1
t_32701	12_12_1
t_32702	12_13_1
t_32703	12_13_1
t_32704	12_13_1
t_32705	12_13_1
t_32706	12_13_1
t_32707	12_13_1
t_32708	12_13_1
t_32709	12_13_1
t_32710	12_13_1
t_32711	12_13_1
t_32712	12_13_1
t_32713	12_13_1
t_32714	12_13_1
t_32715	12_14_1
t_32716	12_14_1
t_32717	12_14_1
t_32718	12_14_1
t_32719	12_14_1
t_32720	12_14_1
t_32721	12_14_1
t_32722	12_14_1
t_32723	12_14_1
t_32724	12_14_1
t_32725	12_14_1
t_32726	12_14_1
t_32727	12_14_1
t_32728	12_14_1
t_32729	12_14_1
t_32730	12_14_1
t_32731	12_14_1
t_32732	12_14_1
t_32733	12_14_1
t_32734	12_14_1
t_32735	12_14_1
t_32736	12_14_1
t_32737	12_14_1
t_32738	12_14_1
t_32739	12_14_1
t_32740	12_14_1
t_32741	12_14_1
t_32742	12_14_1
t_32743	12_14_1
t_32744	12_14_1
t_32745	12_14_1
t_32746	12_14_1
t_32747	12_14_1
t_32748	12_14_1
t_32749	12_14_1
t_32750	12_14_1
t_32751	12_14_1
t_32752	12_14_1
t_32753	12_14_1
t_32754	12_14_1
t_32755	12_14_1
t_32756	12_14_1
t_32757	12_14_1
t_32758	12_14_1
t_32759	12_14_1
t_32760	12_14_1
t_32761	12_14_1
t_32762	12_14_1
t_32763	12_14_1
t_32764	12_14_1
t_32765	12_14_1
t_32766	12_14_1
t_32767	12_14_1
t_32768	12_14_1
t_32769	12_14_1
t_32770	12_14_1
t_32771	12_14_1
t_32772	12_14_1
t_32773	12_14_1
t_32774	12_14_1
t_32775	12_14_1
t_32776	12_14_1
t_32777	12_14_1
t_32778	12_14_1
t_32779	12_14_1
t_32780	12_14_1
t_32781	12_14_1
t_32782	12_14_1
t_32783	12_14_1
t_32784	12_14_1
t_32785	12_14_1
t_32786	12_14_1
t_32787	12_14_1
t_32788	12_14_1
t_32789	12_14_1
t_32790	12_14_1
t_32791	12_14_1
t_32792	12_14_1
t_32793	12_14_1
t_32794	12_14_1
t_32795	12_15_1
t_32796	12_15_1
t_32797	12_15_1
t_32798	12_15_1
t_32799	12_15_1
t_32800	12_15_1
t_32801	12_15_1
t_32802	12_15_1
t_32803	12_15_1
t_32804	12_15_1
t_32805	12_15_1
t_32806	12_15_1
t_32807	12_15_1
t_32808	12_15_1
t_32809	12_15_1
t_32810	12_15_1
t_32811	12_15_1
t_32812	12_15_1
t_32813	12_15_1
t_32814	12_15_1
t_32815	12_15_1
t_32816	12_15_1
t_32817	12_15_1
t_32818	12_15_1
t_32819	12_15_1
t_32820	12_15_1
t_32821	12_15_1
t_32822	12_15_1
t_32823	12_16_1
t_32824	12_16_1
t_32825	12_16_1
t_32826	12_16_1
t_32827	12_16_1
t_32828	12_16_1
t_32829	12_16_1
t_32830	12_16_1
t_32831	12_16_1
t_32832	12_16_1
t_32833	12_16_1
t_32834	12_16_1
t_32835	12_16_1
t_32836	12_16_1
t_32837	12_16_1
t_32838	12_16_1
t_32839	12_16_1
t_32840	12_16_1
t_32841	12_16_1
t_32842	12_16_1
t_32843	12_16_1
t_32844	12_16_1
t_32845	12_16_1
t_32846	12_16_1
t_32847	12_16_1
t_32848	12_16_1
t_32849	12_16_1
t_32850	12_16_1
t_32851	12_16_1
t_32852	12_16_1
t_32853	12_16_1
t_32854	12_16_1
t_32855	12_16_1
t_32856	12_16_1
t_32857	12_16_1
t_32858	12_16_1
t_32859	12_16_1
t_32860	12_16_1
t_32861	12_16_1
t_32862	12_16_1
t_32863	12_16_1
t_32864	12_16_1
t_32865	12_16_1
t_32866	12_16_1
t_32867	12_16_1
t_32868	12_16_1
t_32869	12_16_1
t_32870	12_16_1
t_32871	12_16_1
t_32872	12_16_1
t_32873	12_16_1
t_32874	12_16_1
t_32875	12_16_1
t_32876	12_16_1
t_32877	12_16_1
t_32878	12_16_1
t_32879	12_16_1
t_32880	12_16_1
t_32881	12_16_1
t_32882	12_16_1
t_32883	12_16_1
t_32884	12_16_1
t_32885	12_16_1
t_32886	12_16_1
t_32887	12_16_1
t_32888	12_16_1
t_32889	12_16_1
t_32890	12_16_1
t_32891	12_16_1
t_32892	12_16_1
t_32893	12_16_1
t_32894	12_16_1
t_32895	12_16_1
t_32896	12_16_1
t_32897	12_16_1
t_32898	12_16_1
t_32899	12_16_1
t_32900	12_16_1
t_32901	12_16_1
t_32902	12_16_1
t_32903	12_16_1
t_32904	12_17_1
t_32905	12_17_1
t_32906	12_17_1
t_32907	12_17_1
t_32908	12_17_1
t_32909	12_17_1
t_32910	12_17_1
t_32911	12_17_1
t_32912	12_17_1
t_32913	12_17_1
t_32914	12_17_1
t_32915	12_17_1
t_32916	12_17_1
t_32917	12_17_1
t_32918	12_17_1
t_32919	12_17_1
t_32920	12_17_1
t_32921	12_17_1
t_32922	12_17_1
t_32923	12_17_1
t_32924	12_17_1
t_32925	12_17_1
t_32926	12_17_1
t_32927	12_17_1
t_32928	12_17_1
t_32929	12_17_1
t_32930	12_17_1
t_32931	12_17_1
t_32932	12_17_1
t_32933	12_17_1
t_32934	12_17_1
t_32935	12_17_1
t_32936	12_17_1
t_32937	12_17_1
t_32938	12_17_1
t_32939	12_17_1
t_32940	12_17_1
t_32941	12_17_1
t_32942	12_17_1
t_32943	12_17_1
t_32944	12_17_1
t_32945	12_17_1
t_32946	12_17_1
t_32947	12_17_1
t_32948	12_17_1
t_32949	12_17_1
t_32950	12_17_1
t_32951	12_17_1
t_32952	12_17_1
t_32953	12_17_1
t_32954	12_17_1
t_32955	12_17_1
t_32956	12_17_1
t_32957	12_17_1
t_32958	12_17_1
t_32959	12_17_1
t_32960	12_17_1
t_32961	12_17_1
t_32962	12_17_1
t_32963	12_17_1
t_32964	12_17_1
t_32965	12_19_1
t_32966	12_19_1
t_32967	12_19_1
t_32968	12_19_1
t_32969	12_19_1
t_32970	12_19_1
t_32971	12_19_1
t_32972	12_19_1
t_32973	12_19_1
t_32974	12_19_1
t_32975	12_19_1
t_32976	12_19_1
t_32977	12_19_1
t_32978	12_19_1
t_32979	12_19_1
t_32980	12_19_1
t_32981	12_19_1
t_32982	12_19_1
t_32983	12_19_1
t_32984	12_19_1
t_32985	12_19_1
t_32986	12_19_1
t_32987	12_19_1
t_32988	12_19_1
t_32989	12_19_1
t_32990	12_19_1
t_32991	12_19_1
t_32992	12_19_1
t_32993	12_19_1
t_32994	12_19_1
t_32995	12_19_1
t_32996	12_19_1
t_32997	12_19_1
t_32998	12_19_1
t_32999	12_19_1
t_33000	12_19_1
t_33001	12_19_1
t_33002	12_19_1
t_33003	12_19_1
t_33004	12_19_1
t_33005	12_19_1
t_33006	12_20_1
t_33007	12_20_1
t_33008	12_20_1
t_33009	12_20_1
t_33010	12_20_1
t_33011	12_20_1
t_33012	12_20_1
t_33013	12_20_1
t_33014	12_20_1
t_33015	12_20_1
t_33016	12_20_1
t_33017	12_20_1
t_33018	12_20_1
t_33019	12_20_1
t_33020	12_20_1
t_33021	12_20_1
t_33022	12_20_1
t_33023	12_20_1
t_33024	12_20_1
t_33025	12_20_1
t_33026	12_20_1
t_33027	12_20_1
t_33028	12_20_1
t_33029	12_20_1
t_33030	12_21_1
t_33031	12_21_1
t_33032	12_21_1
t_33033	12_21_1
t_33034	12_21_1
t_33035	12_21_1
t_33036	12_21_1
t_33037	12_21_1
t_33038	12_21_1
t_33039	12_21_1
t_33040	12_21_1
t_33041	12_21_1
t_33042	12_21_1
t_33043	12_21_1
t_33044	12_21_1
t_33045	12_21_1
t_33046	12_21_1
t_33047	12_21_1
t_33048	12_21_1
t_33049	12_21_1
t_33050	12_21_1
t_33051	12_21_1
t_33052	12_21_1
t_33053	12_21_1
t_33054	12_21_1
t_33055	12_21_1
t_33056	12_21_1
t_33057	12_21_1
t_33058	12_21_1
t_33059	12_21_1
t_33060	12_21_1
t_33061	12_21_1
t_33062	12_21_1
t_33063	12_21_1
t_33064	12_21_1
t_33065	12_21_1
t_33066	12_22_1
t_33067	12_22_1
t_33068	12_22_1
t_33069	12_22_1
t_33070	12_22_1
t_33071	12_22_1
t_33072	12_22_1
t_33073	12_22_1
t_33074	12_22_1
t_33075	12_22_1
t_33076	12_22_1
t_33077	12_22_1
t_33078	12_22_1
t_33079	12_22_1
t_33080	12_22_1
t_33081	12_22_1
t_33082	12_22_1
t_33083	12_22_1
t_33084	12_22_1
t_33085	12_22_1
t_33086	12_22_1
t_33087	12_22_1
t_33088	12_22_1
t_33089	12_22_1
t_33090	12_22_1
t_33091	12_22_1
t_33092	12_22_1
t_33093	12_23_1
t_33094	12_23_1
t_33095	12_23_1
t_33096	12_23_1
t_33097	12_23_1
t_33098	12_23_1
t_33099	12_23_1
t_33100	12_23_1
t_33101	12_23_1
t_33102	12_23_1
t_33103	12_23_1
t_33104	12_23_1
t_33105	12_23_1
t_33106	12_23_1
t_33107	12_23_1
t_33108	12_23_1
t_33109	12_23_1
t_33110	12_23_1
t_33111	12_23_1
t_33112	12_23_1
t_33113	12_23_1
t_33114	12_23_1
t_33115	12_23_1
t_33116	12_23_1
t_33117	12_23_1
t_33118	12_23_1
t_33119	12_23_1
t_33120	12_23_1
t_33121	12_23_1
t_33122	12_23_1
t_33123	12_23_1
t_33124	12_23_1
t_33125	12_23_1
t_33126	12_23_1
t_33127	12_23_1
t_33128	12_23_1
t_33129	12_23_1
t_33130	12_23_1
t_33131	12_23_1
t_33132	12_23_1
t_33133	12_23_1
t_33134	12_23_1
t_33135	12_23_1
t_33136	12_23_1
t_33137	12_23_1
t_33138	12_23_1
t_33139	12_23_1
t_33140	12_23_1
t_33141	12_23_1
t_33142	12_23_1
t_33143	12_23_1
t_33144	12_23_1
t_33145	12_23_1
t_33146	12_23_1
t_33147	12_23_1
t_33148	12_23_1
t_33149	12_23_1
t_33150	12_23_1
t_33151	12_23_1
t_33152	12_23_1
t_33153	12_23_1
t_33154	12_23_1
t_33155	12_23_1
t_33156	12_23_1
t_33157	12_23_1
t_33158	12_23_1
t_33159	12_23_1
t_33160	12_23_1
t_33161	12_23_1
t_33162	12_23_1
t_33163	12_23_1
t_33164	12_23_1
t_33165	12_23_1
t_33166	12_23_1
t_33167	12_23_1
t_33168	12_23_1
t_33169	12_23_1
t_33170	12_23_1
t_33171	12_23_1
t_33172	12_23_1
t_33173	12_23_1
t_33174	12_23_1
t_33175	12_23_1
t_33176	12_23_1
t_33177	12_23_1
t_33178	12_23_1
t_33179	12_23_1
t_33180	12_23_1
t_33181	12_23_1
t_33182	12_23_1
t_33183	12_23_1
t_33184	12_23_1
t_33185	12_23_1
t_33186	12_23_1
t_33187	12_23_1
t_33188	12_23_1
t_33189	12_23_1
t_33190	12_23_1
t_33191	12_23_1
t_33192	12_23_1
t_33193	12_23_1
t_33194	12_23_1
t_33195	12_23_1
t_33196	12_23_1
t_33197	12_23_1
t_33198	12_23_1
t_33199	12_23_1
t_33200	12_23_1
t_33201	12_23_1
t_33202	12_23_1
t_33203	12_23_1
t_33204	12_23_1
t_33205	12_23_1
t_33206	12_23_1
t_33207	12_23_1
t_33208	12_23_1
t_33209	12_23_1
t_33210	12_23_1
t_33211	12_23_1
t_33212	12_23_1
t_33213	12_23_1
t_33214	12_23_1
t_33215	12_23_1
t_33216	12_23_1
t_33217	12_23_1
t_33218	12_23_1
t_33219	12_23_1
t_33220	12_23_1
t_33221	12_23_1
t_33222	12_23_1
t_33223	12_23_1
t_33224	12_23_1
t_33225	12_23_1
t_33226	12_23_1
t_33227	12_23_1
t_33228	12_23_1
t_33229	12_23_1
t_33230	12_23_1
t_33231	12_23_1
t_33232	12_23_1
t_33233	12_23_1
t_33234	12_23_1
t_33235	12_23_1
t_33236	12_23_1
t_33237	12_23_1
t_33238	12_23_1
t_33239	12_23_1
t_33240	12_23_1
t_33241	12_23_1
t_33242	12_23_1
t_33243	12_23_1
t_33244	12_23_1
t_33245	12_23_1
t_33246	12_23_1
t_33247	12_23_1
t_33248	12_23_1
t_33249	12_23_1
t_33250	12_23_1
t_33251	12_23_1
t_33252	12_23_1
t_33253	12_23_1
t_33254	12_23_1
t_33255	12_23_1
t_33256	12_23_1
t_33257	12_23_1
t_33258	12_23_1
t_33259	12_23_1
t_33260	12_23_1
t_33261	12_23_1
t_33262	12_23_1
t_33263	12_23_1
t_33264	12_23_1
t_33265	12_23_1
t_33266	12_24_1
t_33267	12_24_1
t_33268	12_24_1
t_33269	12_24_1
t_33270	12_24_1
t_33271	12_24_1
t_33272	12_24_1
t_33273	12_24_1
t_33274	12_24_1
t_33275	12_24_1
t_33276	12_24_1
t_33277	12_24_1
t_33278	12_24_1
t_33279	12_24_1
t_33280	12_24_1
t_33281	12_24_1
t_33282	12_24_1
t_33283	12_24_1
t_33284	12_24_1
t_33285	12_24_1
t_33286	12_24_1
t_33287	12_24_1
t_33288	12_24_1
t_33289	12_24_1
t_33290	12_24_1
t_33291	12_24_1
t_33292	12_24_1
t_33293	12_24_1
t_33294	12_24_1
t_33295	12_24_1
t_33296	12_24_1
t_33297	12_24_1
t_33298	12_24_1
t_33299	12_24_1
t_33300	12_24_1
t_33301	12_24_1
t_33302	12_24_1
t_33303	12_24_1
t_33304	12_24_1
t_33305	12_24_1
t_33306	12_24_1
t_33307	12_24_1
t_33308	12_24_1
t_33309	12_24_1
t_33310	12_24_1
t_33311	12_24_1
t_33312	12_24_1
t_33313	12_24_1
t_33314	12_24_1
t_33315	12_24_1
t_33316	12_24_1
t_33317	12_24_1
t_33318	12_24_1
t_33319	12_24_1
t_33320	12_24_1
t_33321	12_24_1
t_33322	12_24_1
t_33323	12_24_1
t_33324	12_24_1
t_33325	12_24_1
t_33326	12_24_1
t_33327	12_24_1
t_33328	12_24_1
t_33329	12_24_1
t_33330	12_24_1
t_33331	12_24_1
t_33332	12_24_1
t_33333	12_24_1
t_33334	12_24_1
t_33335	12_24_1
t_33336	12_24_1
t_33337	12_24_1
t_33338	12_24_1
t_33339	12_24_1
t_33340	12_24_1
t_33341	12_24_1
t_33342	12_24_1
t_33343	12_24_1
t_33344	12_24_1
t_33345	12_24_1
t_33346	12_24_1
t_33347	12_24_1
t_33348	12_24_1
t_33349	12_24_1
t_33350	12_24_1
t_33351	12_24_1
t_33352	12_24_1
t_33353	12_24_1
t_33354	12_24_1
t_33355	12_24_1
t_33356	12_24_1
t_33357	12_24_1
t_33358	12_24_1
t_33359	12_24_1
t_33360	12_24_1
t_33361	12_24_1
t_33362	12_24_1
t_33363	12_24_1
t_33364	12_24_1
t_33365	12_24_1
t_33366	12_24_1
t_33367	12_24_1
t_33368	12_24_1
t_33369	12_24_1
t_33370	12_24_1
t_33371	12_24_1
t_33372	12_24_1
t_33373	12_24_1
t_33374	12_24_1
t_33375	12_24_1
t_33376	12_24_1
t_33377	12_24_1
t_33378	12_24_1
t_33379	12_24_1
t_33380	12_24_1
t_33381	12_24_1
t_33382	12_24_1
t_33383	12_24_1
t_33384	12_24_1
t_33385	12_24_1
t_33386	12_24_1
t_33387	12_24_1
t_33388	12_24_1
t_33389	12_24_1
t_33390	12_24_1
t_33391	12_24_1
t_33392	12_24_1
t_33393	12_25_1
t_33394	12_25_1
t_33395	12_25_1
t_33396	12_25_1
t_33397	12_25_1
t_33398	12_25_1
t_33399	12_25_1
t_33400	12_25_1
t_33401	12_25_1
t_33402	12_25_1
t_33403	12_25_1
t_33404	12_25_1
t_33405	12_25_1
t_33406	12_26_1
t_33407	12_26_1
t_33408	12_26_1
t_33409	12_26_1
t_33410	12_26_1
t_33411	12_26_1
t_33412	12_26_1
t_33413	12_26_1
t_33414	12_26_1
t_33415	12_26_1
t_33416	12_26_1
t_33417	12_26_1
t_33418	12_26_1
t_33419	12_26_1
t_33420	12_26_1
t_33421	12_26_1
t_33422	12_26_1
t_33423	12_26_1
t_33424	12_26_1
t_33425	12_26_1
t_33426	12_26_1
t_33427	12_26_1
t_33428	12_26_1
t_33429	12_26_1
t_33430	12_26_1
t_33431	12_26_1
t_33432	12_26_1
t_33433	12_26_1
t_33434	12_26_1
t_33435	12_26_1
t_33436	12_26_1
t_33437	12_26_1
t_33438	12_26_1
t_33439	12_26_1
t_33440	12_26_1
t_33441	12_26_1
t_33442	12_26_1
t_33443	12_26_1
t_33444	12_26_1
t_33445	12_26_1
t_33446	12_26_1
t_33447	12_26_1
t_33448	12_26_1
t_33449	12_26_1
t_33450	12_26_1
t_33451	12_26_1
t_33452	12_26_1
t_33453	12_26_1
t_33454	12_26_1
t_33455	12_26_1
t_33456	12_26_1
t_33457	12_26_1
t_33458	12_26_1
t_33459	12_26_1
t_33460	12_26_1
t_33461	12_26_1
t_33462	12_26_1
t_33463	12_26_1
t_33464	12_26_1
t_33465	12_26_1
t_33466	12_26_1
t_33467	12_26_1
t_33468	12_26_1
t_33469	12_26_1
t_33470	12_26_1
t_33471	12_26_1
t_33472	12_26_1
t_33473	12_26_1
t_33474	12_26_1
t_33475	12_26_1
t_33476	12_26_1
t_33477	12_26_1
t_33478	12_26_1
t_33479	12_26_1
t_33480	12_26_1
t_33481	12_26_1
t_33482	12_26_1
t_33483	12_26_1
t_33484	12_26_1
t_33485	12_26_1
t_33486	12_26_1
t_33487	12_26_1
t_33488	12_26_1
t_33489	12_26_1
t_33490	12_26_1
t_33491	12_26_1
t_33492	12_26_1
t_33493	12_26_1
t_33494	12_26_1
t_33495	12_26_1
t_33496	12_26_1
t_33497	12_26_1
t_33498	12_26_1
t_33499	12_26_1
t_33500	12_26_1
t_33501	12_26_1
t_33502	12_26_1
t_33503	12_26_1
t_33504	12_26_1
t_33505	12_26_1
t_33506	12_26_1
t_33507	12_26_1
t_33508	12_26_1
t_33509	12_26_1
t_33510	12_26_1
t_33511	12_26_1
t_33512	12_26_1
t_33513	12_26_1
t_33514	12_26_1
t_33515	12_26_1
t_33516	12_26_1
t_33517	12_26_1
t_33518	12_26_1
t_33519	12_26_1
t_33520	12_26_1
t_33521	12_26_1
t_33522	12_26_1
t_33523	12_26_1
t_33524	12_26_1
t_33525	12_27_1
t_33526	12_27_1
t_33527	12_27_1
t_33528	12_27_1
t_33529	12_27_1
t_33530	12_27_1
t_33531	12_27_1
t_33532	12_27_1
t_33533	12_27_1
t_33534	12_27_1
t_33535	12_27_1
t_33536	12_27_1
t_33537	12_27_1
t_33538	12_27_1
t_33539	12_27_1
t_33540	12_27_1
t_33541	12_27_1
t_33542	12_27_1
t_33543	12_27_1
t_33544	12_27_1
t_33545	12_27_1
t_33546	12_27_1
t_33547	12_27_1
t_33548	12_27_1
t_33549	12_27_1
t_33550	12_27_1
t_33551	12_27_1
t_33552	12_27_1
t_33553	12_27_1
t_33554	12_27_1
t_33555	12_27_1
t_33556	12_27_1
t_33557	12_27_1
t_33558	12_27_1
t_33559	12_27_1
t_33560	12_27_1
t_33561	12_27_1
t_33562	12_27_1
t_33563	12_27_1
t_33564	12_27_1
t_33565	12_27_1
t_33566	12_27_1
t_33567	12_27_1
t_33568	12_27_1
t_33569	12_27_1
t_33570	12_27_1
t_33571	12_27_1
t_33572	12_27_1
t_33573	12_27_1
t_33574	12_27_1
t_33575	12_27_1
t_33576	12_27_1
t_33577	12_27_1
t_33578	12_27_1
t_33579	12_27_1
t_33580	12_27_1
t_33581	12_27_1
t_33582	12_27_1
t_33583	12_27_1
t_33584	12_27_1
t_33585	12_27_1
t_33586	12_27_1
t_33587	12_27_1
t_33588	12_27_1
t_33589	12_27_1
t_33590	12_27_1
t_33591	12_27_1
t_33592	12_27_1
t_33593	12_27_1
t_33594	12_27_1
t_33595	12_27_1
t_33596	12_27_1
t_33597	12_27_1
t_33598	12_27_1
t_33599	12_27_1
t_33600	12_27_1
t_33601	12_27_1
t_33602	12_27_1
t_33603	12_27_1
t_33604	12_27_1
t_33605	12_27_1
t_33606	12_27_1
t_33607	12_27_1
t_33608	12_27_1
t_33609	12_27_1
t_33610	12_27_1
t_33611	12_27_1
t_33612	12_27_1
t_33613	12_27_1
t_33614	12_27_1
t_33615	12_27_1
t_33616	12_27_1
t_33617	12_27_1
t_33618	12_27_1
t_33619	12_27_1
t_33620	12_27_1
t_33621	12_27_1
t_33622	12_27_1
t_33623	12_27_1
t_33624	12_27_1
t_33625	12_27_1
t_33626	12_27_1
t_33627	12_27_1
t_33628	12_27_1
t_33629	12_27_1
t_33630	12_27_1
t_33631	12_27_1
t_33632	12_27_1
t_33633	12_27_1
t_33634	12_27_1
t_33635	12_27_1
t_33636	12_28_1
t_33637	12_28_1
t_33638	12_28_1
t_33639	12_28_1
t_33640	12_28_1
t_33641	12_28_1
t_33642	12_28_1
t_33643	12_28_1
t_33644	12_28_1
t_33645	12_28_1
t_33646	12_28_1
t_33647	12_28_1
t_33648	12_28_1
t_33649	12_28_1
t_33650	12_28_1
t_33651	12_28_1
t_33652	12_28_1
t_33653	12_28_1
t_33654	12_28_1
t_33655	12_28_1
t_33656	12_28_1
t_33657	12_28_1
t_33658	12_28_1
t_33659	12_28_1
t_33660	12_28_1
t_33661	12_28_1
t_33662	12_28_1
t_33663	12_28_1
t_33664	12_28_1
t_33665	12_28_1
t_33666	12_28_1
t_33667	12_28_1
t_33668	12_28_1
t_33669	12_28_1
t_33670	12_28_1
t_33671	12_28_1
t_33672	12_28_1
t_33673	12_28_1
t_33674	12_28_1
t_33675	12_28_1
t_33676	12_28_1
t_33677	12_28_1
t_33678	12_28_1
t_33679	12_28_1
t_33680	12_28_1
t_33681	12_28_1
t_33682	12_28_1
t_33683	12_28_1
t_33684	12_28_1
t_33685	12_28_1
t_33686	12_28_1
t_33687	12_28_1
t_33688	12_28_1
t_33689	12_28_1
t_33690	12_28_1
t_33691	12_28_1
t_33692	12_28_1
t_33693	12_28_1
t_33694	12_28_1
t_33695	12_28_1
t_33696	12_29_1
t_33697	12_29_1
t_33698	12_29_1
t_33699	12_29_1
t_33700	12_29_1
t_33701	12_29_1
t_33702	12_29_1
t_33703	12_29_1
t_33704	12_29_1
t_33705	12_29_1
t_33706	12_29_1
t_33707	12_29_1
t_33708	12_29_1
t_33709	12_29_1
t_33710	12_29_1
t_33711	12_29_1
t_33712	12_29_1
t_33713	12_29_1
t_33714	12_29_1
t_33715	12_29_1
t_33716	12_29_1
t_33717	12_29_1
t_33718	12_29_1
t_33719	12_29_1
t_33720	12_29_1
t_33721	12_29_1
t_33722	12_29_1
t_33723	12_29_1
t_33724	12_29_1
t_33725	12_29_1
t_33726	12_29_1
t_33727	12_29_1
t_33728	12_29_1
t_33729	12_29_1
t_33730	12_29_1
t_33731	12_29_1
t_33732	12_29_1
t_33733	12_29_1
t_33734	12_29_1
t_33735	12_29_1
t_33736	12_29_1
t_33737	12_29_1
t_33738	12_29_1
t_33739	12_29_1
t_33740	12_29_1
t_33741	12_29_1
t_33742	12_29_1
t_33743	12_29_1
t_33744	12_29_1
t_33745	12_29_1
t_33746	12_29_1
t_33747	12_29_1
t_33748	12_29_1
t_33749	12_30_1
t_33750	12_30_1
t_33751	12_30_1
t_33752	12_30_1
t_33753	12_30_1
t_33754	12_30_1
t_33755	12_30_1
t_33756	12_30_1
t_33757	12_30_1
t_33758	12_30_1
t_33759	12_30_1
t_33760	12_30_1
t_33761	12_30_1
t_33762	12_30_1
t_33763	12_30_1
t_33764	12_30_1
t_33765	12_30_1
t_33766	12_30_1
t_33767	12_30_1
t_33768	12_30_1
t_33769	12_30_1
t_33770	12_30_1
t_33771	12_30_1
t_33772	12_30_1
t_33773	12_30_1
t_33774	12_30_1
t_33775	12_30_1
t_33776	12_30_1
t_33777	12_30_1
t_33778	12_30_1
t_33779	12_30_1
t_33780	12_30_1
t_33781	12_30_1
t_33782	12_30_1
t_33783	12_30_1
t_33784	12_30_1
t_33785	12_30_1
t_33786	12_30_1
t_33787	12_30_1
t_33788	12_30_1
t_33789	12_30_1
t_33790	12_30_1
t_33791	12_30_1
t_33792	12_30_1
t_33793	12_30_1
t_33794	12_30_1
t_33795	12_30_1
t_33796	12_30_1
t_33797	12_30_1
t_33798	12_30_1
t_33799	12_30_1
t_33800	12_30_1
t_33801	12_30_1
t_33802	12_30_1
t_33803	12_30_1
t_33804	12_30_1
t_33805	12_30_1
t_33806	12_30_1
t_33807	12_30_1
t_33808	12_30_1
t_33809	12_30_1
t_33810	12_30_1
t_33811	12_30_1
t_33812	12_30_1
t_33813	12_30_1
t_33814	12_30_1
t_33815	12_30_1
t_33816	12_30_1
t_33817	12_30_1
t_33818	12_30_1
t_33819	12_30_1
t_33820	12_30_1
t_33821	12_30_1
t_33822	12_30_1
t_33823	12_30_1
t_33824	12_30_1
t_33825	12_30_1
t_33826	12_30_1
t_33827	12_30_1
t_33828	12_30_1
t_33829	12_30_1
t_33830	12_30_1
t_33831	12_30_1
t_33832	12_30_1
t_33833	12_30_1
t_33834	12_30_1
t_33835	12_30_1
t_33836	12_30_1
t_33837	12_30_1
t_33838	12_30_1
t_33839	12_30_1
t_33840	12_30_1
t_33841	12_30_1
t_33842	12_30_1
t_33843	12_31_1
t_33844	12_31_1
t_33845	12_31_1
t_33846	12_31_1
t_33847	12_31_1
t_33848	12_31_1
t_33849	12_31_1
t_33850	12_31_1
t_33851	12_31_1
t_33852	12_31_1
t_33853	12_31_1
t_33854	12_31_1
t_33855	12_31_1
t_33856	12_31_1
t_33857	12_31_1
t_33858	12_31_1
t_33859	12_31_1
t_33860	12_31_1
t_33861	12_31_1
t_33862	12_31_1
t_33863	12_31_1
t_33864	12_31_1
t_33865	12_31_1
t_33866	12_31_1
t_33867	12_31_1
t_33868	12_31_1
t_33869	12_31_1
t_33870	12_31_1
t_33871	12_31_1
t_33872	12_31_1
t_33873	12_31_1
t_33874	12_31_1
t_33875	12_31_1
t_33876	12_31_1
t_33877	12_31_1
t_33878	12_31_1
t_33879	12_31_1
t_33880	12_31_1
t_33881	12_31_1
t_33882	12_31_1
t_33883	12_31_1
t_33884	12_31_1
t_33885	12_31_1
t_33886	12_31_1
t_33887	12_31_1
t_33888	12_31_1
t_33889	12_31_1
t_33890	12_31_1
t_33891	12_31_1
t_33892	12_31_1
t_33893	12_31_1
t_33894	12_31_1
t_33895	12_31_1
t_33896	12_31_1
t_33897	12_31_1
t_33898	12_31_1
t_33899	12_31_1
t_33900	12_31_1
t_33901	12_31_1
t_33902	12_31_1
t_33903	12_31_1
t_33904	12_31_1
t_33905	12_31_1
t_33906	12_31_1
t_33907	12_31_1
t_33908	12_31_1
t_33909	12_32_1
t_33910	12_32_1
t_33911	12_32_1
t_33912	12_32_1
t_33913	12_32_1
t_33914	12_32_1
t_33915	12_32_1
t_33916	12_32_1
t_33917	12_32_1
t_33918	12_32_1
t_33919	12_32_1
t_33920	12_32_1
t_33921	12_32_1
t_33922	12_32_1
t_33923	12_32_1
t_33924	12_32_1
t_33925	12_32_1
t_33926	12_32_1
t_33927	12_32_1
t_33928	12_32_1
t_33929	12_32_1
t_33930	12_32_1
t_33931	12_32_1
t_33932	12_32_1
t_33933	12_32_1
t_33934	12_32_1
t_33935	12_32_1
t_33936	12_32_1
t_33937	12_32_1
t_33938	12_32_1
t_33939	12_32_1
t_33940	12_32_1
t_33941	12_32_1
t_33942	12_32_1
t_33943	12_32_1
t_33944	12_32_1
t_33945	12_32_1
t_33946	12_32_1
t_33947	12_32_1
t_33948	12_32_1
t_33949	12_32_1
t_33950	12_32_1
t_33951	12_32_1
t_33952	12_32_1
t_33953	12_32_1
t_33954	12_32_1
t_33955	12_32_1
t_33956	12_32_1
t_33957	12_32_1
t_33958	12_32_1
t_33959	12_32_1
t_33960	12_32_1
t_33961	12_32_1
t_33962	12_32_1
t_33963	12_32_1
t_33964	12_32_1
t_33965	12_32_1
t_33966	12_32_1
t_33967	12_32_1
t_33968	12_32_1
t_33969	12_32_1
t_33970	12_32_1
t_33971	12_33_1
t_33972	12_33_1
t_33973	12_33_1
t_33974	12_33_1
t_33975	12_33_1
t_33976	12_33_1
t_33977	12_33_1
t_33978	12_33_1
t_33979	12_33_1
t_33980	12_33_1
t_33981	12_33_1
t_33982	12_33_1
t_33983	12_33_1
t_33984	12_33_1
t_33985	12_33_1
t_33986	12_33_1
t_33987	12_33_1
t_33988	12_33_1
t_33989	12_33_1
t_33990	12_33_1
t_33991	12_33_1
t_33992	12_33_1
t_33993	12_33_1
t_33994	12_33_1
t_33995	12_33_1
t_33996	12_33_1
t_33997	12_34_1
t_33998	12_34_1
t_33999	12_34_1
t_34000	12_34_1
t_34001	12_34_1
t_34002	12_34_1
t_34003	12_34_1
t_34004	12_34_1
t_34005	12_34_1
t_34006	12_34_1
t_34007	12_34_1
t_34008	12_34_1
t_34009	12_34_1
t_34010	12_34_1
t_34011	12_34_1
t_34012	12_34_1
t_34013	12_34_1
t_34014	12_34_1
t_34015	12_34_1
t_34016	12_35_1
t_34017	12_35_1
t_34018	12_35_1
t_34019	12_35_1
t_34020	12_35_1
t_34021	12_35_1
t_34022	12_35_1
t_34023	12_35_1
t_34024	12_35_1
t_34025	12_35_1
t_34026	12_35_1
t_34027	12_35_1
t_34028	12_35_1
t_34029	12_35_1
t_34030	12_35_1
t_34031	12_35_1
t_34032	12_35_1
t_34033	12_35_1
t_34034	12_35_1
t_34035	12_35_1
t_34036	12_35_1
t_34037	12_35_1
t_34038	12_35_1
t_34039	12_35_1
t_34040	12_35_1
t_34041	12_35_1
t_34042	12_35_1
t_34043	12_35_1
t_34044	12_35_1
t_34045	12_35_1
t_34046	12_35_1
t_34047	12_35_1
t_34048	12_35_1
t_34049	12_35_1
t_34050	12_35_1
t_34051	12_35_1
t_34052	12_35_1
t_34053	12_35_1
t_34054	12_36_1
t_34055	12_36_1
t_34056	12_36_1
t_34057	12_36_1
t_34058	12_36_1
t_34059	12_36_1
t_34060	12_36_1
t_34061	12_36_1
t_34062	12_36_1
t_34063	12_36_1
t_34064	12_36_1
t_34065	12_36_1
t_34066	12_36_1
t_34067	12_36_1
t_34068	12_36_1
t_34069	12_36_1
t_34070	12_36_1
t_34071	12_36_1
t_34072	12_36_1
t_34073	12_36_1
t_34074	12_36_1
t_34075	12_36_1
t_34076	12_36_1
t_34077	12_36_1
t_34078	12_36_1
t_34079	12_36_1
t_34080	12_36_1
t_34081	12_36_1
t_34082	12_36_1
t_34083	12_36_1
t_34084	12_36_1
t_34085	12_36_1
t_34086	12_36_1
t_34087	12_36_1
t_34088	12_36_1
t_34089	12_36_1
t_34090	12_36_1
t_34091	12_36_1
t_34092	12_36_1
t_34093	12_36_1
t_34094	12_36_1
t_34095	12_36_1
t_34096	12_36_1
t_34097	12_36_1
t_34098	12_36_1
t_34099	12_36_1
t_34100	12_36_1
t_34101	12_36_1
t_34102	12_36_1
t_34103	12_36_1
t_34104	12_36_1
t_34105	12_36_1
t_34106	12_36_1
t_34107	12_36_1
t_34108	12_36_1
t_34109	12_36_1
t_34110	12_36_1
t_34111	12_36_1
t_34112	12_36_1
t_34113	12_36_1
t_34114	12_36_1
t_34115	12_36_1
t_34116	12_36_1
t_34117	12_36_1
t_34118	12_36_1
t_34119	12_36_1
t_34120	12_36_1
t_34121	12_36_1
t_34122	12_36_1
t_34123	12_36_1
t_34124	12_36_1
t_34125	12_36_1
t_34126	12_36_1
t_34127	12_36_1
t_34128	12_36_1
t_34129	12_36_1
t_34130	12_36_1
t_34131	12_36_1
t_34132	12_36_1
t_34133	12_36_1
t_34134	12_36_1
t_34135	12_36_1
t_34136	12_36_1
t_34137	12_36_1
t_34138	12_36_1
t_34139	12_36_1
t_34140	12_36_1
t_34141	12_36_1
t_34142	12_36_1
t_34143	12_36_1
t_34144	12_36_1
t_34145	12_36_1
t_34146	12_36_1
t_34147	12_36_1
t_34148	12_36_1
t_34149	12_36_1
t_34150	12_36_1
t_34151	12_36_1
t_34152	12_36_1
t_34153	12_36_1
t_34154	12_36_1
t_34155	12_36_1
t_34156	12_36_1
t_34157	12_36_1
t_34158	12_36_1
t_34159	12_36_1
t_34160	12_36_1
t_34161	12_36_1
t_34162	12_36_1
t_34163	12_36_1
t_34164	12_36_1
t_34165	12_36_1
t_34166	12_36_1
t_34167	12_36_1
t_34168	12_36_1
t_34169	12_36_1
t_34170	12_36_1
t_34171	12_36_1
t_34172	12_36_1
