t_1	1_1
t_2	1_1
t_3	1_1
t_4	1_1
t_5	1_1
t_6	1_1
t_7	1_1
t_8	1_1
t_9	1_1
t_10	1_1
t_11	1_1
t_12	1_1
t_13	1_2
t_14	1_2
t_15	1_2
t_16	1_2
t_17	1_2
t_18	1_2
t_19	1_2
t_20	1_2
t_21	1_2
t_22	1_2
t_23	1_2
t_24	1_2
t_25	1_2
t_26	1_3
t_27	1_3
t_28	1_3
t_29	1_3
t_30	1_3
t_31	1_3
t_32	1_3
t_33	1_3
t_34	1_3
t_35	1_3
t_36	1_3
t_37	1_3
t_38	1_3
t_39	1_3
t_40	1_4
t_41	1_4
t_42	1_4
t_43	1_4
t_44	1_4
t_45	1_4
t_46	1_4
t_47	1_4
t_48	1_4
t_49	1_5
t_50	1_5
t_51	1_5
t_52	1_5
t_53	1_5
t_54	1_5
t_55	1_5
t_56	1_5
t_57	1_5
t_58	1_5
t_59	1_5
t_60	1_5
t_61	1_5
t_62	1_5
t_63	1_5
t_64	1_5
t_65	1_5
t_66	1_5
t_67	1_5
t_68	1_5
t_69	1_5
t_70	1_5
t_71	1_5
t_72	1_5
t_73	1_5
t_74	1_5
t_75	1_5
t_76	1_5
t_77	1_5
t_78	1_5
t_79	1_6
t_80	1_6
t_81	1_6
t_82	1_6
t_83	1_6
t_84	1_6
t_85	1_6
t_86	1_6
t_87	1_6
t_88	1_6
t_89	1_6
t_90	1_6
t_91	1_6
t_92	1_6
t_93	1_6
t_94	1_6
t_95	1_6
t_96	1_6
t_97	1_6
t_98	1_7
t_99	1_7
t_100	1_7
t_101	1_7
t_102	1_7
t_103	1_7
t_104	1_7
t_105	1_7
t_106	1_7
t_107	1_7
t_108	1_7
t_109	1_7
t_110	1_7
t_111	1_7
t_112	1_7
t_113	1_7
t_114	1_7
t_115	1_7
t_116	1_7
t_117	1_7
t_118	1_7
t_119	1_7
t_120	1_7
t_121	1_8
t_122	1_8
t_123	1_8
t_124	1_8
t_125	1_8
t_126	1_8
t_127	1_8
t_128	1_8
t_129	1_8
t_130	1_8
t_131	1_8
t_132	1_8
t_133	1_8
t_134	1_8
t_135	1_8
t_136	1_9
t_137	1_9
t_138	1_9
t_139	1_9
t_140	1_9
t_141	1_9
t_142	1_9
t_143	1_9
t_144	1_9
t_145	1_9
t_146	1_9
t_147	1_9
t_148	1_9
t_149	1_9
t_150	1_9
t_151	1_10
t_152	1_10
t_153	1_10
t_154	1_10
t_155	1_10
t_156	1_10
t_157	1_10
t_158	1_10
t_159	1_10
t_160	1_10
t_161	1_10
t_162	1_10
t_163	1_10
t_164	1_10
t_165	1_11
t_166	1_11
t_167	1_11
t_168	1_11
t_169	1_11
t_170	1_11
t_171	1_11
t_172	1_11
t_173	1_11
t_174	1_11
t_175	1_11
t_176	1_11
t_177	1_11
t_178	1_12
t_179	1_12
t_180	1_12
t_181	1_12
t_182	1_12
t_183	1_12
t_184	1_12
t_185	1_12
t_186	1_12
t_187	1_12
t_188	1_12
t_189	1_13
t_190	1_13
t_191	1_13
t_192	1_13
t_193	1_13
t_194	1_13
t_195	1_13
t_196	1_13
t_197	1_13
t_198	1_13
t_199	1_13
t_200	1_13
t_201	1_13
t_202	1_13
t_203	1_13
t_204	1_13
t_205	1_13
t_206	1_13
t_207	1_13
t_208	1_13
t_209	1_13
t_210	1_13
t_211	1_13
t_212	1_13
t_213	1_13
t_214	1_13
t_215	1_13
t_216	1_13
t_217	1_13
t_218	1_13
t_219	1_13
t_220	1_13
t_221	1_13
t_222	1_14
t_223	1_14
t_224	1_14
t_225	1_14
t_226	1_14
t_227	1_14
t_228	1_14
t_229	1_14
t_230	1_14
t_231	1_14
t_232	1_14
t_233	1_14
t_234	1_14
t_235	1_14
t_236	1_14
t_237	1_15
t_238	1_15
t_239	1_15
t_240	1_15
t_241	1_15
t_242	1_15
t_243	1_15
t_244	1_15
t_245	1_15
t_246	1_15
t_247	1_15
t_248	1_15
t_249	1_15
t_250	1_15
t_251	1_15
t_252	1_15
t_253	1_15
t_254	1_15
t_255	1_15
t_256	1_15
t_257	1_15
t_258	1_15
t_259	1_15
t_260	1_15
t_261	1_16
t_262	1_16
t_263	1_16
t_264	1_16
t_265	1_16
t_266	1_16
t_267	1_16
t_268	1_16
t_269	1_16
t_270	1_16
t_271	1_16
t_272	1_16
t_273	1_17
t_274	1_17
t_275	1_17
t_276	1_17
t_277	1_17
t_278	1_17
t_279	1_17
t_280	1_17
t_281	1_17
t_282	1_17
t_283	1_17
t_284	1_17
t_285	1_17
t_286	1_17
t_287	1_17
t_288	1_17
t_289	1_17
t_290	1_17
t_291	1_17
t_292	1_17
t_293	1_17
t_294	1_17
t_295	1_17
t_296	1_17
t_297	1_17
t_298	1_17
t_299	1_17
t_300	1_18
t_301	1_18
t_302	1_18
t_303	1_18
t_304	1_18
t_305	1_18
t_306	1_18
t_307	1_18
t_308	1_18
t_309	1_18
t_310	1_18
t_311	1_18
t_312	1_18
t_313	1_18
t_314	1_18
t_315	1_18
t_316	1_18
t_317	1_18
t_318	1_18
t_319	1_18
t_320	1_18
t_321	1_18
t_322	1_18
t_323	1_18
t_324	1_18
t_325	1_19
t_326	1_19
t_327	1_19
t_328	1_19
t_329	1_19
t_330	1_19
t_331	1_19
t_332	1_19
t_333	1_19
t_334	1_19
t_335	1_19
t_336	1_19
t_337	1_19
t_338	1_19
t_339	1_19
t_340	1_19
t_341	1_19
t_342	1_19
t_343	1_19
t_344	1_19
t_345	1_19
t_346	1_19
t_347	1_19
t_348	1_19
t_349	1_19
t_350	1_20
t_351	1_20
t_352	1_20
t_353	1_20
t_354	1_20
t_355	1_20
t_356	1_20
t_357	1_20
t_358	1_20
t_359	1_20
t_360	1_20
t_361	1_20
t_362	1_20
t_363	1_20
t_364	1_20
t_365	1_20
t_366	1_20
t_367	1_20
t_368	1_20
t_369	1_20
t_370	1_20
t_371	1_20
t_372	1_20
t_373	1_20
t_374	1_20
t_375	1_20
t_376	1_20
t_377	1_20
t_378	1_20
t_379	1_21
t_380	1_21
t_381	1_21
t_382	1_21
t_383	1_21
t_384	1_21
t_385	1_21
t_386	1_21
t_387	1_21
t_388	1_21
t_389	1_21
t_390	1_21
t_391	1_21
t_392	1_21
t_393	1_21
t_394	1_21
t_395	1_21
t_396	1_21
t_397	1_22
t_398	1_22
t_399	1_22
t_400	1_22
t_401	1_22
t_402	1_22
t_403	1_22
t_404	1_22
t_405	1_22
t_406	1_22
t_407	1_22
t_408	1_22
t_409	1_22
t_410	1_22
t_411	1_22
t_412	1_22
t_413	1_22
t_414	1_22
t_415	1_22
t_416	1_22
t_417	1_22
t_418	1_22
t_419	1_22
t_420	1_22
t_421	1_22
t_422	1_22
t_423	1_23
t_424	1_23
t_425	1_23
t_426	1_23
t_427	1_23
t_428	1_23
t_429	1_23
t_430	1_23
t_431	1_23
t_432	1_23
t_433	1_23
t_434	1_23
t_435	1_23
t_436	1_23
t_437	1_23
t_438	1_23
t_439	1_24
t_440	1_24
t_441	1_24
t_442	1_24
t_443	1_24
t_444	1_24
t_445	1_24
t_446	1_24
t_447	1_24
t_448	1_24
t_449	1_24
t_450	1_24
t_451	1_24
t_452	1_24
t_453	1_24
t_454	1_24
t_455	1_24
t_456	1_25
t_457	1_25
t_458	1_25
t_459	1_25
t_460	1_25
t_461	1_25
t_462	1_25
t_463	1_25
t_464	1_25
t_465	1_25
t_466	1_25
t_467	1_25
t_468	1_25
t_469	1_25
t_470	1_25
t_471	1_25
t_472	1_26
t_473	1_26
t_474	1_26
t_475	1_26
t_476	1_26
t_477	1_26
t_478	1_26
t_479	1_26
t_480	1_26
t_481	1_26
t_482	1_26
t_483	1_26
t_484	1_26
t_485	1_26
t_486	1_26
t_487	1_26
t_488	1_26
t_489	1_26
t_490	1_26
t_491	1_26
t_492	1_27
t_493	1_27
t_494	1_27
t_495	1_27
t_496	1_27
t_497	1_27
t_498	1_27
t_499	1_27
t_500	1_27
t_501	1_27
t_502	1_27
t_503	1_27
t_504	1_27
t_505	1_27
t_506	1_27
t_507	1_27
t_508	1_27
t_509	1_27
t_510	1_28
t_511	1_28
t_512	1_28
t_513	1_28
t_514	1_28
t_515	1_28
t_516	1_28
t_517	1_28
t_518	1_28
t_519	1_28
t_520	1_28
t_521	1_28
t_522	1_28
t_523	1_28
t_524	1_29
t_525	1_29
t_526	1_29
t_527	1_29
t_528	1_29
t_529	1_29
t_530	1_29
t_531	1_29
t_532	1_29
t_533	1_29
t_534	1_29
t_535	1_29
t_536	1_29
t_537	1_29
t_538	1_30
t_539	1_30
t_540	1_30
t_541	1_30
t_542	1_30
t_543	1_30
t_544	1_30
t_545	1_30
t_546	1_30
t_547	1_30
t_548	1_30
t_549	1_30
t_550	1_30
t_551	1_30
t_552	1_30
t_553	1_30
t_554	1_30
t_555	1_31
t_556	1_31
t_557	1_31
t_558	1_31
t_559	1_31
t_560	1_31
t_561	1_31
t_562	1_31
t_563	1_31
t_564	1_31
t_565	1_31
t_566	1_31
t_567	1_31
t_568	1_31
t_569	1_31
t_570	1_31
t_571	1_32
t_572	1_32
t_573	1_32
t_574	1_32
t_575	1_32
t_576	1_32
t_577	1_32
t_578	1_32
t_579	1_32
t_580	1_32
t_581	1_32
t_582	1_32
t_583	1_32
t_584	1_32
t_585	1_32
t_586	1_32
t_587	1_32
t_588	1_32
t_589	1_32
t_590	1_32
t_591	1_32
t_592	1_33
t_593	1_33
t_594	1_33
t_595	1_33
t_596	1_33
t_597	1_33
t_598	1_33
t_599	1_33
t_600	1_33
t_601	1_33
t_602	1_33
t_603	1_33
t_604	1_33
t_605	1_33
t_606	1_33
t_607	1_33
t_608	1_33
t_609	1_33
t_610	1_34
t_611	1_34
t_612	1_34
t_613	1_34
t_614	1_34
t_615	1_34
t_616	1_34
t_617	1_34
t_618	1_34
t_619	1_34
t_620	1_34
t_621	1_34
t_622	1_34
t_623	1_34
t_624	1_34
t_625	1_35
t_626	1_35
t_627	1_35
t_628	1_35
t_629	1_35
t_630	1_35
t_631	1_35
t_632	1_35
t_633	1_35
t_634	1_35
t_635	1_35
t_636	1_35
t_637	1_35
t_638	1_35
t_639	1_35
t_640	1_35
t_641	1_35
t_642	1_35
t_643	1_35
t_644	1_35
t_645	1_35
t_646	1_35
t_647	1_35
t_648	1_35
t_649	1_35
t_650	1_35
t_651	1_35
t_652	1_35
t_653	1_36
t_654	1_36
t_655	1_36
t_656	1_36
t_657	1_36
t_658	1_36
t_659	1_36
t_660	1_36
t_661	1_36
t_662	1_36
t_663	1_36
t_664	1_36
t_665	1_36
t_666	1_36
t_667	1_36
t_668	1_36
t_669	1_36
t_670	1_36
t_671	1_36
t_672	1_36
t_673	1_36
t_674	1_36
t_675	1_36
t_676	1_36
t_677	1_37
t_678	1_37
t_679	1_37
t_680	1_37
t_681	1_37
t_682	1_37
t_683	1_37
t_684	1_37
t_685	1_37
t_686	1_38
t_687	1_38
t_688	1_38
t_689	1_38
t_690	1_38
t_691	1_38
t_692	1_38
t_693	1_38
t_694	1_38
t_695	1_38
t_696	1_38
t_697	1_38
t_698	1_38
t_699	1_38
t_700	1_38
t_701	1_38
t_702	1_38
t_703	1_38
t_704	1_38
t_705	1_38
t_706	1_38
t_707	1_38
t_708	1_39
t_709	1_39
t_710	1_39
t_711	1_39
t_712	1_39
t_713	1_39
t_714	1_39
t_715	1_39
t_716	1_39
t_717	1_39
t_718	1_39
t_719	1_39
t_720	1_39
t_721	1_39
t_722	1_39
t_723	1_39
t_724	1_39
t_725	1_40
t_726	1_40
t_727	1_40
t_728	1_40
t_729	1_40
t_730	1_40
t_731	1_40
t_732	1_40
t_733	1_40
t_734	1_40
t_735	1_40
t_736	1_41
t_737	1_41
t_738	1_41
t_739	1_41
t_740	1_41
t_741	1_41
t_742	1_41
t_743	1_41
t_744	1_41
t_745	1_41
t_746	1_41
t_747	1_41
t_748	1_41
t_749	1_41
t_750	1_41
t_751	1_41
t_752	1_41
t_753	1_41
t_754	1_41
t_755	1_41
t_756	1_41
t_757	1_41
t_758	1_41
t_759	1_41
t_760	1_41
t_761	1_41
t_762	1_42
t_763	1_42
t_764	1_42
t_765	1_42
t_766	1_42
t_767	1_42
t_768	1_42
t_769	1_42
t_770	1_42
t_771	1_42
t_772	1_42
t_773	1_42
t_774	1_42
t_775	1_42
t_776	1_42
t_777	1_42
t_778	1_42
t_779	1_42
t_780	1_42
t_781	1_43
t_782	1_43
t_783	1_43
t_784	1_43
t_785	1_43
t_786	1_43
t_787	1_43
t_788	1_43
t_789	1_43
t_790	1_43
t_791	1_43
t_792	1_43
t_793	1_43
t_794	1_43
t_795	1_44
t_796	1_44
t_797	1_44
t_798	1_44
t_799	1_44
t_800	1_44
t_801	1_44
t_802	1_44
t_803	1_44
t_804	1_44
t_805	1_44
t_806	1_44
t_807	1_44
t_808	1_44
t_809	1_44
t_810	1_44
t_811	1_44
t_812	1_44
t_813	1_44
t_814	1_44
t_815	1_44
t_816	1_44
t_817	1_44
t_818	1_44
t_819	1_45
t_820	1_45
t_821	1_45
t_822	1_45
t_823	1_45
t_824	1_45
t_825	1_45
t_826	1_45
t_827	1_45
t_828	1_45
t_829	1_45
t_830	1_45
t_831	1_45
t_832	1_46
t_833	1_46
t_834	1_46
t_835	1_46
t_836	1_46
t_837	1_46
t_838	1_46
t_839	1_46
t_840	1_46
t_841	1_46
t_842	1_47
t_843	1_47
t_844	1_47
t_845	1_47
t_846	1_47
t_847	1_47
t_848	1_47
t_849	1_47
t_850	1_47
t_851	1_47
t_852	1_47
t_853	1_47
t_854	1_48
t_855	1_48
t_856	1_48
t_857	1_48
t_858	1_48
t_859	1_48
t_860	1_48
t_861	1_48
t_862	1_48
t_863	1_48
t_864	1_48
t_865	1_48
t_866	1_48
t_867	1_48
t_868	1_48
t_869	1_48
t_870	1_48
t_871	1_48
t_872	1_48
t_873	1_48
t_874	1_49
t_875	1_49
t_876	1_49
t_877	1_49
t_878	1_49
t_879	1_49
t_880	1_49
t_881	1_49
t_882	1_49
t_883	1_49
t_884	1_49
t_885	1_49
t_886	1_49
t_887	1_50
t_888	1_50
t_889	1_50
t_890	1_50
t_891	1_50
t_892	1_50
t_893	1_50
t_894	1_50
t_895	1_50
t_896	1_50
t_897	1_50
t_898	1_50
t_899	1_51
t_900	1_51
t_901	1_51
t_902	1_51
t_903	1_51
t_904	1_51
t_905	1_51
t_906	1_51
t_907	1_51
t_908	1_51
t_909	1_51
t_910	1_51
t_911	1_52
t_912	1_52
t_913	1_52
t_914	1_52
t_915	1_52
t_916	1_52
t_917	1_52
t_918	1_52
t_919	1_53
t_920	1_53
t_921	1_53
t_922	1_53
t_923	1_53
t_924	1_53
t_925	1_53
t_926	1_53
t_927	1_54
t_928	1_54
t_929	1_54
t_930	1_54
t_931	1_54
t_932	1_54
t_933	1_54
t_934	1_54
t_935	1_55
t_936	1_55
t_937	1_55
t_938	1_55
t_939	1_55
t_940	1_55
t_941	1_55
t_942	1_55
t_943	1_55
t_944	1_55
t_945	1_55
t_946	1_55
t_947	1_55
t_948	1_55
t_949	1_55
t_950	1_55
t_951	1_55
t_952	1_56
t_953	1_56
t_954	1_56
t_955	1_56
t_956	1_56
t_957	1_56
t_958	1_56
t_959	1_56
t_960	1_56
t_961	1_56
t_962	1_56
t_963	1_56
t_964	1_56
t_965	1_56
t_966	1_56
t_967	1_56
t_968	1_57
t_969	1_57
t_970	1_57
t_971	1_57
t_972	1_57
t_973	1_57
t_974	1_57
t_975	1_57
t_976	1_57
t_977	1_57
t_978	1_57
t_979	1_57
t_980	1_57
t_981	1_57
t_982	1_58
t_983	1_58
t_984	1_58
t_985	1_58
t_986	1_58
t_987	1_58
t_988	1_58
t_989	1_58
t_990	1_58
t_991	1_58
t_992	1_58
t_993	1_58
t_994	1_58
t_995	1_58
t_996	1_58
t_997	1_58
t_998	1_58
t_999	1_58
t_1000	1_58
t_1001	1_58
t_1002	1_58
t_1003	1_59
t_1004	1_59
t_1005	1_59
t_1006	1_59
t_1007	1_59
t_1008	1_59
t_1009	1_59
t_1010	1_59
t_1011	1_59
t_1012	1_59
t_1013	1_59
t_1014	1_59
t_1015	1_59
t_1016	1_59
t_1017	1_59
t_1018	1_59
t_1019	1_59
t_1020	1_59
t_1021	1_59
t_1022	1_59
t_1023	1_59
t_1024	1_59
t_1025	1_59
t_1026	1_60
t_1027	1_60
t_1028	1_60
t_1029	1_60
t_1030	1_60
t_1031	1_60
t_1032	1_60
t_1033	1_60
t_1034	1_60
t_1035	1_60
t_1036	1_60
t_1037	1_60
t_1038	1_61
t_1039	1_61
t_1040	1_61
t_1041	1_61
t_1042	1_61
t_1043	1_61
t_1044	1_61
t_1045	1_61
t_1046	1_61
t_1047	1_61
t_1048	1_61
t_1049	1_61
t_1050	1_61
t_1051	1_61
t_1052	1_61
t_1053	1_61
t_1054	1_61
t_1055	1_62
t_1056	1_62
t_1057	1_62
t_1058	1_62
t_1059	1_62
t_1060	1_62
t_1061	1_62
t_1062	1_62
t_1063	1_62
t_1064	1_62
t_1065	1_62
t_1066	1_62
t_1067	1_63
t_1068	1_63
t_1069	1_63
t_1070	1_63
t_1071	1_63
t_1072	1_63
t_1073	1_63
t_1074	1_63
t_1075	1_63
t_1076	1_63
t_1077	1_64
t_1078	1_64
t_1079	1_64
t_1080	1_64
t_1081	1_64
t_1082	1_64
t_1083	1_64
t_1084	1_64
t_1085	1_64
t_1086	1_64
t_1087	1_64
t_1088	1_64
t_1089	1_64
t_1090	1_64
t_1091	1_64
t_1092	1_64
t_1093	1_64
t_1094	1_64
t_1095	1_64
t_1096	1_64
t_1097	1_64
t_1098	1_64
t_1099	1_65
t_1100	1_65
t_1101	1_65
t_1102	1_65
t_1103	1_65
t_1104	1_65
t_1105	1_65
t_1106	1_65
t_1107	1_65
t_1108	1_65
t_1109	1_65
t_1110	1_65
t_1111	1_65
t_1112	1_65
t_1113	1_65
t_1114	1_65
t_1115	1_65
t_1116	1_65
t_1117	1_65
t_1118	1_65
t_1119	1_65
t_1120	1_65
t_1121	1_66
t_1122	1_66
t_1123	1_66
t_1124	1_66
t_1125	1_66
t_1126	1_66
t_1127	1_66
t_1128	1_66
t_1129	1_66
t_1130	1_66
t_1131	1_66
t_1132	1_66
t_1133	1_66
t_1134	1_66
t_1135	1_66
t_1136	1_66
t_1137	1_66
t_1138	1_66
t_1139	1_67
t_1140	1_67
t_1141	1_67
t_1142	1_67
t_1143	1_67
t_1144	1_67
t_1145	1_67
t_1146	1_67
t_1147	1_67
t_1148	1_67
t_1149	1_67
t_1150	1_67
t_1151	1_67
t_1152	1_67
t_1153	1_67
t_1154	1_67
t_1155	1_67
t_1156	1_67
t_1157	1_67
t_1158	1_68
t_1159	1_68
t_1160	1_68
t_1161	1_68
t_1162	1_68
t_1163	1_68
t_1164	1_68
t_1165	1_68
t_1166	1_68
t_1167	1_68
t_1168	1_68
t_1169	1_68
t_1170	1_68
t_1171	1_68
t_1172	1_68
t_1173	1_68
t_1174	1_69
t_1175	1_69
t_1176	1_69
t_1177	1_69
t_1178	1_69
t_1179	1_69
t_1180	1_69
t_1181	1_69
t_1182	1_69
t_1183	1_69
t_1184	1_69
t_1185	1_70
t_1186	1_70
t_1187	1_70
t_1188	1_70
t_1189	1_70
t_1190	1_70
t_1191	1_70
t_1192	1_70
t_1193	1_70
t_1194	1_70
t_1195	1_70
t_1196	1_71
t_1197	1_71
t_1198	1_71
t_1199	1_71
t_1200	1_71
t_1201	1_71
t_1202	1_71
t_1203	1_71
t_1204	1_71
t_1205	1_71
t_1206	1_71
t_1207	1_71
t_1208	1_72
t_1209	1_72
t_1210	1_72
t_1211	1_72
t_1212	1_72
t_1213	1_72
t_1214	1_72
t_1215	1_72
t_1216	1_72
t_1217	1_72
t_1218	1_72
t_1219	1_72
t_1220	1_73
t_1221	1_73
t_1222	1_73
t_1223	1_73
t_1224	1_73
t_1225	1_73
t_1226	1_73
t_1227	1_73
t_1228	1_73
t_1229	1_74
t_1230	1_74
t_1231	1_74
t_1232	1_74
t_1233	1_74
t_1234	1_74
t_1235	1_74
t_1236	1_74
t_1237	1_75
t_1238	1_75
t_1239	1_75
t_1240	1_75
t_1241	1_75
t_1242	1_75
t_1243	1_75
t_1244	1_75
t_1245	1_75
t_1246	1_75
t_1247	1_75
t_1248	1_75
t_1249	1_75
t_1250	1_76
t_1251	1_76
t_1252	1_76
t_1253	1_76
t_1254	1_76
t_1255	1_76
t_1256	1_76
t_1257	1_76
t_1258	1_76
t_1259	1_76
t_1260	1_76
t_1261	1_76
t_1262	1_76
t_1263	1_76
t_1264	1_76
t_1265	1_76
t_1266	1_76
t_1267	1_76
t_1268	1_77
t_1269	1_77
t_1270	1_77
t_1271	1_77
t_1272	1_77
t_1273	1_77
t_1274	1_77
t_1275	1_77
t_1276	1_77
t_1277	1_77
t_1278	1_77
t_1279	1_77
t_1280	1_78
t_1281	1_78
t_1282	1_78
t_1283	1_78
t_1284	1_78
t_1285	1_78
t_1286	1_78
t_1287	1_78
t_1288	1_78
t_1289	1_78
t_1290	1_78
t_1291	1_78
t_1292	1_78
t_1293	1_78
t_1294	1_79
t_1295	1_79
t_1296	1_79
t_1297	1_79
t_1298	1_79
t_1299	1_79
t_1300	1_79
t_1301	1_79
t_1302	1_79
t_1303	1_79
t_1304	1_79
t_1305	1_79
t_1306	1_79
t_1307	1_79
t_1308	1_79
t_1309	1_79
t_1310	1_79
t_1311	1_79
t_1312	1_80
t_1313	1_80
t_1314	1_80
t_1315	1_80
t_1316	1_80
t_1317	1_80
t_1318	1_80
t_1319	1_80
t_1320	1_80
t_1321	1_80
t_1322	1_80
t_1323	1_80
t_1324	1_80
t_1325	1_80
t_1326	1_80
t_1327	1_80
t_1328	1_80
t_1329	1_80
t_1330	1_80
t_1331	1_80
t_1332	1_80
t_1333	2_1
t_1334	2_1
t_1335	2_1
t_1336	2_1
t_1337	2_1
t_1338	2_1
t_1339	2_1
t_1340	2_1
t_1341	2_1
t_1342	2_1
t_1343	2_1
t_1344	2_1
t_1345	2_1
t_1346	2_1
t_1347	2_1
t_1348	2_1
t_1349	2_2
t_1350	2_2
t_1351	2_2
t_1352	2_2
t_1353	2_2
t_1354	2_2
t_1355	2_2
t_1356	2_2
t_1357	2_2
t_1358	2_2
t_1359	2_2
t_1360	2_3
t_1361	2_3
t_1362	2_3
t_1363	2_3
t_1364	2_3
t_1365	2_3
t_1366	2_3
t_1367	2_3
t_1368	2_3
t_1369	2_3
t_1370	2_3
t_1371	2_4
t_1372	2_4
t_1373	2_4
t_1374	2_4
t_1375	2_4
t_1376	2_4
t_1377	2_4
t_1378	2_4
t_1379	2_4
t_1380	2_4
t_1381	2_4
t_1382	2_4
t_1383	2_4
t_1384	2_4
t_1385	2_4
t_1386	2_4
t_1387	2_4
t_1388	2_4
t_1389	2_4
t_1390	2_4
t_1391	2_4
t_1392	2_4
t_1393	2_4
t_1394	2_4
t_1395	2_4
t_1396	2_4
t_1397	2_4
t_1398	2_4
t_1399	2_4
t_1400	2_4
t_1401	2_5
t_1402	2_5
t_1403	2_5
t_1404	2_5
t_1405	2_5
t_1406	2_5
t_1407	2_5
t_1408	2_5
t_1409	2_5
t_1410	2_5
t_1411	2_6
t_1412	2_6
t_1413	2_6
t_1414	2_6
t_1415	2_6
t_1416	2_6
t_1417	2_6
t_1418	2_6
t_1419	2_6
t_1420	2_6
t_1421	2_6
t_1422	2_6
t_1423	2_6
t_1424	2_6
t_1425	2_7
t_1426	2_7
t_1427	2_7
t_1428	2_7
t_1429	2_7
t_1430	2_7
t_1431	2_7
t_1432	2_7
t_1433	2_7
t_1434	2_7
t_1435	2_7
t_1436	2_7
t_1437	2_7
t_1438	2_7
t_1439	2_7
t_1440	2_7
t_1441	2_7
t_1442	2_7
t_1443	2_7
t_1444	2_7
t_1445	2_7
t_1446	2_7
t_1447	2_7
t_1448	2_7
t_1449	2_7
t_1450	2_7
t_1451	2_8
t_1452	2_8
t_1453	2_8
t_1454	2_8
t_1455	2_8
t_1456	2_8
t_1457	2_8
t_1458	2_8
t_1459	2_8
t_1460	2_8
t_1461	2_8
t_1462	2_8
t_1463	2_8
t_1464	2_8
t_1465	2_8
t_1466	2_8
t_1467	2_8
t_1468	2_8
t_1469	2_8
t_1470	2_9
t_1471	2_9
t_1472	2_9
t_1473	2_9
t_1474	2_9
t_1475	2_9
t_1476	2_9
t_1477	2_9
t_1478	2_9
t_1479	2_9
t_1480	2_9
t_1481	2_9
t_1482	2_9
t_1483	2_9
t_1484	2_9
t_1485	2_9
t_1486	2_10
t_1487	2_10
t_1488	2_10
t_1489	2_10
t_1490	2_10
t_1491	2_10
t_1492	2_10
t_1493	2_10
t_1494	2_10
t_1495	2_10
t_1496	2_10
t_1497	2_10
t_1498	2_10
t_1499	2_10
t_1500	2_10
t_1501	2_10
t_1502	2_10
t_1503	2_10
t_1504	2_10
t_1505	2_10
t_1506	2_11
t_1507	2_11
t_1508	2_11
t_1509	2_11
t_1510	2_11
t_1511	2_11
t_1512	2_11
t_1513	2_11
t_1514	2_11
t_1515	2_11
t_1516	2_11
t_1517	2_11
t_1518	2_11
t_1519	2_12
t_1520	2_12
t_1521	2_12
t_1522	2_12
t_1523	2_12
t_1524	2_12
t_1525	2_12
t_1526	2_12
t_1527	2_12
t_1528	2_12
t_1529	2_12
t_1530	2_12
t_1531	2_12
t_1532	2_13
t_1533	2_13
t_1534	2_13
t_1535	2_13
t_1536	2_13
t_1537	2_13
t_1538	2_13
t_1539	2_13
t_1540	2_13
t_1541	2_13
t_1542	2_13
t_1543	2_13
t_1544	2_13
t_1545	2_13
t_1546	2_14
t_1547	2_14
t_1548	2_14
t_1549	2_14
t_1550	2_14
t_1551	2_14
t_1552	2_14
t_1553	2_14
t_1554	2_14
t_1555	2_14
t_1556	2_14
t_1557	2_14
t_1558	2_15
t_1559	2_15
t_1560	2_15
t_1561	2_15
t_1562	2_15
t_1563	2_15
t_1564	2_15
t_1565	2_15
t_1566	2_15
t_1567	2_15
t_1568	2_15
t_1569	2_15
t_1570	2_15
t_1571	2_15
t_1572	2_15
t_1573	2_15
t_1574	2_15
t_1575	2_15
t_1576	2_15
t_1577	2_15
t_1578	2_15
t_1579	2_15
t_1580	2_15
t_1581	2_15
t_1582	2_15
t_1583	2_15
t_1584	2_15
t_1585	2_15
t_1586	2_15
t_1587	2_15
t_1588	2_15
t_1589	2_15
t_1590	2_15
t_1591	2_15
t_1592	2_16
t_1593	2_16
t_1594	2_16
t_1595	2_16
t_1596	2_16
t_1597	2_16
t_1598	2_16
t_1599	2_16
t_1600	2_16
t_1601	2_16
t_1602	2_16
t_1603	2_16
t_1604	2_16
t_1605	2_16
t_1606	2_16
t_1607	2_16
t_1608	2_16
t_1609	2_16
t_1610	2_16
t_1611	2_17
t_1612	2_17
t_1613	2_17
t_1614	2_17
t_1615	2_17
t_1616	2_17
t_1617	2_17
t_1618	2_17
t_1619	2_17
t_1620	2_17
t_1621	2_17
t_1622	2_17
t_1623	2_17
t_1624	2_17
t_1625	2_18
t_1626	2_18
t_1627	2_18
t_1628	2_18
t_1629	2_18
t_1630	2_18
t_1631	2_18
t_1632	2_18
t_1633	2_18
t_1634	2_18
t_1635	2_18
t_1636	2_18
t_1637	2_18
t_1638	2_18
t_1639	2_19
t_1640	2_19
t_1641	2_19
t_1642	2_19
t_1643	2_19
t_1644	2_19
t_1645	2_19
t_1646	2_19
t_1647	2_19
t_1648	2_19
t_1649	2_19
t_1650	2_19
t_1651	2_19
t_1652	2_19
t_1653	2_20
t_1654	2_20
t_1655	2_20
t_1656	2_20
t_1657	2_20
t_1658	2_20
t_1659	2_20
t_1660	2_20
t_1661	2_20
t_1662	2_20
t_1663	2_20
t_1664	2_20
t_1665	2_20
t_1666	2_20
t_1667	2_20
t_1668	2_20
t_1669	2_20
t_1670	2_20
t_1671	2_20
t_1672	2_20
t_1673	2_21
t_1674	2_21
t_1675	2_21
t_1676	2_21
t_1677	2_21
t_1678	2_21
t_1679	2_21
t_1680	2_21
t_1681	2_21
t_1682	2_21
t_1683	2_21
t_1684	2_21
t_1685	2_21
t_1686	2_21
t_1687	2_21
t_1688	2_21
t_1689	2_21
t_1690	2_21
t_1691	2_21
t_1692	2_21
t_1693	2_21
t_1694	2_21
t_1695	2_21
t_1696	2_21
t_1697	2_21
t_1698	2_21
t_1699	2_21
t_1700	2_21
t_1701	2_21
t_1702	2_22
t_1703	2_22
t_1704	2_22
t_1705	2_22
t_1706	2_22
t_1707	2_22
t_1708	2_22
t_1709	2_22
t_1710	2_22
t_1711	2_22
t_1712	2_22
t_1713	2_22
t_1714	2_22
t_1715	2_22
t_1716	2_22
t_1717	2_22
t_1718	2_22
t_1719	2_22
t_1720	2_22
t_1721	2_22
t_1722	2_22
t_1723	2_23
t_1724	2_23
t_1725	2_23
t_1726	2_23
t_1727	2_23
t_1728	2_23
t_1729	2_23
t_1730	2_23
t_1731	2_23
t_1732	2_23
t_1733	2_23
t_1734	2_23
t_1735	2_23
t_1736	2_23
t_1737	2_23
t_1738	2_24
t_1739	2_24
t_1740	2_24
t_1741	2_24
t_1742	2_24
t_1743	2_24
t_1744	2_24
t_1745	2_24
t_1746	2_24
t_1747	2_24
t_1748	2_24
t_1749	2_24
t_1750	2_24
t_1751	2_24
t_1752	2_24
t_1753	2_24
t_1754	2_24
t_1755	2_24
t_1756	2_24
t_1757	2_25
t_1758	2_25
t_1759	2_25
t_1760	2_25
t_1761	2_25
t_1762	2_25
t_1763	2_25
t_1764	2_25
t_1765	2_25
t_1766	2_25
t_1767	2_25
t_1768	2_25
t_1769	2_25
t_1770	2_25
t_1771	2_25
t_1772	2_25
t_1773	2_25
t_1774	2_25
t_1775	2_25
t_1776	2_25
t_1777	2_25
t_1778	2_25
t_1779	2_25
t_1780	2_25
t_1781	2_25
t_1782	2_25
t_1783	2_25
t_1784	2_25
t_1785	2_25
t_1786	2_25
t_1787	2_26
t_1788	2_26
t_1789	2_26
t_1790	2_26
t_1791	2_26
t_1792	2_26
t_1793	2_26
t_1794	2_26
t_1795	2_26
t_1796	2_26
t_1797	2_26
t_1798	2_26
t_1799	2_26
t_1800	2_26
t_1801	2_26
t_1802	2_26
t_1803	2_26
t_1804	2_26
t_1805	2_26
t_1806	2_26
t_1807	2_26
t_1808	2_26
t_1809	2_27
t_1810	2_27
t_1811	2_27
t_1812	2_27
t_1813	2_27
t_1814	2_27
t_1815	2_27
t_1816	2_27
t_1817	2_27
t_1818	2_27
t_1819	2_27
t_1820	2_27
t_1821	2_27
t_1822	2_27
t_1823	2_27
t_1824	2_27
t_1825	2_27
t_1826	2_27
t_1827	2_27
t_1828	2_27
t_1829	2_27
t_1830	2_27
t_1831	2_27
t_1832	2_27
t_1833	2_27
t_1834	2_27
t_1835	2_27
t_1836	2_27
t_1837	2_28
t_1838	2_28
t_1839	2_28
t_1840	2_28
t_1841	2_28
t_1842	2_28
t_1843	2_28
t_1844	2_28
t_1845	2_28
t_1846	2_28
t_1847	2_28
t_1848	2_28
t_1849	2_28
t_1850	2_29
t_1851	2_29
t_1852	2_29
t_1853	2_29
t_1854	2_29
t_1855	2_29
t_1856	2_29
t_1857	2_29
t_1858	2_29
t_1859	2_29
t_1860	2_29
t_1861	2_29
t_1862	2_29
t_1863	2_29
t_1864	2_29
t_1865	2_30
t_1866	2_30
t_1867	2_30
t_1868	2_30
t_1869	2_30
t_1870	2_30
t_1871	2_30
t_1872	2_30
t_1873	2_31
t_1874	2_31
t_1875	2_31
t_1876	2_31
t_1877	2_31
t_1878	2_31
t_1879	2_31
t_1880	2_31
t_1881	2_32
t_1882	2_32
t_1883	2_32
t_1884	2_32
t_1885	2_32
t_1886	2_32
t_1887	2_32
t_1888	2_32
t_1889	2_32
t_1890	2_32
t_1891	2_33
t_1892	2_33
t_1893	2_33
t_1894	2_33
t_1895	2_33
t_1896	2_33
t_1897	2_33
t_1898	2_33
t_1899	2_33
t_1900	2_33
t_1901	2_33
t_1902	2_33
t_1903	2_33
t_1904	2_33
t_1905	2_33
t_1906	2_34
t_1907	2_34
t_1908	2_34
t_1909	2_34
t_1910	2_34
t_1911	2_34
t_1912	2_34
t_1913	2_34
t_1914	2_34
t_1915	2_34
t_1916	2_34
t_1917	2_34
t_1918	2_34
t_1919	2_34
t_1920	2_34
t_1921	2_34
t_1922	2_34
t_1923	2_34
t_1924	2_34
t_1925	2_34
t_1926	2_34
t_1927	2_34
t_1928	2_34
t_1929	2_34
t_1930	2_34
t_1931	2_34
t_1932	2_34
t_1933	2_35
t_1934	2_35
t_1935	2_35
t_1936	2_35
t_1937	2_35
t_1938	2_35
t_1939	2_35
t_1940	2_35
t_1941	2_35
t_1942	2_35
t_1943	2_35
t_1944	2_35
t_1945	2_35
t_1946	2_35
t_1947	2_35
t_1948	2_35
t_1949	2_36
t_1950	2_36
t_1951	2_36
t_1952	2_36
t_1953	2_36
t_1954	2_36
t_1955	2_36
t_1956	2_36
t_1957	2_36
t_1958	2_36
t_1959	2_36
t_1960	2_36
t_1961	2_36
t_1962	2_36
t_1963	2_36
t_1964	2_36
t_1965	2_36
t_1966	2_36
t_1967	2_36
t_1968	2_36
t_1969	2_36
t_1970	2_36
t_1971	2_36
t_1972	2_36
t_1973	2_36
t_1974	2_36
t_1975	2_36
t_1976	2_36
t_1977	2_36
t_1978	2_37
t_1979	2_37
t_1980	2_37
t_1981	2_37
t_1982	2_37
t_1983	2_37
t_1984	2_37
t_1985	2_37
t_1986	2_37
t_1987	2_37
t_1988	2_37
t_1989	2_37
t_1990	2_37
t_1991	2_37
t_1992	2_37
t_1993	2_37
t_1994	2_37
t_1995	2_37
t_1996	2_37
t_1997	2_37
t_1998	2_37
t_1999	2_37
t_2000	2_38
t_2001	2_38
t_2002	2_38
t_2003	2_38
t_2004	2_38
t_2005	2_38
t_2006	2_38
t_2007	2_38
t_2008	2_38
t_2009	2_38
t_2010	2_38
t_2011	2_38
t_2012	2_38
t_2013	2_38
t_2014	2_38
t_2015	2_38
t_2016	2_38
t_2017	2_38
t_2018	2_39
t_2019	2_39
t_2020	2_39
t_2021	2_39
t_2022	2_39
t_2023	2_39
t_2024	2_39
t_2025	2_39
t_2026	2_39
t_2027	2_39
t_2028	2_39
t_2029	2_39
t_2030	2_39
t_2031	2_39
t_2032	2_39
t_2033	2_39
t_2034	2_39
t_2035	2_39
t_2036	2_39
t_2037	2_40
t_2038	2_40
t_2039	2_40
t_2040	2_40
t_2041	2_40
t_2042	2_40
t_2043	2_40
t_2044	2_40
t_2045	2_40
t_2046	2_40
t_2047	2_40
t_2048	2_40
t_2049	2_40
t_2050	2_40
t_2051	2_40
t_2052	2_40
t_2053	2_41
t_2054	2_41
t_2055	2_41
t_2056	2_41
t_2057	2_41
t_2058	2_41
t_2059	2_41
t_2060	2_41
t_2061	2_41
t_2062	2_41
t_2063	2_41
t_2064	2_41
t_2065	2_41
t_2066	2_41
t_2067	2_42
t_2068	2_42
t_2069	2_42
t_2070	2_42
t_2071	2_42
t_2072	2_42
t_2073	2_43
t_2074	2_43
t_2075	2_43
t_2076	2_43
t_2077	2_43
t_2078	2_43
t_2079	2_43
t_2080	2_43
t_2081	2_43
t_2082	2_43
t_2083	2_43
t_2084	2_43
t_2085	2_43
t_2086	2_43
t_2087	2_43
t_2088	2_43
t_2089	2_43
t_2090	2_43
t_2091	2_43
t_2092	2_43
t_2093	2_43
t_2094	2_43
t_2095	2_43
t_2096	2_43
t_2097	2_43
t_2098	2_43
t_2099	2_43
t_2100	2_43
t_2101	2_43
t_2102	2_43
t_2103	2_44
t_2104	2_44
t_2105	2_44
t_2106	2_44
t_2107	2_44
t_2108	2_44
t_2109	2_44
t_2110	2_44
t_2111	2_44
t_2112	2_44
t_2113	2_44
t_2114	2_44
t_2115	2_44
t_2116	2_44
t_2117	2_44
t_2118	2_44
t_2119	2_44
t_2120	2_44
t_2121	2_44
t_2122	2_44
t_2123	2_45
t_2124	2_45
t_2125	2_45
t_2126	2_45
t_2127	2_45
t_2128	2_45
t_2129	2_45
t_2130	2_45
t_2131	2_45
t_2132	2_46
t_2133	2_46
t_2134	2_46
t_2135	2_46
t_2136	2_46
t_2137	2_46
t_2138	2_46
t_2139	2_46
t_2140	2_46
t_2141	2_46
t_2142	2_46
t_2143	2_46
t_2144	2_46
t_2145	2_46
t_2146	2_46
t_2147	2_46
t_2148	2_46
t_2149	2_46
t_2150	2_46
t_2151	2_46
t_2152	2_46
t_2153	2_46
t_2154	2_47
t_2155	2_47
t_2156	2_47
t_2157	2_47
t_2158	2_47
t_2159	2_47
t_2160	2_47
t_2161	2_47
t_2162	2_47
t_2163	2_47
t_2164	2_47
t_2165	2_47
t_2166	2_47
t_2167	2_47
t_2168	2_48
t_2169	2_48
t_2170	2_48
t_2171	2_48
t_2172	2_48
t_2173	2_48
t_2174	2_48
t_2175	2_48
t_2176	2_48
t_2177	2_48
t_2178	2_48
t_2179	2_48
t_2180	2_48
t_2181	2_48
t_2182	2_48
t_2183	2_48
t_2184	2_48
t_2185	2_48
t_2186	2_48
t_2187	2_48
t_2188	2_48
t_2189	2_48
t_2190	2_48
t_2191	2_48
t_2192	2_48
t_2193	2_48
t_2194	2_48
t_2195	2_48
t_2196	2_48
t_2197	2_49
t_2198	2_49
t_2199	2_49
t_2200	2_49
t_2201	2_49
t_2202	2_49
t_2203	2_49
t_2204	2_49
t_2205	2_49
t_2206	2_49
t_2207	2_49
t_2208	2_49
t_2209	2_49
t_2210	2_49
t_2211	2_49
t_2212	2_49
t_2213	2_49
t_2214	2_49
t_2215	2_49
t_2216	2_49
t_2217	2_49
t_2218	2_50
t_2219	2_50
t_2220	2_50
t_2221	2_50
t_2222	2_50
t_2223	2_50
t_2224	2_50
t_2225	2_50
t_2226	2_50
t_2227	2_50
t_2228	2_51
t_2229	2_51
t_2230	2_51
t_2231	2_51
t_2232	2_51
t_2233	2_51
t_2234	2_51
t_2235	2_51
t_2236	2_51
t_2237	2_51
t_2238	2_51
t_2239	2_51
t_2240	2_51
t_2241	2_51
t_2242	2_51
t_2243	2_51
t_2244	2_51
t_2245	2_51
t_2246	2_51
t_2247	2_51
t_2248	2_51
t_2249	2_51
t_2250	2_51
t_2251	2_51
t_2252	2_51
t_2253	2_51
t_2254	2_51
t_2255	2_52
t_2256	2_52
t_2257	2_52
t_2258	2_52
t_2259	2_52
t_2260	2_52
t_2261	2_52
t_2262	2_52
t_2263	2_52
t_2264	2_52
t_2265	2_52
t_2266	2_52
t_2267	2_52
t_2268	2_52
t_2269	3_1
t_2270	3_1
t_2271	3_1
t_2272	3_1
t_2273	3_1
t_2274	3_1
t_2275	3_1
t_2276	3_1
t_2277	3_1
t_2278	3_1
t_2279	3_1
t_2280	3_1
t_2281	3_1
t_2282	3_1
t_2283	3_1
t_2284	3_1
t_2285	3_1
t_2286	3_1
t_2287	3_1
t_2288	3_1
t_2289	3_1
t_2290	3_1
t_2291	3_1
t_2292	3_1
t_2293	3_1
t_2294	3_1
t_2295	3_1
t_2296	3_1
t_2297	3_1
t_2298	3_1
t_2299	3_1
t_2300	3_1
t_2301	3_1
t_2302	3_1
t_2303	3_1
t_2304	3_1
t_2305	3_1
t_2306	3_1
t_2307	3_1
t_2308	3_2
t_2309	3_2
t_2310	3_2
t_2311	3_2
t_2312	3_2
t_2313	3_2
t_2314	3_2
t_2315	3_2
t_2316	3_2
t_2317	3_2
t_2318	3_2
t_2319	3_2
t_2320	3_2
t_2321	3_2
t_2322	3_2
t_2323	3_2
t_2324	3_2
t_2325	3_2
t_2326	3_3
t_2327	3_3
t_2328	3_3
t_2329	3_3
t_2330	3_3
t_2331	3_3
t_2332	3_3
t_2333	3_3
t_2334	3_3
t_2335	3_3
t_2336	3_3
t_2337	3_3
t_2338	3_3
t_2339	3_3
t_2340	3_4
t_2341	3_4
t_2342	3_4
t_2343	3_4
t_2344	3_4
t_2345	3_4
t_2346	3_4
t_2347	3_4
t_2348	3_4
t_2349	3_4
t_2350	3_4
t_2351	3_4
t_2352	3_4
t_2353	3_4
t_2354	3_4
t_2355	3_4
t_2356	3_4
t_2357	3_4
t_2358	3_4
t_2359	3_4
t_2360	3_4
t_2361	3_4
t_2362	3_4
t_2363	3_4
t_2364	3_5
t_2365	3_5
t_2366	3_5
t_2367	3_5
t_2368	3_5
t_2369	3_5
t_2370	3_5
t_2371	3_5
t_2372	3_5
t_2373	3_5
t_2374	3_5
t_2375	3_5
t_2376	3_5
t_2377	3_5
t_2378	3_5
t_2379	3_5
t_2380	3_5
t_2381	3_5
t_2382	3_5
t_2383	3_5
t_2384	3_5
t_2385	3_5
t_2386	3_5
t_2387	3_6
t_2388	3_6
t_2389	3_6
t_2390	3_6
t_2391	3_6
t_2392	3_6
t_2393	3_6
t_2394	3_6
t_2395	3_6
t_2396	3_7
t_2397	3_7
t_2398	3_7
t_2399	3_7
t_2400	3_7
t_2401	3_7
t_2402	3_7
t_2403	3_7
t_2404	3_7
t_2405	3_7
t_2406	3_7
t_2407	3_7
t_2408	3_7
t_2409	3_7
t_2410	3_7
t_2411	3_7
t_2412	3_7
t_2413	3_7
t_2414	3_7
t_2415	3_7
t_2416	3_8
t_2417	3_8
t_2418	3_8
t_2419	3_8
t_2420	3_8
t_2421	3_8
t_2422	3_8
t_2423	3_8
t_2424	3_8
t_2425	3_8
t_2426	3_8
t_2427	3_8
t_2428	3_8
t_2429	3_8
t_2430	3_8
t_2431	3_8
t_2432	3_8
t_2433	3_8
t_2434	3_8
t_2435	3_8
t_2436	3_8
t_2437	3_8
t_2438	3_8
t_2439	3_8
t_2440	3_8
t_2441	3_8
t_2442	3_8
t_2443	3_8
t_2444	3_8
t_2445	3_8
t_2446	3_8
t_2447	3_8
t_2448	3_8
t_2449	3_8
t_2450	3_9
t_2451	3_9
t_2452	3_9
t_2453	3_9
t_2454	3_9
t_2455	3_9
t_2456	3_9
t_2457	3_9
t_2458	3_9
t_2459	3_9
t_2460	3_9
t_2461	3_9
t_2462	3_9
t_2463	3_9
t_2464	3_9
t_2465	3_9
t_2466	3_9
t_2467	3_9
t_2468	3_9
t_2469	3_9
t_2470	3_9
t_2471	3_9
t_2472	3_9
t_2473	3_9
t_2474	3_9
t_2475	3_9
t_2476	3_9
t_2477	3_10
t_2478	3_10
t_2479	3_10
t_2480	3_10
t_2481	3_10
t_2482	3_10
t_2483	3_10
t_2484	3_10
t_2485	3_10
t_2486	3_10
t_2487	3_11
t_2488	3_11
t_2489	3_11
t_2490	3_11
t_2491	3_11
t_2492	3_11
t_2493	3_11
t_2494	3_11
t_2495	3_11
t_2496	3_11
t_2497	3_11
t_2498	3_11
t_2499	3_11
t_2500	3_11
t_2501	3_11
t_2502	3_11
t_2503	3_11
t_2504	3_11
t_2505	3_11
t_2506	3_11
t_2507	3_12
t_2508	3_12
t_2509	3_12
t_2510	3_12
t_2511	3_12
t_2512	3_12
t_2513	3_12
t_2514	3_12
t_2515	3_12
t_2516	3_12
t_2517	3_12
t_2518	3_12
t_2519	3_12
t_2520	3_12
t_2521	3_13
t_2522	3_13
t_2523	3_13
t_2524	3_13
t_2525	3_13
t_2526	3_13
t_2527	3_13
t_2528	3_13
t_2529	3_13
t_2530	3_13
t_2531	3_13
t_2532	3_13
t_2533	3_13
t_2534	3_14
t_2535	3_14
t_2536	3_14
t_2537	3_14
t_2538	3_14
t_2539	3_14
t_2540	3_14
t_2541	3_14
t_2542	3_14
t_2543	3_14
t_2544	3_14
t_2545	3_14
t_2546	3_14
t_2547	3_14
t_2548	3_14
t_2549	3_14
t_2550	3_14
t_2551	3_14
t_2552	3_14
t_2553	3_14
t_2554	3_14
t_2555	3_14
t_2556	3_14
t_2557	3_14
t_2558	3_14
t_2559	3_14
t_2560	3_15
t_2561	3_15
t_2562	3_15
t_2563	3_15
t_2564	3_15
t_2565	3_15
t_2566	3_15
t_2567	3_15
t_2568	3_15
t_2569	3_15
t_2570	3_15
t_2571	3_15
t_2572	3_15
t_2573	3_15
t_2574	3_15
t_2575	3_15
t_2576	3_15
t_2577	3_15
t_2578	3_15
t_2579	3_15
t_2580	3_15
t_2581	3_15
t_2582	3_16
t_2583	3_16
t_2584	3_16
t_2585	3_16
t_2586	3_16
t_2587	3_16
t_2588	3_16
t_2589	3_16
t_2590	3_16
t_2591	3_16
t_2592	3_16
t_2593	3_16
t_2594	3_16
t_2595	3_16
t_2596	3_16
t_2597	3_16
t_2598	3_16
t_2599	3_16
t_2600	3_16
t_2601	3_16
t_2602	3_16
t_2603	3_16
t_2604	3_16
t_2605	3_16
t_2606	3_16
t_2607	3_16
t_2608	3_16
t_2609	3_16
t_2610	3_16
t_2611	3_16
t_2612	3_16
t_2613	3_16
t_2614	3_16
t_2615	3_16
t_2616	3_16
t_2617	3_16
t_2618	3_16
t_2619	3_17
t_2620	3_17
t_2621	3_17
t_2622	3_17
t_2623	3_17
t_2624	3_17
t_2625	3_17
t_2626	3_17
t_2627	3_17
t_2628	3_17
t_2629	3_17
t_2630	3_17
t_2631	3_17
t_2632	3_17
t_2633	3_17
t_2634	3_17
t_2635	3_17
t_2636	3_17
t_2637	3_17
t_2638	3_17
t_2639	3_17
t_2640	3_17
t_2641	3_17
t_2642	3_17
t_2643	3_17
t_2644	3_17
t_2645	3_17
t_2646	3_18
t_2647	3_18
t_2648	3_18
t_2649	3_18
t_2650	3_18
t_2651	3_18
t_2652	3_18
t_2653	3_18
t_2654	3_18
t_2655	3_18
t_2656	3_19
t_2657	3_19
t_2658	3_19
t_2659	3_19
t_2660	3_19
t_2661	3_19
t_2662	3_19
t_2663	3_19
t_2664	3_19
t_2665	3_19
t_2666	3_19
t_2667	3_19
t_2668	3_19
t_2669	3_19
t_2670	3_19
t_2671	3_19
t_2672	3_19
t_2673	3_19
t_2674	3_19
t_2675	3_19
t_2676	3_19
t_2677	3_19
t_2678	3_19
t_2679	3_19
t_2680	3_19
t_2681	3_20
t_2682	3_20
t_2683	3_20
t_2684	3_20
t_2685	3_20
t_2686	3_20
t_2687	3_20
t_2688	3_20
t_2689	3_20
t_2690	3_20
t_2691	3_20
t_2692	3_20
t_2693	3_21
t_2694	3_21
t_2695	3_21
t_2696	3_21
t_2697	3_21
t_2698	3_21
t_2699	3_21
t_2700	3_21
t_2701	3_21
t_2702	3_21
t_2703	3_21
t_2704	3_21
t_2705	3_21
t_2706	3_21
t_2707	3_21
t_2708	3_21
t_2709	3_22
t_2710	3_22
t_2711	3_22
t_2712	3_22
t_2713	3_22
t_2714	3_22
t_2715	3_22
t_2716	3_22
t_2717	3_22
t_2718	3_22
t_2719	3_22
t_2720	3_22
t_2721	3_22
t_2722	3_22
t_2723	3_22
t_2724	3_22
t_2725	3_22
t_2726	3_22
t_2727	3_22
t_2728	3_22
t_2729	3_22
t_2730	3_22
t_2731	3_22
t_2732	3_22
t_2733	3_22
t_2734	3_22
t_2735	3_22
t_2736	3_22
t_2737	3_22
t_2738	3_22
t_2739	3_23
t_2740	3_23
t_2741	3_23
t_2742	3_23
t_2743	3_23
t_2744	3_23
t_2745	3_23
t_2746	3_23
t_2747	3_23
t_2748	3_23
t_2749	3_23
t_2750	3_23
t_2751	3_23
t_2752	3_23
t_2753	3_23
t_2754	3_23
t_2755	3_23
t_2756	3_23
t_2757	3_24
t_2758	3_24
t_2759	3_24
t_2760	3_24
t_2761	3_24
t_2762	3_24
t_2763	3_24
t_2764	3_24
t_2765	3_24
t_2766	3_24
t_2767	3_25
t_2768	3_25
t_2769	3_25
t_2770	3_25
t_2771	3_25
t_2772	3_25
t_2773	3_25
t_2774	3_25
t_2775	3_25
t_2776	3_25
t_2777	3_26
t_2778	3_26
t_2779	3_26
t_2780	3_26
t_2781	3_26
t_2782	3_26
t_2783	3_26
t_2784	3_26
t_2785	3_26
t_2786	3_26
t_2787	3_27
t_2788	3_27
t_2789	3_27
t_2790	3_27
t_2791	3_27
t_2792	3_27
t_2793	3_27
t_2794	3_27
t_2795	3_27
t_2796	3_27
t_2797	3_28
t_2798	3_28
t_2799	3_28
t_2800	3_28
t_2801	3_28
t_2802	3_28
t_2803	3_28
t_2804	3_28
t_2805	3_28
t_2806	3_28
t_2807	3_29
t_2808	3_29
t_2809	3_29
t_2810	3_29
t_2811	3_29
t_2812	3_29
t_2813	3_29
t_2814	3_29
t_2815	3_29
t_2816	3_29
t_2817	3_30
t_2818	3_30
t_2819	3_30
t_2820	3_30
t_2821	3_30
t_2822	3_30
t_2823	3_30
t_2824	3_30
t_2825	3_30
t_2826	3_30
t_2827	3_31
t_2828	3_31
t_2829	3_31
t_2830	3_31
t_2831	3_31
t_2832	3_31
t_2833	3_31
t_2834	3_31
t_2835	3_31
t_2836	3_31
t_2837	3_32
t_2838	3_32
t_2839	3_32
t_2840	3_32
t_2841	3_32
t_2842	3_32
t_2843	3_32
t_2844	3_32
t_2845	3_32
t_2846	3_32
t_2847	3_33
t_2848	3_33
t_2849	3_33
t_2850	3_33
t_2851	3_33
t_2852	3_33
t_2853	3_33
t_2854	3_33
t_2855	3_33
t_2856	3_33
t_2857	3_34
t_2858	3_34
t_2859	3_34
t_2860	3_34
t_2861	3_34
t_2862	3_34
t_2863	3_34
t_2864	3_34
t_2865	3_34
t_2866	3_34
t_2867	3_35
t_2868	3_35
t_2869	3_35
t_2870	3_35
t_2871	3_35
t_2872	3_35
t_2873	3_35
t_2874	3_35
t_2875	3_35
t_2876	3_35
t_2877	3_36
t_2878	3_36
t_2879	3_36
t_2880	3_36
t_2881	3_36
t_2882	3_36
t_2883	3_36
t_2884	3_36
t_2885	3_36
t_2886	3_36
t_2887	3_37
t_2888	3_37
t_2889	3_37
t_2890	3_37
t_2891	3_37
t_2892	3_37
t_2893	3_37
t_2894	3_37
t_2895	3_37
t_2896	3_37
t_2897	3_38
t_2898	3_38
t_2899	3_38
t_2900	3_38
t_2901	3_38
t_2902	3_38
t_2903	3_38
t_2904	3_38
t_2905	3_38
t_2906	4_1
t_2907	4_1
t_2908	4_1
t_2909	4_1
t_2910	4_1
t_2911	4_1
t_2912	4_1
t_2913	4_1
t_2914	4_1
t_2915	4_1
t_2916	4_1
t_2917	4_1
t_2918	4_1
t_2919	4_1
t_2920	4_1
t_2921	4_1
t_2922	4_1
t_2923	4_1
t_2924	4_2
t_2925	4_2
t_2926	4_2
t_2927	4_2
t_2928	4_2
t_2929	4_2
t_2930	4_2
t_2931	4_2
t_2932	4_2
t_2933	4_2
t_2934	4_2
t_2935	4_2
t_2936	4_2
t_2937	4_2
t_2938	4_2
t_2939	4_2
t_2940	4_2
t_2941	4_2
t_2942	4_2
t_2943	4_2
t_2944	4_2
t_2945	4_3
t_2946	4_3
t_2947	4_3
t_2948	4_3
t_2949	4_3
t_2950	4_3
t_2951	4_3
t_2952	4_3
t_2953	4_3
t_2954	4_3
t_2955	4_3
t_2956	4_3
t_2957	4_3
t_2958	4_3
t_2959	4_3
t_2960	4_3
t_2961	4_3
t_2962	4_3
t_2963	4_3
t_2964	4_4
t_2965	4_4
t_2966	4_4
t_2967	4_4
t_2968	4_4
t_2969	4_4
t_2970	4_4
t_2971	4_4
t_2972	4_4
t_2973	4_4
t_2974	4_4
t_2975	4_4
t_2976	4_4
t_2977	4_4
t_2978	4_4
t_2979	4_4
t_2980	4_5
t_2981	4_5
t_2982	4_5
t_2983	4_5
t_2984	4_5
t_2985	4_5
t_2986	4_5
t_2987	4_5
t_2988	4_5
t_2989	4_5
t_2990	4_5
t_2991	4_5
t_2992	4_5
t_2993	4_5
t_2994	4_6
t_2995	4_6
t_2996	4_6
t_2997	4_6
t_2998	4_6
t_2999	4_6
t_3000	4_6
t_3001	4_6
t_3002	4_6
t_3003	4_6
t_3004	4_6
t_3005	4_6
t_3006	4_6
t_3007	4_6
t_3008	4_6
t_3009	4_6
t_3010	4_6
t_3011	4_6
t_3012	4_6
t_3013	4_6
t_3014	4_6
t_3015	4_6
t_3016	4_6
t_3017	4_6
t_3018	4_6
t_3019	4_6
t_3020	4_7
t_3021	4_7
t_3022	4_7
t_3023	4_7
t_3024	4_7
t_3025	4_7
t_3026	4_7
t_3027	4_7
t_3028	4_7
t_3029	4_7
t_3030	4_7
t_3031	4_8
t_3032	4_8
t_3033	4_8
t_3034	4_8
t_3035	4_8
t_3036	4_8
t_3037	4_8
t_3038	4_8
t_3039	4_8
t_3040	4_8
t_3041	4_8
t_3042	4_8
t_3043	4_8
t_3044	4_8
t_3045	4_8
t_3046	4_8
t_3047	4_8
t_3048	4_9
t_3049	4_9
t_3050	4_9
t_3051	4_9
t_3052	4_9
t_3053	4_9
t_3054	4_9
t_3055	4_9
t_3056	4_9
t_3057	4_9
t_3058	4_9
t_3059	4_9
t_3060	4_9
t_3061	4_9
t_3062	4_9
t_3063	4_9
t_3064	4_9
t_3065	4_9
t_3066	4_9
t_3067	4_9
t_3068	4_9
t_3069	4_9
t_3070	4_9
t_3071	4_9
t_3072	4_9
t_3073	4_9
t_3074	4_9
t_3075	4_9
t_3076	4_9
t_3077	4_10
t_3078	4_10
t_3079	4_10
t_3080	4_10
t_3081	4_10
t_3082	4_10
t_3083	4_10
t_3084	4_10
t_3085	4_10
t_3086	4_10
t_3087	4_10
t_3088	4_10
t_3089	4_10
t_3090	4_11
t_3091	4_11
t_3092	4_11
t_3093	4_11
t_3094	4_11
t_3095	4_11
t_3096	4_11
t_3097	4_11
t_3098	4_11
t_3099	4_11
t_3100	4_11
t_3101	4_11
t_3102	4_11
t_3103	4_11
t_3104	4_11
t_3105	4_12
t_3106	4_12
t_3107	4_12
t_3108	4_12
t_3109	4_12
t_3110	4_12
t_3111	4_12
t_3112	4_12
t_3113	4_13
t_3114	4_13
t_3115	4_13
t_3116	4_13
t_3117	4_13
t_3118	4_13
t_3119	4_13
t_3120	4_13
t_3121	4_13
t_3122	4_13
t_3123	4_13
t_3124	4_13
t_3125	4_13
t_3126	4_13
t_3127	4_13
t_3128	4_13
t_3129	4_13
t_3130	4_13
t_3131	4_13
t_3132	4_14
t_3133	4_14
t_3134	4_14
t_3135	4_14
t_3136	4_14
t_3137	4_14
t_3138	4_14
t_3139	4_14
t_3140	4_14
t_3141	4_14
t_3142	4_14
t_3143	4_14
t_3144	4_14
t_3145	4_14
t_3146	4_14
t_3147	4_14
t_3148	4_14
t_3149	4_14
t_3150	4_14
t_3151	4_14
t_3152	4_14
t_3153	4_14
t_3154	4_14
t_3155	4_15
t_3156	4_15
t_3157	4_15
t_3158	4_15
t_3159	4_15
t_3160	4_15
t_3161	4_15
t_3162	4_15
t_3163	4_15
t_3164	4_15
t_3165	4_15
t_3166	4_15
t_3167	4_16
t_3168	4_16
t_3169	4_16
t_3170	4_16
t_3171	4_16
t_3172	4_16
t_3173	4_16
t_3174	4_16
t_3175	4_16
t_3176	4_16
t_3177	4_16
t_3178	4_16
t_3179	4_16
t_3180	4_16
t_3181	4_16
t_3182	4_16
t_3183	4_16
t_3184	4_16
t_3185	4_16
t_3186	4_16
t_3187	4_16
t_3188	4_16
t_3189	4_16
t_3190	4_16
t_3191	4_16
t_3192	4_16
t_3193	4_16
t_3194	4_16
t_3195	4_17
t_3196	4_17
t_3197	4_17
t_3198	4_17
t_3199	4_17
t_3200	4_17
t_3201	4_17
t_3202	4_17
t_3203	4_17
t_3204	4_17
t_3205	4_17
t_3206	4_17
t_3207	4_17
t_3208	4_17
t_3209	4_17
t_3210	4_17
t_3211	4_17
t_3212	4_17
t_3213	4_17
t_3214	4_17
t_3215	4_18
t_3216	4_18
t_3217	4_18
t_3218	4_18
t_3219	4_18
t_3220	4_18
t_3221	4_18
t_3222	4_18
t_3223	4_18
t_3224	4_18
t_3225	4_18
t_3226	4_18
t_3227	4_18
t_3228	4_18
t_3229	4_18
t_3230	4_18
t_3231	4_18
t_3232	4_18
t_3233	4_18
t_3234	4_18
t_3235	4_18
t_3236	4_18
t_3237	4_18
t_3238	4_18
t_3239	4_18
t_3240	4_18
t_3241	4_19
t_3242	4_19
t_3243	4_19
t_3244	4_19
t_3245	4_19
t_3246	4_20
t_3247	4_20
t_3248	4_20
t_3249	4_20
t_3250	4_20
t_3251	4_20
t_3252	4_20
t_3253	4_20
t_3254	4_20
t_3255	4_20
t_3256	4_20
t_3257	4_20
t_3258	4_20
t_3259	4_20
t_3260	4_20
t_3261	4_20
t_3262	4_20
t_3263	4_20
t_3264	4_20
t_3265	4_20
t_3266	4_21
t_3267	4_21
t_3268	4_21
t_3269	4_21
t_3270	4_21
t_3271	4_21
t_3272	4_21
t_3273	4_21
t_3274	4_21
t_3275	4_21
t_3276	4_21
t_3277	4_21
t_3278	4_21
t_3279	4_21
t_3280	4_21
t_3281	4_21
t_3282	4_22
t_3283	4_22
t_3284	4_22
t_3285	4_22
t_3286	4_22
t_3287	4_22
t_3288	4_22
t_3289	4_22
t_3290	4_22
t_3291	4_22
t_3292	4_22
t_3293	4_22
t_3294	4_22
t_3295	4_22
t_3296	4_22
t_3297	4_22
t_3298	4_22
t_3299	4_22
t_3300	4_22
t_3301	4_22
t_3302	4_22
t_3303	4_22
t_3304	4_22
t_3305	4_22
t_3306	4_22
t_3307	4_22
t_3308	4_23
t_3309	4_23
t_3310	4_23
t_3311	4_23
t_3312	4_23
t_3313	4_23
t_3314	4_23
t_3315	4_23
t_3316	4_23
t_3317	4_23
t_3318	4_23
t_3319	4_23
t_3320	4_23
t_3321	4_23
t_3322	4_23
t_3323	4_23
t_3324	4_23
t_3325	4_23
t_3326	4_23
t_3327	4_23
t_3328	4_23
t_3329	4_23
t_3330	4_23
t_3331	4_23
t_3332	4_23
t_3333	4_23
t_3334	4_23
t_3335	4_23
t_3336	4_23
t_3337	4_23
t_3338	4_24
t_3339	4_24
t_3340	4_24
t_3341	4_24
t_3342	4_24
t_3343	4_24
t_3344	4_24
t_3345	4_24
t_3346	4_24
t_3347	4_24
t_3348	4_24
t_3349	4_24
t_3350	4_24
t_3351	4_24
t_3352	4_24
t_3353	4_25
t_3354	4_25
t_3355	4_25
t_3356	4_25
t_3357	4_25
t_3358	4_25
t_3359	4_25
t_3360	4_25
t_3361	4_25
t_3362	4_25
t_3363	4_25
t_3364	4_25
t_3365	4_25
t_3366	4_25
t_3367	4_25
t_3368	4_25
t_3369	4_25
t_3370	4_25
t_3371	4_25
t_3372	4_25
t_3373	4_25
t_3374	4_25
t_3375	4_25
t_3376	4_25
t_3377	4_25
t_3378	4_25
t_3379	4_25
t_3380	4_25
t_3381	4_25
t_3382	4_25
t_3383	4_25
t_3384	4_25
t_3385	4_25
t_3386	4_25
t_3387	4_25
t_3388	4_25
t_3389	4_26
t_3390	4_26
t_3391	4_26
t_3392	4_26
t_3393	4_26
t_3394	4_26
t_3395	4_26
t_3396	4_26
t_3397	4_26
t_3398	4_26
t_3399	4_26
t_3400	4_26
t_3401	4_26
t_3402	4_26
t_3403	4_26
t_3404	4_26
t_3405	4_27
t_3406	4_27
t_3407	4_27
t_3408	4_27
t_3409	4_27
t_3410	4_27
t_3411	4_27
t_3412	4_27
t_3413	4_27
t_3414	4_27
t_3415	4_27
t_3416	4_27
t_3417	4_27
t_3418	4_27
t_3419	4_27
t_3420	4_27
t_3421	4_27
t_3422	4_27
t_3423	4_27
t_3424	4_27
t_3425	4_27
t_3426	4_27
t_3427	4_28
t_3428	4_28
t_3429	4_28
t_3430	4_28
t_3431	4_28
t_3432	4_28
t_3433	4_28
t_3434	4_28
t_3435	4_28
t_3436	4_28
t_3437	4_29
t_3438	4_29
t_3439	4_29
t_3440	4_29
t_3441	4_29
t_3442	4_29
t_3443	4_29
t_3444	4_29
t_3445	4_29
t_3446	4_29
t_3447	4_29
t_3448	4_29
t_3449	4_29
t_3450	4_29
t_3451	4_29
t_3452	4_29
t_3453	4_29
t_3454	4_29
t_3455	4_29
t_3456	4_29
t_3457	4_29
t_3458	4_29
t_3459	4_29
t_3460	4_29
t_3461	4_29
t_3462	4_29
t_3463	4_30
t_3464	4_30
t_3465	4_30
t_3466	4_30
t_3467	4_30
t_3468	4_30
t_3469	4_30
t_3470	4_30
t_3471	4_31
t_3472	4_31
t_3473	4_31
t_3474	4_31
t_3475	4_31
t_3476	4_31
t_3477	4_31
t_3478	4_31
t_3479	4_31
t_3480	4_31
t_3481	4_31
t_3482	4_31
t_3483	4_31
t_3484	4_31
t_3485	4_31
t_3486	4_31
t_3487	4_32
t_3488	4_32
t_3489	4_32
t_3490	4_32
t_3491	4_32
t_3492	4_32
t_3493	4_32
t_3494	4_32
t_3495	4_32
t_3496	4_32
t_3497	4_32
t_3498	4_32
t_3499	4_32
t_3500	4_32
t_3501	4_32
t_3502	4_33
t_3503	4_33
t_3504	4_33
t_3505	4_33
t_3506	4_33
t_3507	4_33
t_3508	4_33
t_3509	4_33
t_3510	4_33
t_3511	4_33
t_3512	4_33
t_3513	4_33
t_3514	4_33
t_3515	4_33
t_3516	4_33
t_3517	4_34
t_3518	4_34
t_3519	4_34
t_3520	4_34
t_3521	4_34
t_3522	4_34
t_3523	4_34
t_3524	4_34
t_3525	4_34
t_3526	4_34
t_3527	4_34
t_3528	4_34
t_3529	4_34
t_3530	4_34
t_3531	4_35
t_3532	4_35
t_3533	4_35
t_3534	4_35
t_3535	4_35
t_3536	4_35
t_3537	4_35
t_3538	4_35
t_3539	4_35
t_3540	4_35
t_3541	4_35
t_3542	4_35
t_3543	4_35
t_3544	4_35
t_3545	4_35
t_3546	4_35
t_3547	4_35
t_3548	4_35
t_3549	4_35
t_3550	4_35
t_3551	4_35
t_3552	4_35
t_3553	4_35
t_3554	4_35
t_3555	4_35
t_3556	4_35
t_3557	4_35
t_3558	4_35
t_3559	4_35
t_3560	4_35
t_3561	4_35
t_3562	4_35
t_3563	4_35
t_3564	4_35
t_3565	4_35
t_3566	4_35
t_3567	4_35
t_3568	4_36
t_3569	4_36
t_3570	4_36
t_3571	4_36
t_3572	4_36
t_3573	4_36
t_3574	4_36
t_3575	4_36
t_3576	4_36
t_3577	4_36
t_3578	4_36
t_3579	4_36
t_3580	4_36
t_3581	4_36
t_3582	4_36
t_3583	4_36
t_3584	4_36
t_3585	4_36
t_3586	4_36
t_3587	4_36
t_3588	4_36
t_3589	4_36
t_3590	4_36
t_3591	4_36
t_3592	4_36
t_3593	4_37
t_3594	4_37
t_3595	4_37
t_3596	4_37
t_3597	4_37
t_3598	4_37
t_3599	4_37
t_3600	4_37
t_3601	4_37
t_3602	4_37
t_3603	4_37
t_3604	4_37
t_3605	4_37
t_3606	4_37
t_3607	4_38
t_3608	4_38
t_3609	4_38
t_3610	4_38
t_3611	4_38
t_3612	4_38
t_3613	4_38
t_3614	4_38
t_3615	4_38
t_3616	4_38
t_3617	4_38
t_3618	4_38
t_3619	4_38
t_3620	4_38
t_3621	4_38
t_3622	4_38
t_3623	4_38
t_3624	4_38
t_3625	4_38
t_3626	4_38
t_3627	4_38
t_3628	4_38
t_3629	4_38
t_3630	4_38
t_3631	4_38
t_3632	4_38
t_3633	4_39
t_3634	4_39
t_3635	4_39
t_3636	4_39
t_3637	4_39
t_3638	4_39
t_3639	4_39
t_3640	4_39
t_3641	4_39
t_3642	4_39
t_3643	4_39
t_3644	4_39
t_3645	4_39
t_3646	4_39
t_3647	4_39
t_3648	4_39
t_3649	4_39
t_3650	4_39
t_3651	4_40
t_3652	4_40
t_3653	4_40
t_3654	4_40
t_3655	4_40
t_3656	4_40
t_3657	4_40
t_3658	4_40
t_3659	4_40
t_3660	4_40
t_3661	4_40
t_3662	4_40
t_3663	4_40
t_3664	4_40
t_3665	4_40
t_3666	4_40
t_3667	4_40
t_3668	4_40
t_3669	4_40
t_3670	4_40
t_3671	4_40
t_3672	4_40
t_3673	4_40
t_3674	4_40
t_3675	4_40
t_3676	4_40
t_3677	4_41
t_3678	4_41
t_3679	4_41
t_3680	4_41
t_3681	4_41
t_3682	4_41
t_3683	4_41
t_3684	4_41
t_3685	4_41
t_3686	4_41
t_3687	4_41
t_3688	4_41
t_3689	4_41
t_3690	4_41
t_3691	4_41
t_3692	4_41
t_3693	4_41
t_3694	4_41
t_3695	4_41
t_3696	4_41
t_3697	4_41
t_3698	4_41
t_3699	4_41
t_3700	4_41
t_3701	4_41
t_3702	4_41
t_3703	4_41
t_3704	4_41
t_3705	4_41
t_3706	4_41
t_3707	4_41
t_3708	4_41
t_3709	4_42
t_3710	4_42
t_3711	4_42
t_3712	4_42
t_3713	4_42
t_3714	4_42
t_3715	4_42
t_3716	4_42
t_3717	4_42
t_3718	4_42
t_3719	4_42
t_3720	4_42
t_3721	4_42
t_3722	4_42
t_3723	4_42
t_3724	4_42
t_3725	4_42
t_3726	4_42
t_3727	4_42
t_3728	4_42
t_3729	4_42
t_3730	4_42
t_3731	4_42
t_3732	4_42
t_3733	4_42
t_3734	4_42
t_3735	4_42
t_3736	4_42
t_3737	4_42
t_3738	4_43
t_3739	4_43
t_3740	4_43
t_3741	4_43
t_3742	4_43
t_3743	4_43
t_3744	4_43
t_3745	4_43
t_3746	4_43
t_3747	4_43
t_3748	4_43
t_3749	4_43
t_3750	4_43
t_3751	4_43
t_3752	4_43
t_3753	4_43
t_3754	4_43
t_3755	4_43
t_3756	4_43
t_3757	4_43
t_3758	4_43
t_3759	4_43
t_3760	4_43
t_3761	4_44
t_3762	4_44
t_3763	4_44
t_3764	4_44
t_3765	4_44
t_3766	4_44
t_3767	4_44
t_3768	4_44
t_3769	4_44
t_3770	5_1
t_3771	5_1
t_3772	5_1
t_3773	5_1
t_3774	5_1
t_3775	5_1
t_3776	5_1
t_3777	5_1
t_3778	5_1
t_3779	5_1
t_3780	5_1
t_3781	5_1
t_3782	5_1
t_3783	5_1
t_3784	5_1
t_3785	5_1
t_3786	5_1
t_3787	5_1
t_3788	5_1
t_3789	5_1
t_3790	5_1
t_3791	5_1
t_3792	5_1
t_3793	5_2
t_3794	5_2
t_3795	5_2
t_3796	5_2
t_3797	5_2
t_3798	5_2
t_3799	5_2
t_3800	5_2
t_3801	5_2
t_3802	5_2
t_3803	5_2
t_3804	5_2
t_3805	5_2
t_3806	5_2
t_3807	5_2
t_3808	5_2
t_3809	5_2
t_3810	5_2
t_3811	5_2
t_3812	5_3
t_3813	5_3
t_3814	5_3
t_3815	5_3
t_3816	5_3
t_3817	5_3
t_3818	5_3
t_3819	5_3
t_3820	5_3
t_3821	5_3
t_3822	5_3
t_3823	5_3
t_3824	5_3
t_3825	5_3
t_3826	5_3
t_3827	5_3
t_3828	5_3
t_3829	5_3
t_3830	5_3
t_3831	5_3
t_3832	5_3
t_3833	5_3
t_3834	5_3
t_3835	5_3
t_3836	5_3
t_3837	5_3
t_3838	5_3
t_3839	5_3
t_3840	5_4
t_3841	5_4
t_3842	5_4
t_3843	5_4
t_3844	5_4
t_3845	5_4
t_3846	5_4
t_3847	5_4
t_3848	5_4
t_3849	5_4
t_3850	5_4
t_3851	5_4
t_3852	5_4
t_3853	5_4
t_3854	5_4
t_3855	5_4
t_3856	5_4
t_3857	5_4
t_3858	5_4
t_3859	5_4
t_3860	5_4
t_3861	5_5
t_3862	5_5
t_3863	5_5
t_3864	5_5
t_3865	5_5
t_3866	5_5
t_3867	5_5
t_3868	5_5
t_3869	5_5
t_3870	5_5
t_3871	5_5
t_3872	5_5
t_3873	5_5
t_3874	5_5
t_3875	5_5
t_3876	5_5
t_3877	5_5
t_3878	5_5
t_3879	5_5
t_3880	5_5
t_3881	5_5
t_3882	5_5
t_3883	5_6
t_3884	5_6
t_3885	5_6
t_3886	5_6
t_3887	5_6
t_3888	5_6
t_3889	5_6
t_3890	5_6
t_3891	5_6
t_3892	5_6
t_3893	5_6
t_3894	5_6
t_3895	5_6
t_3896	5_6
t_3897	5_7
t_3898	5_7
t_3899	5_7
t_3900	5_7
t_3901	5_7
t_3902	5_7
t_3903	5_7
t_3904	5_7
t_3905	5_7
t_3906	5_7
t_3907	5_7
t_3908	5_7
t_3909	5_7
t_3910	5_7
t_3911	5_7
t_3912	5_7
t_3913	5_7
t_3914	5_7
t_3915	5_7
t_3916	5_7
t_3917	5_7
t_3918	5_7
t_3919	5_7
t_3920	5_7
t_3921	5_7
t_3922	5_8
t_3923	5_8
t_3924	5_8
t_3925	5_8
t_3926	5_8
t_3927	5_8
t_3928	5_8
t_3929	5_8
t_3930	5_8
t_3931	5_8
t_3932	5_8
t_3933	5_8
t_3934	5_8
t_3935	5_8
t_3936	5_8
t_3937	5_8
t_3938	5_8
t_3939	5_8
t_3940	5_8
t_3941	5_8
t_3942	5_9
t_3943	5_9
t_3944	5_9
t_3945	5_9
t_3946	5_9
t_3947	5_9
t_3948	5_9
t_3949	5_9
t_3950	5_9
t_3951	5_9
t_3952	5_9
t_3953	5_9
t_3954	5_9
t_3955	5_9
t_3956	5_9
t_3957	5_9
t_3958	5_9
t_3959	5_10
t_3960	5_10
t_3961	5_10
t_3962	5_10
t_3963	5_10
t_3964	5_10
t_3965	5_10
t_3966	5_10
t_3967	5_10
t_3968	5_10
t_3969	5_10
t_3970	5_10
t_3971	5_10
t_3972	5_10
t_3973	5_10
t_3974	5_10
t_3975	5_10
t_3976	5_10
t_3977	5_10
t_3978	5_10
t_3979	5_10
t_3980	5_10
t_3981	5_10
t_3982	5_10
t_3983	5_10
t_3984	5_10
t_3985	5_10
t_3986	5_10
t_3987	5_10
t_3988	5_10
t_3989	5_10
t_3990	5_11
t_3991	5_11
t_3992	5_11
t_3993	5_11
t_3994	5_11
t_3995	5_11
t_3996	5_11
t_3997	5_11
t_3998	5_11
t_3999	5_11
t_4000	5_11
t_4001	5_11
t_4002	5_12
t_4003	5_12
t_4004	5_12
t_4005	5_12
t_4006	5_12
t_4007	5_12
t_4008	5_12
t_4009	5_12
t_4010	5_12
t_4011	5_12
t_4012	5_12
t_4013	5_12
t_4014	5_12
t_4015	5_12
t_4016	5_12
t_4017	5_12
t_4018	5_12
t_4019	5_12
t_4020	5_12
t_4021	5_12
t_4022	5_12
t_4023	5_12
t_4024	5_12
t_4025	5_12
t_4026	5_12
t_4027	5_12
t_4028	5_12
t_4029	5_12
t_4030	5_12
t_4031	5_12
t_4032	5_12
t_4033	5_12
t_4034	5_12
t_4035	5_12
t_4036	5_13
t_4037	5_13
t_4038	5_13
t_4039	5_13
t_4040	5_13
t_4041	5_13
t_4042	5_13
t_4043	5_13
t_4044	5_13
t_4045	5_13
t_4046	5_13
t_4047	5_13
t_4048	5_13
t_4049	5_13
t_4050	5_13
t_4051	5_13
t_4052	5_13
t_4053	5_13
t_4054	5_13
t_4055	5_14
t_4056	5_14
t_4057	5_14
t_4058	5_14
t_4059	5_14
t_4060	5_14
t_4061	5_14
t_4062	5_14
t_4063	5_14
t_4064	5_14
t_4065	5_14
t_4066	5_14
t_4067	5_14
t_4068	5_14
t_4069	5_14
t_4070	5_14
t_4071	5_14
t_4072	5_14
t_4073	5_14
t_4074	5_14
t_4075	5_14
t_4076	5_14
t_4077	5_14
t_4078	5_14
t_4079	5_14
t_4080	5_14
t_4081	5_14
t_4082	5_15
t_4083	5_15
t_4084	5_15
t_4085	5_15
t_4086	5_15
t_4087	5_15
t_4088	5_15
t_4089	5_15
t_4090	5_15
t_4091	5_15
t_4092	5_15
t_4093	5_15
t_4094	5_15
t_4095	5_15
t_4096	5_15
t_4097	5_15
t_4098	5_15
t_4099	5_15
t_4100	5_15
t_4101	5_15
t_4102	5_16
t_4103	5_16
t_4104	5_16
t_4105	5_16
t_4106	5_16
t_4107	5_16
t_4108	5_16
t_4109	5_16
t_4110	5_16
t_4111	5_16
t_4112	5_17
t_4113	5_17
t_4114	5_17
t_4115	5_17
t_4116	5_17
t_4117	5_17
t_4118	5_17
t_4119	5_17
t_4120	5_17
t_4121	5_17
t_4122	5_17
t_4123	5_17
t_4124	5_17
t_4125	5_17
t_4126	5_17
t_4127	5_17
t_4128	5_17
t_4129	5_17
t_4130	5_17
t_4131	5_17
t_4132	5_17
t_4133	5_17
t_4134	5_17
t_4135	5_17
t_4136	5_17
t_4137	5_17
t_4138	5_17
t_4139	5_17
t_4140	5_17
t_4141	5_17
t_4142	5_17
t_4143	5_17
t_4144	5_17
t_4145	5_17
t_4146	5_17
t_4147	5_17
t_4148	5_17
t_4149	5_17
t_4150	5_17
t_4151	5_18
t_4152	5_18
t_4153	5_18
t_4154	5_18
t_4155	5_18
t_4156	5_18
t_4157	5_18
t_4158	5_18
t_4159	5_18
t_4160	5_18
t_4161	5_18
t_4162	5_18
t_4163	5_18
t_4164	5_18
t_4165	5_18
t_4166	5_18
t_4167	5_18
t_4168	5_18
t_4169	5_18
t_4170	5_18
t_4171	5_18
t_4172	5_18
t_4173	5_18
t_4174	5_19
t_4175	5_19
t_4176	5_19
t_4177	5_19
t_4178	5_19
t_4179	5_19
t_4180	5_19
t_4181	5_19
t_4182	5_19
t_4183	5_19
t_4184	5_19
t_4185	5_19
t_4186	5_19
t_4187	5_19
t_4188	5_19
t_4189	5_19
t_4190	5_19
t_4191	5_19
t_4192	5_19
t_4193	5_19
t_4194	5_19
t_4195	5_19
t_4196	5_19
t_4197	5_19
t_4198	5_19
t_4199	5_19
t_4200	5_19
t_4201	5_19
t_4202	5_20
t_4203	5_20
t_4204	5_20
t_4205	5_20
t_4206	5_20
t_4207	5_20
t_4208	5_20
t_4209	5_20
t_4210	5_20
t_4211	5_20
t_4212	5_20
t_4213	5_20
t_4214	5_20
t_4215	5_20
t_4216	5_21
t_4217	5_21
t_4218	5_21
t_4219	5_21
t_4220	5_21
t_4221	5_21
t_4222	5_21
t_4223	5_21
t_4224	5_21
t_4225	5_21
t_4226	5_21
t_4227	5_21
t_4228	5_21
t_4229	5_21
t_4230	5_21
t_4231	5_21
t_4232	5_21
t_4233	5_21
t_4234	5_21
t_4235	5_21
t_4236	5_21
t_4237	5_21
t_4238	5_21
t_4239	5_21
t_4240	5_21
t_4241	5_21
t_4242	5_22
t_4243	5_22
t_4244	5_22
t_4245	5_22
t_4246	5_22
t_4247	5_22
t_4248	5_22
t_4249	5_22
t_4250	5_22
t_4251	5_22
t_4252	5_22
t_4253	5_22
t_4254	5_22
t_4255	5_22
t_4256	5_22
t_4257	5_22
t_4258	5_22
t_4259	5_22
t_4260	5_23
t_4261	5_23
t_4262	5_23
t_4263	5_23
t_4264	5_23
t_4265	5_23
t_4266	5_23
t_4267	5_23
t_4268	5_23
t_4269	5_23
t_4270	5_23
t_4271	5_23
t_4272	5_23
t_4273	5_23
t_4274	5_23
t_4275	5_23
t_4276	5_23
t_4277	5_24
t_4278	5_24
t_4279	5_24
t_4280	5_24
t_4281	5_24
t_4282	5_24
t_4283	5_24
t_4284	5_24
t_4285	5_24
t_4286	5_24
t_4287	5_24
t_4288	5_24
t_4289	5_24
t_4290	5_24
t_4291	5_24
t_4292	5_24
t_4293	5_24
t_4294	5_24
t_4295	5_24
t_4296	5_24
t_4297	5_24
t_4298	5_24
t_4299	5_24
t_4300	5_24
t_4301	5_24
t_4302	5_24
t_4303	5_24
t_4304	5_24
t_4305	5_24
t_4306	5_24
t_4307	5_24
t_4308	5_24
t_4309	5_24
t_4310	5_24
t_4311	5_25
t_4312	5_25
t_4313	5_25
t_4314	5_25
t_4315	5_25
t_4316	5_25
t_4317	5_25
t_4318	5_25
t_4319	5_25
t_4320	5_25
t_4321	5_25
t_4322	5_25
t_4323	5_25
t_4324	5_25
t_4325	5_25
t_4326	5_25
t_4327	5_25
t_4328	5_25
t_4329	5_25
t_4330	5_25
t_4331	5_26
t_4332	5_26
t_4333	5_26
t_4334	5_26
t_4335	5_26
t_4336	5_26
t_4337	5_26
t_4338	5_26
t_4339	5_26
t_4340	5_26
t_4341	5_26
t_4342	5_26
t_4343	5_26
t_4344	5_26
t_4345	5_26
t_4346	5_26
t_4347	5_26
t_4348	5_26
t_4349	5_27
t_4350	5_27
t_4351	5_27
t_4352	5_27
t_4353	5_27
t_4354	5_27
t_4355	5_27
t_4356	5_27
t_4357	5_27
t_4358	5_27
t_4359	5_27
t_4360	5_27
t_4361	5_27
t_4362	5_27
t_4363	5_27
t_4364	5_27
t_4365	5_27
t_4366	5_27
t_4367	5_27
t_4368	5_27
t_4369	5_28
t_4370	5_28
t_4371	5_28
t_4372	5_28
t_4373	5_28
t_4374	5_28
t_4375	5_28
t_4376	5_29
t_4377	5_29
t_4378	5_29
t_4379	5_29
t_4380	5_29
t_4381	5_29
t_4382	5_29
t_4383	5_29
t_4384	5_29
t_4385	5_29
t_4386	5_29
t_4387	5_29
t_4388	5_29
t_4389	5_29
t_4390	5_29
t_4391	5_29
t_4392	5_29
t_4393	5_29
t_4394	5_29
t_4395	5_29
t_4396	5_29
t_4397	5_29
t_4398	5_29
t_4399	5_29
t_4400	5_30
t_4401	5_30
t_4402	5_30
t_4403	5_30
t_4404	5_30
t_4405	5_30
t_4406	5_30
t_4407	5_30
t_4408	5_30
t_4409	5_30
t_4410	5_30
t_4411	5_30
t_4412	5_30
t_4413	5_30
t_4414	5_30
t_4415	5_30
t_4416	5_30
t_4417	5_30
t_4418	5_30
t_4419	5_30
t_4420	5_30
t_4421	5_30
t_4422	5_30
t_4423	5_30
t_4424	5_31
t_4425	5_31
t_4426	5_31
t_4427	5_31
t_4428	5_31
t_4429	5_31
t_4430	5_31
t_4431	5_31
t_4432	5_31
t_4433	5_31
t_4434	5_31
t_4435	5_31
t_4436	5_31
t_4437	5_31
t_4438	5_31
t_4439	5_31
t_4440	5_31
t_4441	5_31
t_4442	5_31
t_4443	5_31
t_4444	5_32
t_4445	5_32
t_4446	5_32
t_4447	5_32
t_4448	5_32
t_4449	5_32
t_4450	5_32
t_4451	5_32
t_4452	5_32
t_4453	5_33
t_4454	5_33
t_4455	5_33
t_4456	5_33
t_4457	5_33
t_4458	5_33
t_4459	5_33
t_4460	5_33
t_4461	5_33
t_4462	5_33
t_4463	5_33
t_4464	5_33
t_4465	5_33
t_4466	5_33
t_4467	5_33
t_4468	5_33
t_4469	5_33
t_4470	5_33
t_4471	5_33
t_4472	5_33
t_4473	5_33
t_4474	5_33
t_4475	5_33
t_4476	5_33
t_4477	5_33
t_4478	5_33
t_4479	5_33
t_4480	5_34
t_4481	5_34
t_4482	5_34
t_4483	5_34
t_4484	5_34
t_4485	5_34
t_4486	5_34
t_4487	5_34
t_4488	5_34
t_4489	5_34
t_4490	5_34
t_4491	5_34
t_4492	5_34
t_4493	5_34
t_4494	5_34
t_4495	5_34
t_4496	5_34
t_4497	5_34
t_4498	5_34
t_4499	5_34
t_4500	5_34
t_4501	5_34
t_4502	5_35
t_4503	5_35
t_4504	5_35
t_4505	5_35
t_4506	5_35
t_4507	5_35
t_4508	5_35
t_4509	5_35
t_4510	5_35
t_4511	5_35
t_4512	5_35
t_4513	5_35
t_4514	5_35
t_4515	5_35
t_4516	5_35
t_4517	5_35
t_4518	5_35
t_4519	5_35
t_4520	5_36
t_4521	5_36
t_4522	5_36
t_4523	5_36
t_4524	5_36
t_4525	5_36
t_4526	5_36
t_4527	5_36
t_4528	5_36
t_4529	5_36
t_4530	5_36
t_4531	5_36
t_4532	5_36
t_4533	5_36
t_4534	5_36
t_4535	5_36
t_4536	5_36
t_4537	5_36
t_4538	5_36
t_4539	5_36
t_4540	5_36
t_4541	5_36
t_4542	5_36
t_4543	5_36
t_4544	5_36
t_4545	5_36
t_4546	5_36
t_4547	5_36
t_4548	5_36
t_4549	5_36
t_4550	5_36
t_4551	5_36
t_4552	5_36
t_4553	5_36
t_4554	5_36
t_4555	5_36
t_4556	5_36
t_4557	5_36
t_4558	5_37
t_4559	5_37
t_4560	5_37
t_4561	5_37
t_4562	5_37
t_4563	5_37
t_4564	5_37
t_4565	5_37
t_4566	5_37
t_4567	5_37
t_4568	5_37
t_4569	5_37
t_4570	5_37
t_4571	5_37
t_4572	5_37
t_4573	5_37
t_4574	5_37
t_4575	5_37
t_4576	5_37
t_4577	5_37
t_4578	5_37
t_4579	5_37
t_4580	5_37
t_4581	5_37
t_4582	5_37
t_4583	5_37
t_4584	5_37
t_4585	5_37
t_4586	5_37
t_4587	5_38
t_4588	5_38
t_4589	5_38
t_4590	5_38
t_4591	5_38
t_4592	5_38
t_4593	5_38
t_4594	5_38
t_4595	5_39
t_4596	5_39
t_4597	5_39
t_4598	5_39
t_4599	5_39
t_4600	5_39
t_4601	5_39
t_4602	5_39
t_4603	5_39
t_4604	5_39
t_4605	5_39
t_4606	5_39
t_4607	5_39
t_4608	5_39
t_4609	5_39
t_4610	6_1
t_4611	6_1
t_4612	6_1
t_4613	6_1
t_4614	6_1
t_4615	6_1
t_4616	6_1
t_4617	6_1
t_4618	6_1
t_4619	6_1
t_4620	6_1
t_4621	6_1
t_4622	6_1
t_4623	6_1
t_4624	6_1
t_4625	6_1
t_4626	6_1
t_4627	6_1
t_4628	6_1
t_4629	6_1
t_4630	6_1
t_4631	6_1
t_4632	6_2
t_4633	6_2
t_4634	6_2
t_4635	6_2
t_4636	6_2
t_4637	6_2
t_4638	6_2
t_4639	6_2
t_4640	6_2
t_4641	6_2
t_4642	6_2
t_4643	6_2
t_4644	6_2
t_4645	6_3
t_4646	6_3
t_4647	6_3
t_4648	6_3
t_4649	6_3
t_4650	6_3
t_4651	6_3
t_4652	6_3
t_4653	6_3
t_4654	6_3
t_4655	6_3
t_4656	6_3
t_4657	6_3
t_4658	6_3
t_4659	6_3
t_4660	6_3
t_4661	6_3
t_4662	6_3
t_4663	6_3
t_4664	6_3
t_4665	6_3
t_4666	6_3
t_4667	6_3
t_4668	6_4
t_4669	6_4
t_4670	6_4
t_4671	6_4
t_4672	6_4
t_4673	6_4
t_4674	6_4
t_4675	6_4
t_4676	6_4
t_4677	6_4
t_4678	6_4
t_4679	6_4
t_4680	6_4
t_4681	6_4
t_4682	6_4
t_4683	6_4
t_4684	6_4
t_4685	6_4
t_4686	6_4
t_4687	6_4
t_4688	6_4
t_4689	6_4
t_4690	6_4
t_4691	6_4
t_4692	6_4
t_4693	6_4
t_4694	6_4
t_4695	6_4
t_4696	6_4
t_4697	6_4
t_4698	6_4
t_4699	6_4
t_4700	6_5
t_4701	6_5
t_4702	6_5
t_4703	6_5
t_4704	6_5
t_4705	6_5
t_4706	6_5
t_4707	6_5
t_4708	6_5
t_4709	6_5
t_4710	6_5
t_4711	6_5
t_4712	6_6
t_4713	6_6
t_4714	6_6
t_4715	6_6
t_4716	6_6
t_4717	6_6
t_4718	6_6
t_4719	6_6
t_4720	6_6
t_4721	6_6
t_4722	6_6
t_4723	6_6
t_4724	6_6
t_4725	6_6
t_4726	6_6
t_4727	6_6
t_4728	6_6
t_4729	6_6
t_4730	6_6
t_4731	6_6
t_4732	6_6
t_4733	6_6
t_4734	6_6
t_4735	6_6
t_4736	6_6
t_4737	6_6
t_4738	6_7
t_4739	6_7
t_4740	6_7
t_4741	6_7
t_4742	6_7
t_4743	6_7
t_4744	6_7
t_4745	6_7
t_4746	6_7
t_4747	6_7
t_4748	6_7
t_4749	6_7
t_4750	6_7
t_4751	6_7
t_4752	6_7
t_4753	6_7
t_4754	6_7
t_4755	6_7
t_4756	6_7
t_4757	6_8
t_4758	6_8
t_4759	6_8
t_4760	6_8
t_4761	6_8
t_4762	6_8
t_4763	6_8
t_4764	6_8
t_4765	6_8
t_4766	6_8
t_4767	6_8
t_4768	6_8
t_4769	6_8
t_4770	6_8
t_4771	6_8
t_4772	6_8
t_4773	6_8
t_4774	6_8
t_4775	6_8
t_4776	6_8
t_4777	6_8
t_4778	6_8
t_4779	6_8
t_4780	6_8
t_4781	6_8
t_4782	6_8
t_4783	6_8
t_4784	6_9
t_4785	6_9
t_4786	6_9
t_4787	6_9
t_4788	6_9
t_4789	6_9
t_4790	6_9
t_4791	6_9
t_4792	6_9
t_4793	6_9
t_4794	6_9
t_4795	6_9
t_4796	6_9
t_4797	6_9
t_4798	6_9
t_4799	6_9
t_4800	6_9
t_4801	6_9
t_4802	6_9
t_4803	6_9
t_4804	6_9
t_4805	6_9
t_4806	6_9
t_4807	6_9
t_4808	6_10
t_4809	6_10
t_4810	6_10
t_4811	6_10
t_4812	6_10
t_4813	6_10
t_4814	6_10
t_4815	6_10
t_4816	6_10
t_4817	6_10
t_4818	6_10
t_4819	6_10
t_4820	6_10
t_4821	6_10
t_4822	6_10
t_4823	6_10
t_4824	6_10
t_4825	6_10
t_4826	6_10
t_4827	6_10
t_4828	6_10
t_4829	6_11
t_4830	6_11
t_4831	6_11
t_4832	6_11
t_4833	6_11
t_4834	6_11
t_4835	6_11
t_4836	6_11
t_4837	6_11
t_4838	6_11
t_4839	6_11
t_4840	6_11
t_4841	6_11
t_4842	6_11
t_4843	6_11
t_4844	6_12
t_4845	6_12
t_4846	6_12
t_4847	6_12
t_4848	6_12
t_4849	6_12
t_4850	6_12
t_4851	6_12
t_4852	6_12
t_4853	6_12
t_4854	6_12
t_4855	6_12
t_4856	6_12
t_4857	6_12
t_4858	6_12
t_4859	6_12
t_4860	6_12
t_4861	6_12
t_4862	6_12
t_4863	6_12
t_4864	6_12
t_4865	6_12
t_4866	6_13
t_4867	6_13
t_4868	6_13
t_4869	6_13
t_4870	6_13
t_4871	6_13
t_4872	6_13
t_4873	6_13
t_4874	6_13
t_4875	6_13
t_4876	6_13
t_4877	6_13
t_4878	6_13
t_4879	6_13
t_4880	6_13
t_4881	6_13
t_4882	6_13
t_4883	6_13
t_4884	6_13
t_4885	6_13
t_4886	6_13
t_4887	6_14
t_4888	6_14
t_4889	6_14
t_4890	6_14
t_4891	6_14
t_4892	6_14
t_4893	6_14
t_4894	6_14
t_4895	6_14
t_4896	6_14
t_4897	6_14
t_4898	6_14
t_4899	6_14
t_4900	6_14
t_4901	6_14
t_4902	6_14
t_4903	6_14
t_4904	6_14
t_4905	6_15
t_4906	6_15
t_4907	6_15
t_4908	6_15
t_4909	6_15
t_4910	6_15
t_4911	6_15
t_4912	6_15
t_4913	6_15
t_4914	6_15
t_4915	6_15
t_4916	6_15
t_4917	6_15
t_4918	6_15
t_4919	6_16
t_4920	6_16
t_4921	6_16
t_4922	6_16
t_4923	6_16
t_4924	6_16
t_4925	6_16
t_4926	6_16
t_4927	6_16
t_4928	6_16
t_4929	6_17
t_4930	6_17
t_4931	6_17
t_4932	6_17
t_4933	6_17
t_4934	6_17
t_4935	6_17
t_4936	6_17
t_4937	6_17
t_4938	6_17
t_4939	6_17
t_4940	6_17
t_4941	6_17
t_4942	6_17
t_4943	6_17
t_4944	6_17
t_4945	6_17
t_4946	6_17
t_4947	6_17
t_4948	6_17
t_4949	6_17
t_4950	6_17
t_4951	6_17
t_4952	6_17
t_4953	6_17
t_4954	6_17
t_4955	6_17
t_4956	6_17
t_4957	6_17
t_4958	6_17
t_4959	6_17
t_4960	6_17
t_4961	6_17
t_4962	6_18
t_4963	6_18
t_4964	6_18
t_4965	6_18
t_4966	6_18
t_4967	6_18
t_4968	6_18
t_4969	6_18
t_4970	6_18
t_4971	6_18
t_4972	6_18
t_4973	6_18
t_4974	6_18
t_4975	6_18
t_4976	6_18
t_4977	6_18
t_4978	6_18
t_4979	6_18
t_4980	6_18
t_4981	6_19
t_4982	6_19
t_4983	6_19
t_4984	6_19
t_4985	6_19
t_4986	6_19
t_4987	6_19
t_4988	6_19
t_4989	6_19
t_4990	6_19
t_4991	6_19
t_4992	6_19
t_4993	6_19
t_4994	6_19
t_4995	6_19
t_4996	6_19
t_4997	6_19
t_4998	6_20
t_4999	6_20
t_5000	6_20
t_5001	6_20
t_5002	6_20
t_5003	6_20
t_5004	6_20
t_5005	6_20
t_5006	6_20
t_5007	6_20
t_5008	6_20
t_5009	6_20
t_5010	6_20
t_5011	6_20
t_5012	6_20
t_5013	6_20
t_5014	6_20
t_5015	6_20
t_5016	6_20
t_5017	6_20
t_5018	6_20
t_5019	6_20
t_5020	6_20
t_5021	6_21
t_5022	6_21
t_5023	6_21
t_5024	6_21
t_5025	6_21
t_5026	6_21
t_5027	6_21
t_5028	6_21
t_5029	6_21
t_5030	6_21
t_5031	6_21
t_5032	6_21
t_5033	6_21
t_5034	6_21
t_5035	6_21
t_5036	6_21
t_5037	6_22
t_5038	6_22
t_5039	6_22
t_5040	6_22
t_5041	6_22
t_5042	6_22
t_5043	6_22
t_5044	6_22
t_5045	6_22
t_5046	6_22
t_5047	6_22
t_5048	6_22
t_5049	6_22
t_5050	6_22
t_5051	6_22
t_5052	6_22
t_5053	6_22
t_5054	6_22
t_5055	6_22
t_5056	6_22
t_5057	6_22
t_5058	6_22
t_5059	6_22
t_5060	6_22
t_5061	6_22
t_5062	6_22
t_5063	6_22
t_5064	6_23
t_5065	6_23
t_5066	6_23
t_5067	6_23
t_5068	6_23
t_5069	6_23
t_5070	6_23
t_5071	6_23
t_5072	6_23
t_5073	6_23
t_5074	6_23
t_5075	6_23
t_5076	6_23
t_5077	6_23
t_5078	6_23
t_5079	6_23
t_5080	6_23
t_5081	6_23
t_5082	6_23
t_5083	6_23
t_5084	6_23
t_5085	6_23
t_5086	6_23
t_5087	6_23
t_5088	6_23
t_5089	6_23
t_5090	6_23
t_5091	6_23
t_5092	6_23
t_5093	6_24
t_5094	6_24
t_5095	6_24
t_5096	6_24
t_5097	6_24
t_5098	6_24
t_5099	6_24
t_5100	6_24
t_5101	6_24
t_5102	6_24
t_5103	6_24
t_5104	6_24
t_5105	6_25
t_5106	6_25
t_5107	6_25
t_5108	6_25
t_5109	6_25
t_5110	6_25
t_5111	6_25
t_5112	6_25
t_5113	6_25
t_5114	6_25
t_5115	6_25
t_5116	6_25
t_5117	6_25
t_5118	6_25
t_5119	6_25
t_5120	6_25
t_5121	6_25
t_5122	6_25
t_5123	6_25
t_5124	6_25
t_5125	6_25
t_5126	6_26
t_5127	6_26
t_5128	6_26
t_5129	6_26
t_5130	6_26
t_5131	6_26
t_5132	6_26
t_5133	6_26
t_5134	6_26
t_5135	6_26
t_5136	6_26
t_5137	6_26
t_5138	6_26
t_5139	6_26
t_5140	6_26
t_5141	6_26
t_5142	6_26
t_5143	6_26
t_5144	6_26
t_5145	6_26
t_5146	6_27
t_5147	6_27
t_5148	6_27
t_5149	6_27
t_5150	6_27
t_5151	6_27
t_5152	6_27
t_5153	6_27
t_5154	6_27
t_5155	6_27
t_5156	6_27
t_5157	6_27
t_5158	6_27
t_5159	6_27
t_5160	6_27
t_5161	6_27
t_5162	6_27
t_5163	6_28
t_5164	6_28
t_5165	6_28
t_5166	6_28
t_5167	6_28
t_5168	6_28
t_5169	6_28
t_5170	6_28
t_5171	6_28
t_5172	6_28
t_5173	6_28
t_5174	6_29
t_5175	6_29
t_5176	6_29
t_5177	6_29
t_5178	6_29
t_5179	6_29
t_5180	6_29
t_5181	6_29
t_5182	6_29
t_5183	6_29
t_5184	6_29
t_5185	6_29
t_5186	6_29
t_5187	6_29
t_5188	6_29
t_5189	6_29
t_5190	6_29
t_5191	6_29
t_5192	6_29
t_5193	6_29
t_5194	6_29
t_5195	6_29
t_5196	6_29
t_5197	6_29
t_5198	6_30
t_5199	6_30
t_5200	6_30
t_5201	6_30
t_5202	6_30
t_5203	6_30
t_5204	6_30
t_5205	6_30
t_5206	6_30
t_5207	6_30
t_5208	6_30
t_5209	6_30
t_5210	6_30
t_5211	6_30
t_5212	6_31
t_5213	6_31
t_5214	6_31
t_5215	6_31
t_5216	6_31
t_5217	6_31
t_5218	6_31
t_5219	6_31
t_5220	6_31
t_5221	6_31
t_5222	6_31
t_5223	6_31
t_5224	6_31
t_5225	6_32
t_5226	6_32
t_5227	6_32
t_5228	6_32
t_5229	6_32
t_5230	6_32
t_5231	6_32
t_5232	6_32
t_5233	6_32
t_5234	6_32
t_5235	6_32
t_5236	6_32
t_5237	6_32
t_5238	6_32
t_5239	6_32
t_5240	6_32
t_5241	6_32
t_5242	6_32
t_5243	6_32
t_5244	6_32
t_5245	6_32
t_5246	6_33
t_5247	6_33
t_5248	6_33
t_5249	6_33
t_5250	6_33
t_5251	6_33
t_5252	6_33
t_5253	6_33
t_5254	6_33
t_5255	6_33
t_5256	6_33
t_5257	6_33
t_5258	6_33
t_5259	6_33
t_5260	6_33
t_5261	6_33
t_5262	6_33
t_5263	6_33
t_5264	6_33
t_5265	6_33
t_5266	6_33
t_5267	6_33
t_5268	6_34
t_5269	6_34
t_5270	6_34
t_5271	6_34
t_5272	6_34
t_5273	6_34
t_5274	6_34
t_5275	6_34
t_5276	6_34
t_5277	6_34
t_5278	6_34
t_5279	6_34
t_5280	6_34
t_5281	6_34
t_5282	6_34
t_5283	6_34
t_5284	6_34
t_5285	6_34
t_5286	6_34
t_5287	6_34
t_5288	6_34
t_5289	6_34
t_5290	6_34
t_5291	6_34
t_5292	6_35
t_5293	6_35
t_5294	6_35
t_5295	6_35
t_5296	6_35
t_5297	6_35
t_5298	6_35
t_5299	6_35
t_5300	6_35
t_5301	6_35
t_5302	6_35
t_5303	6_35
t_5304	6_35
t_5305	6_35
t_5306	6_35
t_5307	6_35
t_5308	6_35
t_5309	6_35
t_5310	6_35
t_5311	6_35
t_5312	6_35
t_5313	6_35
t_5314	6_35
t_5315	6_35
t_5316	6_35
t_5317	6_35
t_5318	6_35
t_5319	6_35
t_5320	6_35
t_5321	6_35
t_5322	6_35
t_5323	6_35
t_5324	6_35
t_5325	6_35
t_5326	6_36
t_5327	6_36
t_5328	6_36
t_5329	6_36
t_5330	6_36
t_5331	6_36
t_5332	6_36
t_5333	6_36
t_5334	6_36
t_5335	6_37
t_5336	6_37
t_5337	6_37
t_5338	6_37
t_5339	6_37
t_5340	6_37
t_5341	6_37
t_5342	6_37
t_5343	6_37
t_5344	6_37
t_5345	6_37
t_5346	6_37
t_5347	6_37
t_5348	6_37
t_5349	6_37
t_5350	6_37
t_5351	6_37
t_5352	6_37
t_5353	6_37
t_5354	6_37
t_5355	6_37
t_5356	6_37
t_5357	6_37
t_5358	6_38
t_5359	6_38
t_5360	6_38
t_5361	6_38
t_5362	6_38
t_5363	6_38
t_5364	6_38
t_5365	6_38
t_5366	6_38
t_5367	6_38
t_5368	6_38
t_5369	6_38
t_5370	6_38
t_5371	6_38
t_5372	6_38
t_5373	6_38
t_5374	6_38
t_5375	6_38
t_5376	6_38
t_5377	6_38
t_5378	6_38
t_5379	6_38
t_5380	6_38
t_5381	6_38
t_5382	6_39
t_5383	6_39
t_5384	6_39
t_5385	6_39
t_5386	6_39
t_5387	6_39
t_5388	6_39
t_5389	6_39
t_5390	6_39
t_5391	6_39
t_5392	6_39
t_5393	6_39
t_5394	6_39
t_5395	6_39
t_5396	6_39
t_5397	6_39
t_5398	6_39
t_5399	6_40
t_5400	6_40
t_5401	6_40
t_5402	6_40
t_5403	6_40
t_5404	6_40
t_5405	6_40
t_5406	6_40
t_5407	6_40
t_5408	6_40
t_5409	6_40
t_5410	6_40
t_5411	6_40
t_5412	6_40
t_5413	6_40
t_5414	6_40
t_5415	6_41
t_5416	6_41
t_5417	6_41
t_5418	6_41
t_5419	6_41
t_5420	6_41
t_5421	6_41
t_5422	6_41
t_5423	6_41
t_5424	6_41
t_5425	6_41
t_5426	6_41
t_5427	6_41
t_5428	6_41
t_5429	6_41
t_5430	6_41
t_5431	6_41
t_5432	6_41
t_5433	6_41
t_5434	6_41
t_5435	6_41
t_5436	6_41
t_5437	6_41
t_5438	6_41
t_5439	6_42
t_5440	6_42
t_5441	6_42
t_5442	6_42
t_5443	6_42
t_5444	6_42
t_5445	6_42
t_5446	6_42
t_5447	6_42
t_5448	6_42
t_5449	6_42
t_5450	6_42
t_5451	6_42
t_5452	6_42
t_5453	6_42
t_5454	6_42
t_5455	6_42
t_5456	6_42
t_5457	6_42
t_5458	6_42
t_5459	6_42
t_5460	6_42
t_5461	6_42
t_5462	6_42
t_5463	6_42
t_5464	6_42
t_5465	6_42
t_5466	6_42
t_5467	6_42
t_5468	6_42
t_5469	6_42
t_5470	6_42
t_5471	6_42
t_5472	6_42
t_5473	6_42
t_5474	6_42
t_5475	6_42
t_5476	6_42
t_5477	6_42
t_5478	6_42
t_5479	6_42
t_5480	6_42
t_5481	6_42
t_5482	6_42
t_5483	6_42
t_5484	6_42
t_5485	6_42
t_5486	6_42
t_5487	6_42
t_5488	6_42
t_5489	6_42
t_5490	6_42
t_5491	6_42
t_5492	6_43
t_5493	6_43
t_5494	6_43
t_5495	6_43
t_5496	6_43
t_5497	6_43
t_5498	6_43
t_5499	6_43
t_5500	6_43
t_5501	6_43
t_5502	6_43
t_5503	6_43
t_5504	6_43
t_5505	6_43
t_5506	6_43
t_5507	6_43
t_5508	6_43
t_5509	6_43
t_5510	6_43
t_5511	6_43
t_5512	6_43
t_5513	6_43
t_5514	6_43
t_5515	6_43
t_5516	6_43
t_5517	6_43
t_5518	6_43
t_5519	6_44
t_5520	6_44
t_5521	6_44
t_5522	6_44
t_5523	6_44
t_5524	6_44
t_5525	6_44
t_5526	6_44
t_5527	6_44
t_5528	6_44
t_5529	6_44
t_5530	6_44
t_5531	6_44
t_5532	6_44
t_5533	6_45
t_5534	6_45
t_5535	6_45
t_5536	6_45
t_5537	6_45
t_5538	6_45
t_5539	6_45
t_5540	6_45
t_5541	6_45
t_5542	6_45
t_5543	6_45
t_5544	6_45
t_5545	6_45
t_5546	6_45
t_5547	6_45
t_5548	6_45
t_5549	6_45
t_5550	6_45
t_5551	6_45
t_5552	6_45
t_5553	6_45
t_5554	6_45
t_5555	6_45
t_5556	6_45
t_5557	6_45
t_5558	6_45
t_5559	6_45
t_5560	6_45
t_5561	6_45
t_5562	6_45
t_5563	6_45
t_5564	6_45
t_5565	6_46
t_5566	6_46
t_5567	6_46
t_5568	6_46
t_5569	6_46
t_5570	6_46
t_5571	6_46
t_5572	6_46
t_5573	6_46
t_5574	6_46
t_5575	6_46
t_5576	6_46
t_5577	6_46
t_5578	6_47
t_5579	6_47
t_5580	6_47
t_5581	6_47
t_5582	6_47
t_5583	6_47
t_5584	6_47
t_5585	6_47
t_5586	6_47
t_5587	6_47
t_5588	6_47
t_5589	6_47
t_5590	6_47
t_5591	6_47
t_5592	6_47
t_5593	6_47
t_5594	6_47
t_5595	6_47
t_5596	6_47
t_5597	6_47
t_5598	6_48
t_5599	6_48
t_5600	6_48
t_5601	6_48
t_5602	6_48
t_5603	6_48
t_5604	6_48
t_5605	6_48
t_5606	6_48
t_5607	6_48
t_5608	6_48
t_5609	6_48
t_5610	6_48
t_5611	6_48
t_5612	6_48
t_5613	6_48
t_5614	6_48
t_5615	6_48
t_5616	6_48
t_5617	6_48
t_5618	6_48
t_5619	6_48
t_5620	6_48
t_5621	6_48
t_5622	6_48
t_5623	6_48
t_5624	6_48
t_5625	6_48
t_5626	6_48
t_5627	6_48
t_5628	6_48
t_5629	6_48
t_5630	6_48
t_5631	6_48
t_5632	6_48
t_5633	6_48
t_5634	6_48
t_5635	6_49
t_5636	6_49
t_5637	6_49
t_5638	6_49
t_5639	6_49
t_5640	6_49
t_5641	6_49
t_5642	6_49
t_5643	6_49
t_5644	6_49
t_5645	6_49
t_5646	6_49
t_5647	6_49
t_5648	6_49
t_5649	6_49
t_5650	6_49
t_5651	6_49
t_5652	6_49
t_5653	6_49
t_5654	6_49
t_5655	6_49
t_5656	6_49
t_5657	6_49
t_5658	6_49
t_5659	6_49
t_5660	6_49
t_5661	6_49
t_5662	6_49
t_5663	6_49
t_5664	6_49
t_5665	6_49
t_5666	6_49
t_5667	6_49
t_5668	6_49
t_5669	6_49
t_5670	7_1
t_5671	7_1
t_5672	7_1
t_5673	7_1
t_5674	7_1
t_5675	7_1
t_5676	7_1
t_5677	7_1
t_5678	7_1
t_5679	7_1
t_5680	7_1
t_5681	7_1
t_5682	7_1
t_5683	7_1
t_5684	7_1
t_5685	7_1
t_5686	7_2
t_5687	7_2
t_5688	7_2
t_5689	7_2
t_5690	7_2
t_5691	7_2
t_5692	7_2
t_5693	7_2
t_5694	7_2
t_5695	7_2
t_5696	7_2
t_5697	7_2
t_5698	7_2
t_5699	7_2
t_5700	7_3
t_5701	7_3
t_5702	7_3
t_5703	7_3
t_5704	7_3
t_5705	7_3
t_5706	7_3
t_5707	7_3
t_5708	7_3
t_5709	7_3
t_5710	7_3
t_5711	7_3
t_5712	7_3
t_5713	7_3
t_5714	7_3
t_5715	7_3
t_5716	7_3
t_5717	7_3
t_5718	7_3
t_5719	7_3
t_5720	7_3
t_5721	7_4
t_5722	7_4
t_5723	7_4
t_5724	7_4
t_5725	7_4
t_5726	7_4
t_5727	7_4
t_5728	7_4
t_5729	7_4
t_5730	7_4
t_5731	7_4
t_5732	7_4
t_5733	7_4
t_5734	7_4
t_5735	7_4
t_5736	7_4
t_5737	7_4
t_5738	7_5
t_5739	7_5
t_5740	7_5
t_5741	7_5
t_5742	7_5
t_5743	7_5
t_5744	7_5
t_5745	7_5
t_5746	7_5
t_5747	7_5
t_5748	7_5
t_5749	7_5
t_5750	7_6
t_5751	7_6
t_5752	7_6
t_5753	7_6
t_5754	7_6
t_5755	7_6
t_5756	7_6
t_5757	7_6
t_5758	7_6
t_5759	7_6
t_5760	7_6
t_5761	7_6
t_5762	7_6
t_5763	7_6
t_5764	7_6
t_5765	7_6
t_5766	7_6
t_5767	7_6
t_5768	7_6
t_5769	7_6
t_5770	7_6
t_5771	7_6
t_5772	7_6
t_5773	7_6
t_5774	7_6
t_5775	7_6
t_5776	7_6
t_5777	7_6
t_5778	7_6
t_5779	7_6
t_5780	7_6
t_5781	7_6
t_5782	7_6
t_5783	7_6
t_5784	7_6
t_5785	7_6
t_5786	7_6
t_5787	7_6
t_5788	7_7
t_5789	7_7
t_5790	7_7
t_5791	7_7
t_5792	7_7
t_5793	7_7
t_5794	7_7
t_5795	7_7
t_5796	7_7
t_5797	7_7
t_5798	7_7
t_5799	7_7
t_5800	7_7
t_5801	7_7
t_5802	7_7
t_5803	7_7
t_5804	7_7
t_5805	7_7
t_5806	7_7
t_5807	7_8
t_5808	7_8
t_5809	7_8
t_5810	7_8
t_5811	7_8
t_5812	7_8
t_5813	7_8
t_5814	7_8
t_5815	7_8
t_5816	7_8
t_5817	7_8
t_5818	7_8
t_5819	7_8
t_5820	7_8
t_5821	7_8
t_5822	7_8
t_5823	7_8
t_5824	7_8
t_5825	7_8
t_5826	7_8
t_5827	7_8
t_5828	7_8
t_5829	7_8
t_5830	7_8
t_5831	7_8
t_5832	7_8
t_5833	7_8
t_5834	7_8
t_5835	7_8
t_5836	7_8
t_5837	7_8
t_5838	7_8
t_5839	7_8
t_5840	7_8
t_5841	7_8
t_5842	7_8
t_5843	7_8
t_5844	7_8
t_5845	7_8
t_5846	7_9
t_5847	7_9
t_5848	7_9
t_5849	7_9
t_5850	7_9
t_5851	7_9
t_5852	7_9
t_5853	7_9
t_5854	7_9
t_5855	7_9
t_5856	7_9
t_5857	7_9
t_5858	7_9
t_5859	7_9
t_5860	7_9
t_5861	7_9
t_5862	7_9
t_5863	7_9
t_5864	7_9
t_5865	7_9
t_5866	7_9
t_5867	7_9
t_5868	7_9
t_5869	7_9
t_5870	7_9
t_5871	7_9
t_5872	7_9
t_5873	7_10
t_5874	7_10
t_5875	7_10
t_5876	7_10
t_5877	7_10
t_5878	7_10
t_5879	7_10
t_5880	7_10
t_5881	7_10
t_5882	7_10
t_5883	7_10
t_5884	7_10
t_5885	7_11
t_5886	7_11
t_5887	7_11
t_5888	7_11
t_5889	7_11
t_5890	7_11
t_5891	7_11
t_5892	7_11
t_5893	7_11
t_5894	7_11
t_5895	7_11
t_5896	7_11
t_5897	7_11
t_5898	7_11
t_5899	7_11
t_5900	7_11
t_5901	7_11
t_5902	7_11
t_5903	7_11
t_5904	7_11
t_5905	7_11
t_5906	7_12
t_5907	7_12
t_5908	7_12
t_5909	7_12
t_5910	7_12
t_5911	7_12
t_5912	7_12
t_5913	7_12
t_5914	7_12
t_5915	7_12
t_5916	7_12
t_5917	7_12
t_5918	7_12
t_5919	7_12
t_5920	7_12
t_5921	7_12
t_5922	7_12
t_5923	7_12
t_5924	7_12
t_5925	7_12
t_5926	7_12
t_5927	7_12
t_5928	7_12
t_5929	7_12
t_5930	7_12
t_5931	7_12
t_5932	7_12
t_5933	7_12
t_5934	7_12
t_5935	7_12
t_5936	7_12
t_5937	7_12
t_5938	7_13
t_5939	7_13
t_5940	7_13
t_5941	7_13
t_5942	7_13
t_5943	7_13
t_5944	7_13
t_5945	7_13
t_5946	7_13
t_5947	7_13
t_5948	7_13
t_5949	7_13
t_5950	7_13
t_5951	7_13
t_5952	7_14
t_5953	7_14
t_5954	7_14
t_5955	7_14
t_5956	7_14
t_5957	7_14
t_5958	7_14
t_5959	7_14
t_5960	7_14
t_5961	7_14
t_5962	7_14
t_5963	7_14
t_5964	7_14
t_5965	7_14
t_5966	7_14
t_5967	7_14
t_5968	7_14
t_5969	7_14
t_5970	7_14
t_5971	7_15
t_5972	7_15
t_5973	7_15
t_5974	7_15
t_5975	7_15
t_5976	7_15
t_5977	7_15
t_5978	7_15
t_5979	7_15
t_5980	7_15
t_5981	7_15
t_5982	7_15
t_5983	7_15
t_5984	7_15
t_5985	7_15
t_5986	7_16
t_5987	7_16
t_5988	7_16
t_5989	7_16
t_5990	7_16
t_5991	7_16
t_5992	7_16
t_5993	7_16
t_5994	7_16
t_5995	7_16
t_5996	7_16
t_5997	7_16
t_5998	7_16
t_5999	7_16
t_6000	7_16
t_6001	7_16
t_6002	7_16
t_6003	7_16
t_6004	7_16
t_6005	7_16
t_6006	7_16
t_6007	7_16
t_6008	7_16
t_6009	7_16
t_6010	7_16
t_6011	7_16
t_6012	7_17
t_6013	7_17
t_6014	7_17
t_6015	7_17
t_6016	7_17
t_6017	7_17
t_6018	7_17
t_6019	7_17
t_6020	7_17
t_6021	7_17
t_6022	7_17
t_6023	7_17
t_6024	7_17
t_6025	7_17
t_6026	7_17
t_6027	7_17
t_6028	7_18
t_6029	7_18
t_6030	7_18
t_6031	7_18
t_6032	7_18
t_6033	7_18
t_6034	7_18
t_6035	7_18
t_6036	7_18
t_6037	7_18
t_6038	7_18
t_6039	7_18
t_6040	7_18
t_6041	7_18
t_6042	7_18
t_6043	7_18
t_6044	7_18
t_6045	7_18
t_6046	7_18
t_6047	7_19
t_6048	7_19
t_6049	7_19
t_6050	7_19
t_6051	7_19
t_6052	7_19
t_6053	7_19
t_6054	7_19
t_6055	7_19
t_6056	7_19
t_6057	7_19
t_6058	7_19
t_6059	7_19
t_6060	7_20
t_6061	7_20
t_6062	7_20
t_6063	7_20
t_6064	7_20
t_6065	7_20
t_6066	7_20
t_6067	7_20
t_6068	7_20
t_6069	7_20
t_6070	7_20
t_6071	7_20
t_6072	7_20
t_6073	7_20
t_6074	7_20
t_6075	7_20
t_6076	7_20
t_6077	7_20
t_6078	7_20
t_6079	7_20
t_6080	7_20
t_6081	7_20
t_6082	7_20
t_6083	7_21
t_6084	7_21
t_6085	7_21
t_6086	7_21
t_6087	7_21
t_6088	7_21
t_6089	7_21
t_6090	7_21
t_6091	7_21
t_6092	7_21
t_6093	7_21
t_6094	7_21
t_6095	7_21
t_6096	7_21
t_6097	7_21
t_6098	7_21
t_6099	7_21
t_6100	7_21
t_6101	7_21
t_6102	7_21
t_6103	7_22
t_6104	7_22
t_6105	7_22
t_6106	7_22
t_6107	7_22
t_6108	7_22
t_6109	7_22
t_6110	7_22
t_6111	7_22
t_6112	7_22
t_6113	7_22
t_6114	7_22
t_6115	7_22
t_6116	7_22
t_6117	7_22
t_6118	7_22
t_6119	7_22
t_6120	7_22
t_6121	7_22
t_6122	7_22
t_6123	7_22
t_6124	7_22
t_6125	7_22
t_6126	7_22
t_6127	7_22
t_6128	7_22
t_6129	7_22
t_6130	7_22
t_6131	7_22
t_6132	7_22
t_6133	7_23
t_6134	7_23
t_6135	7_23
t_6136	7_23
t_6137	7_23
t_6138	7_23
t_6139	7_23
t_6140	7_23
t_6141	7_23
t_6142	7_23
t_6143	7_24
t_6144	7_24
t_6145	7_24
t_6146	7_24
t_6147	7_24
t_6148	7_24
t_6149	7_24
t_6150	7_24
t_6151	7_24
t_6152	7_24
t_6153	7_24
t_6154	7_24
t_6155	7_24
t_6156	7_24
t_6157	7_24
t_6158	7_24
t_6159	7_24
t_6160	7_24
t_6161	7_24
t_6162	7_24
t_6163	7_24
t_6164	7_24
t_6165	7_24
t_6166	7_24
t_6167	7_25
t_6168	7_25
t_6169	7_25
t_6170	7_25
t_6171	7_25
t_6172	7_25
t_6173	7_25
t_6174	7_25
t_6175	7_25
t_6176	7_25
t_6177	7_25
t_6178	7_25
t_6179	7_25
t_6180	7_25
t_6181	7_25
t_6182	7_25
t_6183	7_25
t_6184	7_25
t_6185	7_25
t_6186	7_25
t_6187	7_25
t_6188	7_25
t_6189	7_25
t_6190	7_25
t_6191	7_26
t_6192	7_26
t_6193	7_26
t_6194	7_26
t_6195	7_26
t_6196	7_26
t_6197	7_26
t_6198	7_26
t_6199	7_26
t_6200	7_26
t_6201	7_26
t_6202	7_26
t_6203	7_26
t_6204	7_26
t_6205	7_26
t_6206	7_26
t_6207	7_27
t_6208	7_27
t_6209	7_27
t_6210	7_27
t_6211	7_27
t_6212	7_27
t_6213	7_27
t_6214	7_27
t_6215	7_27
t_6216	7_27
t_6217	7_27
t_6218	7_27
t_6219	7_27
t_6220	7_27
t_6221	7_27
t_6222	7_27
t_6223	7_27
t_6224	7_27
t_6225	7_27
t_6226	7_27
t_6227	7_27
t_6228	7_27
t_6229	7_28
t_6230	7_28
t_6231	7_28
t_6232	7_28
t_6233	7_28
t_6234	7_28
t_6235	7_28
t_6236	7_28
t_6237	7_28
t_6238	7_28
t_6239	7_28
t_6240	7_28
t_6241	7_28
t_6242	7_28
t_6243	7_28
t_6244	7_28
t_6245	7_28
t_6246	7_28
t_6247	7_28
t_6248	7_28
t_6249	7_28
t_6250	7_28
t_6251	7_28
t_6252	7_29
t_6253	7_29
t_6254	7_29
t_6255	7_29
t_6256	7_29
t_6257	7_29
t_6258	7_29
t_6259	7_29
t_6260	7_29
t_6261	7_29
t_6262	7_29
t_6263	7_29
t_6264	7_29
t_6265	7_29
t_6266	7_29
t_6267	7_29
t_6268	7_29
t_6269	7_29
t_6270	7_30
t_6271	7_30
t_6272	7_30
t_6273	7_30
t_6274	7_30
t_6275	7_30
t_6276	7_30
t_6277	7_30
t_6278	7_30
t_6279	7_30
t_6280	7_30
t_6281	7_30
t_6282	7_30
t_6283	7_30
t_6284	7_30
t_6285	7_30
t_6286	7_30
t_6287	7_30
t_6288	7_30
t_6289	7_30
t_6290	7_31
t_6291	7_31
t_6292	7_31
t_6293	7_31
t_6294	7_31
t_6295	7_31
t_6296	7_31
t_6297	7_31
t_6298	7_31
t_6299	7_31
t_6300	7_31
t_6301	7_31
t_6302	7_32
t_6303	7_32
t_6304	7_32
t_6305	7_32
t_6306	7_32
t_6307	7_32
t_6308	7_32
t_6309	7_32
t_6310	7_32
t_6311	7_32
t_6312	7_32
t_6313	7_32
t_6314	7_32
t_6315	7_32
t_6316	7_32
t_6317	7_32
t_6318	7_32
t_6319	7_32
t_6320	7_32
t_6321	7_32
t_6322	7_32
t_6323	7_32
t_6324	7_32
t_6325	7_32
t_6326	7_32
t_6327	7_32
t_6328	7_33
t_6329	7_33
t_6330	7_33
t_6331	7_33
t_6332	7_33
t_6333	7_33
t_6334	7_33
t_6335	7_33
t_6336	7_33
t_6337	7_33
t_6338	7_33
t_6339	7_33
t_6340	7_33
t_6341	7_33
t_6342	7_33
t_6343	7_33
t_6344	7_33
t_6345	7_33
t_6346	7_34
t_6347	7_34
t_6348	7_34
t_6349	7_34
t_6350	7_34
t_6351	7_34
t_6352	7_34
t_6353	7_34
t_6354	7_34
t_6355	7_34
t_6356	7_34
t_6357	7_34
t_6358	7_34
t_6359	7_34
t_6360	7_34
t_6361	7_34
t_6362	7_34
t_6363	7_34
t_6364	7_34
t_6365	7_34
t_6366	7_34
t_6367	7_34
t_6368	7_35
t_6369	7_35
t_6370	7_35
t_6371	7_35
t_6372	7_35
t_6373	7_35
t_6374	7_35
t_6375	7_35
t_6376	7_35
t_6377	7_35
t_6378	7_36
t_6379	7_36
t_6380	7_36
t_6381	7_36
t_6382	7_36
t_6383	7_36
t_6384	7_36
t_6385	7_36
t_6386	7_36
t_6387	7_36
t_6388	7_36
t_6389	7_36
t_6390	7_36
t_6391	7_36
t_6392	7_36
t_6393	7_36
t_6394	7_36
t_6395	7_36
t_6396	7_36
t_6397	7_36
t_6398	7_37
t_6399	7_37
t_6400	7_37
t_6401	7_37
t_6402	7_37
t_6403	7_37
t_6404	7_37
t_6405	7_37
t_6406	7_37
t_6407	7_37
t_6408	7_37
t_6409	7_37
t_6410	7_37
t_6411	7_37
t_6412	7_37
t_6413	7_37
t_6414	7_37
t_6415	7_37
t_6416	7_37
t_6417	7_37
t_6418	7_37
t_6419	7_37
t_6420	7_37
t_6421	7_38
t_6422	7_38
t_6423	7_38
t_6424	7_38
t_6425	7_38
t_6426	7_38
t_6427	7_38
t_6428	7_38
t_6429	7_38
t_6430	7_38
t_6431	7_38
t_6432	7_38
t_6433	7_38
t_6434	7_38
t_6435	7_38
t_6436	7_38
t_6437	7_38
t_6438	7_38
t_6439	7_38
t_6440	7_38
t_6441	7_38
t_6442	7_38
t_6443	7_38
t_6444	7_38
t_6445	7_38
t_6446	7_38
t_6447	7_38
t_6448	7_38
t_6449	7_38
t_6450	7_38
t_6451	7_38
t_6452	7_38
t_6453	7_38
t_6454	7_38
t_6455	7_39
t_6456	7_39
t_6457	7_39
t_6458	7_39
t_6459	7_39
t_6460	7_39
t_6461	7_39
t_6462	7_39
t_6463	7_39
t_6464	7_39
t_6465	7_39
t_6466	7_39
t_6467	7_39
t_6468	7_39
t_6469	7_39
t_6470	7_39
t_6471	7_39
t_6472	7_39
t_6473	7_39
t_6474	7_39
t_6475	7_39
t_6476	7_39
t_6477	7_39
t_6478	7_39
t_6479	7_39
t_6480	7_39
t_6481	7_39
t_6482	7_39
t_6483	7_39
t_6484	7_39
t_6485	7_39
t_6486	7_39
t_6487	7_39
t_6488	7_39
t_6489	7_40
t_6490	7_40
t_6491	7_40
t_6492	7_40
t_6493	7_40
t_6494	7_40
t_6495	7_40
t_6496	7_40
t_6497	7_40
t_6498	7_40
t_6499	7_40
t_6500	7_40
t_6501	7_40
t_6502	7_40
t_6503	7_40
t_6504	7_40
t_6505	7_40
t_6506	7_40
t_6507	7_40
t_6508	7_40
t_6509	7_40
t_6510	7_40
t_6511	7_40
t_6512	7_40
t_6513	7_40
t_6514	7_40
t_6515	7_40
t_6516	7_40
t_6517	7_41
t_6518	7_41
t_6519	7_41
t_6520	7_41
t_6521	7_41
t_6522	7_41
t_6523	7_41
t_6524	7_41
t_6525	7_41
t_6526	7_41
t_6527	7_41
t_6528	7_42
t_6529	7_42
t_6530	7_42
t_6531	7_42
t_6532	7_42
t_6533	7_42
t_6534	7_42
t_6535	7_42
t_6536	7_42
t_6537	7_42
t_6538	7_42
t_6539	7_42
t_6540	7_42
t_6541	7_42
t_6542	7_43
t_6543	7_43
t_6544	7_43
t_6545	7_43
t_6546	7_43
t_6547	7_43
t_6548	7_43
t_6549	7_43
t_6550	7_43
t_6551	7_43
t_6552	7_43
t_6553	7_43
t_6554	7_43
t_6555	7_43
t_6556	7_43
t_6557	7_43
t_6558	7_43
t_6559	7_44
t_6560	7_44
t_6561	7_44
t_6562	7_44
t_6563	7_44
t_6564	7_44
t_6565	7_44
t_6566	7_44
t_6567	7_44
t_6568	7_44
t_6569	7_44
t_6570	7_44
t_6571	7_44
t_6572	7_44
t_6573	7_44
t_6574	7_44
t_6575	7_44
t_6576	7_44
t_6577	7_44
t_6578	7_44
t_6579	7_44
t_6580	7_44
t_6581	7_44
t_6582	7_44
t_6583	7_44
t_6584	7_44
t_6585	7_44
t_6586	7_44
t_6587	7_44
t_6588	7_44
t_6589	7_44
t_6590	7_44
t_6591	7_44
t_6592	7_44
t_6593	7_44
t_6594	7_44
t_6595	7_44
t_6596	7_44
t_6597	7_44
t_6598	7_44
t_6599	7_45
t_6600	7_45
t_6601	7_45
t_6602	7_45
t_6603	7_45
t_6604	7_45
t_6605	7_45
t_6606	7_45
t_6607	7_45
t_6608	7_45
t_6609	7_45
t_6610	7_45
t_6611	7_45
t_6612	7_45
t_6613	7_45
t_6614	7_45
t_6615	7_45
t_6616	7_46
t_6617	7_46
t_6618	7_46
t_6619	7_46
t_6620	7_46
t_6621	7_46
t_6622	7_46
t_6623	7_46
t_6624	7_46
t_6625	7_46
t_6626	7_46
t_6627	7_46
t_6628	7_46
t_6629	7_46
t_6630	7_46
t_6631	7_47
t_6632	7_47
t_6633	7_47
t_6634	7_47
t_6635	7_47
t_6636	7_47
t_6637	7_47
t_6638	7_47
t_6639	7_47
t_6640	7_47
t_6641	7_47
t_6642	7_47
t_6643	7_47
t_6644	7_47
t_6645	7_47
t_6646	7_47
t_6647	7_47
t_6648	7_47
t_6649	7_47
t_6650	7_47
t_6651	7_47
t_6652	7_47
t_6653	7_47
t_6654	7_47
t_6655	7_47
t_6656	7_48
t_6657	7_48
t_6658	7_48
t_6659	7_48
t_6660	7_48
t_6661	7_48
t_6662	7_48
t_6663	7_48
t_6664	7_49
t_6665	7_49
t_6666	7_49
t_6667	7_49
t_6668	7_49
t_6669	7_49
t_6670	7_49
t_6671	7_49
t_6672	7_49
t_6673	7_49
t_6674	7_49
t_6675	7_49
t_6676	7_49
t_6677	7_49
t_6678	7_49
t_6679	7_50
t_6680	7_50
t_6681	7_50
t_6682	7_50
t_6683	7_50
t_6684	7_50
t_6685	7_50
t_6686	7_50
t_6687	7_50
t_6688	7_50
t_6689	7_50
t_6690	7_50
t_6691	7_50
t_6692	7_50
t_6693	7_50
t_6694	8_1
t_6695	8_1
t_6696	8_1
t_6697	8_1
t_6698	8_1
t_6699	8_1
t_6700	8_1
t_6701	8_1
t_6702	8_1
t_6703	8_1
t_6704	8_1
t_6705	8_1
t_6706	8_1
t_6707	8_1
t_6708	8_1
t_6709	8_1
t_6710	8_1
t_6711	8_1
t_6712	8_1
t_6713	8_1
t_6714	8_1
t_6715	8_1
t_6716	8_1
t_6717	8_1
t_6718	8_1
t_6719	8_1
t_6720	8_2
t_6721	8_2
t_6722	8_2
t_6723	8_2
t_6724	8_2
t_6725	8_2
t_6726	8_2
t_6727	8_2
t_6728	8_2
t_6729	8_2
t_6730	8_2
t_6731	8_2
t_6732	8_2
t_6733	8_2
t_6734	8_2
t_6735	8_2
t_6736	8_2
t_6737	8_2
t_6738	8_2
t_6739	8_2
t_6740	8_2
t_6741	8_2
t_6742	8_2
t_6743	8_3
t_6744	8_3
t_6745	8_3
t_6746	8_3
t_6747	8_3
t_6748	8_3
t_6749	8_3
t_6750	8_3
t_6751	8_3
t_6752	8_3
t_6753	8_3
t_6754	8_3
t_6755	8_3
t_6756	8_3
t_6757	8_3
t_6758	8_3
t_6759	8_3
t_6760	8_3
t_6761	8_3
t_6762	8_3
t_6763	8_4
t_6764	8_4
t_6765	8_4
t_6766	8_4
t_6767	8_4
t_6768	8_4
t_6769	8_4
t_6770	8_4
t_6771	8_4
t_6772	8_4
t_6773	8_4
t_6774	8_4
t_6775	8_4
t_6776	8_4
t_6777	8_5
t_6778	8_5
t_6779	8_5
t_6780	8_5
t_6781	8_5
t_6782	8_5
t_6783	8_5
t_6784	8_5
t_6785	8_5
t_6786	8_5
t_6787	8_5
t_6788	8_5
t_6789	8_5
t_6790	8_5
t_6791	8_5
t_6792	8_5
t_6793	8_5
t_6794	8_5
t_6795	8_5
t_6796	8_5
t_6797	8_5
t_6798	8_5
t_6799	8_5
t_6800	8_5
t_6801	8_5
t_6802	8_5
t_6803	8_5
t_6804	8_5
t_6805	8_5
t_6806	8_5
t_6807	8_5
t_6808	8_6
t_6809	8_6
t_6810	8_6
t_6811	8_6
t_6812	8_6
t_6813	8_6
t_6814	8_6
t_6815	8_6
t_6816	8_6
t_6817	8_6
t_6818	8_6
t_6819	8_6
t_6820	8_6
t_6821	8_6
t_6822	8_6
t_6823	8_6
t_6824	8_7
t_6825	8_7
t_6826	8_7
t_6827	8_7
t_6828	8_7
t_6829	8_7
t_6830	8_7
t_6831	8_7
t_6832	8_7
t_6833	8_7
t_6834	8_7
t_6835	8_7
t_6836	8_7
t_6837	8_7
t_6838	8_7
t_6839	8_8
t_6840	8_8
t_6841	8_8
t_6842	8_8
t_6843	8_8
t_6844	8_8
t_6845	8_8
t_6846	8_8
t_6847	8_8
t_6848	8_8
t_6849	8_8
t_6850	8_8
t_6851	8_8
t_6852	8_8
t_6853	8_8
t_6854	8_8
t_6855	8_8
t_6856	8_8
t_6857	8_8
t_6858	8_8
t_6859	8_8
t_6860	8_8
t_6861	8_8
t_6862	8_8
t_6863	8_9
t_6864	8_9
t_6865	8_9
t_6866	8_9
t_6867	8_9
t_6868	8_9
t_6869	8_9
t_6870	8_9
t_6871	8_9
t_6872	8_9
t_6873	8_9
t_6874	8_9
t_6875	8_10
t_6876	8_10
t_6877	8_10
t_6878	8_10
t_6879	8_10
t_6880	8_10
t_6881	8_10
t_6882	8_10
t_6883	8_10
t_6884	8_10
t_6885	8_10
t_6886	8_10
t_6887	8_10
t_6888	8_10
t_6889	8_10
t_6890	8_10
t_6891	8_10
t_6892	8_10
t_6893	8_10
t_6894	8_10
t_6895	8_10
t_6896	8_10
t_6897	8_10
t_6898	8_10
t_6899	8_10
t_6900	8_10
t_6901	8_10
t_6902	8_10
t_6903	8_11
t_6904	8_11
t_6905	8_11
t_6906	8_11
t_6907	8_11
t_6908	8_11
t_6909	8_11
t_6910	8_11
t_6911	8_11
t_6912	8_11
t_6913	8_11
t_6914	8_11
t_6915	8_11
t_6916	8_11
t_6917	8_12
t_6918	8_12
t_6919	8_12
t_6920	8_12
t_6921	8_12
t_6922	8_12
t_6923	8_12
t_6924	8_12
t_6925	8_12
t_6926	8_12
t_6927	8_12
t_6928	8_12
t_6929	8_12
t_6930	8_12
t_6931	8_12
t_6932	8_12
t_6933	8_12
t_6934	8_12
t_6935	8_12
t_6936	8_12
t_6937	8_12
t_6938	8_12
t_6939	8_12
t_6940	8_12
t_6941	8_12
t_6942	8_12
t_6943	8_12
t_6944	8_13
t_6945	8_13
t_6946	8_13
t_6947	8_13
t_6948	8_13
t_6949	8_13
t_6950	8_13
t_6951	8_13
t_6952	8_13
t_6953	8_13
t_6954	8_13
t_6955	8_13
t_6956	8_13
t_6957	8_13
t_6958	8_13
t_6959	8_13
t_6960	8_13
t_6961	8_13
t_6962	8_13
t_6963	8_13
t_6964	8_13
t_6965	8_13
t_6966	8_13
t_6967	8_13
t_6968	8_13
t_6969	8_13
t_6970	8_13
t_6971	8_13
t_6972	8_13
t_6973	8_13
t_6974	8_14
t_6975	8_14
t_6976	8_14
t_6977	8_14
t_6978	8_14
t_6979	8_14
t_6980	8_14
t_6981	8_14
t_6982	8_14
t_6983	8_14
t_6984	8_14
t_6985	8_14
t_6986	8_14
t_6987	8_14
t_6988	8_14
t_6989	8_14
t_6990	8_14
t_6991	8_14
t_6992	8_14
t_6993	8_14
t_6994	8_14
t_6995	8_14
t_6996	8_14
t_6997	8_14
t_6998	8_14
t_6999	8_14
t_7000	8_14
t_7001	8_15
t_7002	8_15
t_7003	8_15
t_7004	8_15
t_7005	8_15
t_7006	8_15
t_7007	8_15
t_7008	8_15
t_7009	8_15
t_7010	8_15
t_7011	8_15
t_7012	8_15
t_7013	8_15
t_7014	8_15
t_7015	8_15
t_7016	8_15
t_7017	8_15
t_7018	8_15
t_7019	8_15
t_7020	8_15
t_7021	8_15
t_7022	8_15
t_7023	8_15
t_7024	8_15
t_7025	8_16
t_7026	8_16
t_7027	8_16
t_7028	8_16
t_7029	8_16
t_7030	8_16
t_7031	8_16
t_7032	8_16
t_7033	8_16
t_7034	8_16
t_7035	8_16
t_7036	8_16
t_7037	8_16
t_7038	8_16
t_7039	8_16
t_7040	8_16
t_7041	8_16
t_7042	8_16
t_7043	8_16
t_7044	8_16
t_7045	8_16
t_7046	8_16
t_7047	8_16
t_7048	8_16
t_7049	8_17
t_7050	8_17
t_7051	8_17
t_7052	8_17
t_7053	8_17
t_7054	8_17
t_7055	8_17
t_7056	8_17
t_7057	8_17
t_7058	8_17
t_7059	8_17
t_7060	8_17
t_7061	8_17
t_7062	8_17
t_7063	8_17
t_7064	8_17
t_7065	8_17
t_7066	8_17
t_7067	8_17
t_7068	8_17
t_7069	8_17
t_7070	8_18
t_7071	8_18
t_7072	8_18
t_7073	8_18
t_7074	8_18
t_7075	8_18
t_7076	8_18
t_7077	8_18
t_7078	8_18
t_7079	8_18
t_7080	8_18
t_7081	8_18
t_7082	8_18
t_7083	8_18
t_7084	8_18
t_7085	8_18
t_7086	8_18
t_7087	8_18
t_7088	8_18
t_7089	8_18
t_7090	8_18
t_7091	8_18
t_7092	8_18
t_7093	8_18
t_7094	8_18
t_7095	8_18
t_7096	8_18
t_7097	8_19
t_7098	8_19
t_7099	8_19
t_7100	8_19
t_7101	8_19
t_7102	8_19
t_7103	8_19
t_7104	8_19
t_7105	8_19
t_7106	8_19
t_7107	8_19
t_7108	8_19
t_7109	8_19
t_7110	8_19
t_7111	8_19
t_7112	8_19
t_7113	8_19
t_7114	8_19
t_7115	8_19
t_7116	8_19
t_7117	8_20
t_7118	8_20
t_7119	8_20
t_7120	8_20
t_7121	8_20
t_7122	8_20
t_7123	8_20
t_7124	8_20
t_7125	8_20
t_7126	8_20
t_7127	8_20
t_7128	8_20
t_7129	8_20
t_7130	8_20
t_7131	8_20
t_7132	8_20
t_7133	8_21
t_7134	8_21
t_7135	8_21
t_7136	8_21
t_7137	8_21
t_7138	8_21
t_7139	8_21
t_7140	8_21
t_7141	8_21
t_7142	8_21
t_7143	8_21
t_7144	8_21
t_7145	8_21
t_7146	8_21
t_7147	8_21
t_7148	8_21
t_7149	8_21
t_7150	8_21
t_7151	8_21
t_7152	8_21
t_7153	8_21
t_7154	8_21
t_7155	8_22
t_7156	8_22
t_7157	8_22
t_7158	8_22
t_7159	8_22
t_7160	8_22
t_7161	8_22
t_7162	8_22
t_7163	8_22
t_7164	8_22
t_7165	8_22
t_7166	8_22
t_7167	8_22
t_7168	8_22
t_7169	8_22
t_7170	8_22
t_7171	8_22
t_7172	8_22
t_7173	8_22
t_7174	8_22
t_7175	8_22
t_7176	8_22
t_7177	8_22
t_7178	8_22
t_7179	8_22
t_7180	8_22
t_7181	8_22
t_7182	8_22
t_7183	8_22
t_7184	8_22
t_7185	8_23
t_7186	8_23
t_7187	8_23
t_7188	8_23
t_7189	8_23
t_7190	8_23
t_7191	8_23
t_7192	8_23
t_7193	8_23
t_7194	8_23
t_7195	8_23
t_7196	8_23
t_7197	8_23
t_7198	8_23
t_7199	8_23
t_7200	8_23
t_7201	8_23
t_7202	8_23
t_7203	8_24
t_7204	8_24
t_7205	8_24
t_7206	8_24
t_7207	8_24
t_7208	8_24
t_7209	8_24
t_7210	8_24
t_7211	8_24
t_7212	8_24
t_7213	8_24
t_7214	8_24
t_7215	8_24
t_7216	8_24
t_7217	8_24
t_7218	8_24
t_7219	8_24
t_7220	8_24
t_7221	8_24
t_7222	8_24
t_7223	8_24
t_7224	8_24
t_7225	8_24
t_7226	8_24
t_7227	8_24
t_7228	8_24
t_7229	8_24
t_7230	8_24
t_7231	8_24
t_7232	8_25
t_7233	8_25
t_7234	8_25
t_7235	8_25
t_7236	8_25
t_7237	8_25
t_7238	8_25
t_7239	8_25
t_7240	8_25
t_7241	8_25
t_7242	8_25
t_7243	8_25
t_7244	8_25
t_7245	8_25
t_7246	8_25
t_7247	8_25
t_7248	8_25
t_7249	8_25
t_7250	8_25
t_7251	8_25
t_7252	8_25
t_7253	8_25
t_7254	8_25
t_7255	8_25
t_7256	8_25
t_7257	8_25
t_7258	8_25
t_7259	8_25
t_7260	8_25
t_7261	8_25
t_7262	8_25
t_7263	8_25
t_7264	8_26
t_7265	8_26
t_7266	8_26
t_7267	8_26
t_7268	8_26
t_7269	8_26
t_7270	8_26
t_7271	8_26
t_7272	8_26
t_7273	8_26
t_7274	8_26
t_7275	8_26
t_7276	8_26
t_7277	8_26
t_7278	8_27
t_7279	8_27
t_7280	8_27
t_7281	8_27
t_7282	8_27
t_7283	8_27
t_7284	8_27
t_7285	8_27
t_7286	8_27
t_7287	8_27
t_7288	8_27
t_7289	8_27
t_7290	8_27
t_7291	8_27
t_7292	8_27
t_7293	8_27
t_7294	8_27
t_7295	8_27
t_7296	8_27
t_7297	8_27
t_7298	8_27
t_7299	8_27
t_7300	8_27
t_7301	8_27
t_7302	8_27
t_7303	8_27
t_7304	8_27
t_7305	8_27
t_7306	8_27
t_7307	8_27
t_7308	8_27
t_7309	8_27
t_7310	8_28
t_7311	8_28
t_7312	8_28
t_7313	8_28
t_7314	8_28
t_7315	8_28
t_7316	8_28
t_7317	8_28
t_7318	8_28
t_7319	8_28
t_7320	8_28
t_7321	8_28
t_7322	8_28
t_7323	8_28
t_7324	8_28
t_7325	8_28
t_7326	8_28
t_7327	8_28
t_7328	8_28
t_7329	8_28
t_7330	8_28
t_7331	8_28
t_7332	8_28
t_7333	8_28
t_7334	8_28
t_7335	8_28
t_7336	8_28
t_7337	8_28
t_7338	8_28
t_7339	8_28
t_7340	8_28
t_7341	8_28
t_7342	8_29
t_7343	8_29
t_7344	8_29
t_7345	8_29
t_7346	8_29
t_7347	8_29
t_7348	8_29
t_7349	8_29
t_7350	8_29
t_7351	8_29
t_7352	8_29
t_7353	8_29
t_7354	8_29
t_7355	8_29
t_7356	8_29
t_7357	8_29
t_7358	8_29
t_7359	8_29
t_7360	8_29
t_7361	8_29
t_7362	8_29
t_7363	8_29
t_7364	8_29
t_7365	8_29
t_7366	8_29
t_7367	8_29
t_7368	8_29
t_7369	8_29
t_7370	8_29
t_7371	8_29
t_7372	8_29
t_7373	8_29
t_7374	8_29
t_7375	8_29
t_7376	8_29
t_7377	8_29
t_7378	8_30
t_7379	8_30
t_7380	8_30
t_7381	8_30
t_7382	8_30
t_7383	8_30
t_7384	8_30
t_7385	8_30
t_7386	8_30
t_7387	8_30
t_7388	8_30
t_7389	8_30
t_7390	8_30
t_7391	8_30
t_7392	8_30
t_7393	8_30
t_7394	8_30
t_7395	8_30
t_7396	8_30
t_7397	8_30
t_7398	8_30
t_7399	8_30
t_7400	8_31
t_7401	8_31
t_7402	8_31
t_7403	8_31
t_7404	8_31
t_7405	8_31
t_7406	8_31
t_7407	8_31
t_7408	8_31
t_7409	8_31
t_7410	8_31
t_7411	8_31
t_7412	8_32
t_7413	8_32
t_7414	8_32
t_7415	8_32
t_7416	8_32
t_7417	8_32
t_7418	8_32
t_7419	8_32
t_7420	8_32
t_7421	8_32
t_7422	8_32
t_7423	8_32
t_7424	8_32
t_7425	8_32
t_7426	8_32
t_7427	8_32
t_7428	8_32
t_7429	8_32
t_7430	8_32
t_7431	8_32
t_7432	8_32
t_7433	8_32
t_7434	8_32
t_7435	8_32
t_7436	8_32
t_7437	8_33
t_7438	8_33
t_7439	8_33
t_7440	8_33
t_7441	8_33
t_7442	8_33
t_7443	8_33
t_7444	8_33
t_7445	8_33
t_7446	8_33
t_7447	8_33
t_7448	8_33
t_7449	8_33
t_7450	8_33
t_7451	8_33
t_7452	8_33
t_7453	8_33
t_7454	8_33
t_7455	8_33
t_7456	8_33
t_7457	8_33
t_7458	8_33
t_7459	8_33
t_7460	8_33
t_7461	8_33
t_7462	8_34
t_7463	8_34
t_7464	8_34
t_7465	8_34
t_7466	8_34
t_7467	8_34
t_7468	8_34
t_7469	8_34
t_7470	8_34
t_7471	8_34
t_7472	8_34
t_7473	8_34
t_7474	8_34
t_7475	8_34
t_7476	8_34
t_7477	8_34
t_7478	8_34
t_7479	8_35
t_7480	8_35
t_7481	8_35
t_7482	8_35
t_7483	8_35
t_7484	8_35
t_7485	8_35
t_7486	8_35
t_7487	8_35
t_7488	8_35
t_7489	8_35
t_7490	8_35
t_7491	8_35
t_7492	8_35
t_7493	8_35
t_7494	8_35
t_7495	8_35
t_7496	8_35
t_7497	8_35
t_7498	8_35
t_7499	8_35
t_7500	8_35
t_7501	8_35
t_7502	8_35
t_7503	8_35
t_7504	8_35
t_7505	8_35
t_7506	8_35
t_7507	8_35
t_7508	8_35
t_7509	8_35
t_7510	8_35
t_7511	8_35
t_7512	8_35
t_7513	8_35
t_7514	8_36
t_7515	8_36
t_7516	8_36
t_7517	8_36
t_7518	8_36
t_7519	8_36
t_7520	8_36
t_7521	8_36
t_7522	8_36
t_7523	8_36
t_7524	8_37
t_7525	8_37
t_7526	8_37
t_7527	8_37
t_7528	8_37
t_7529	8_37
t_7530	8_37
t_7531	8_37
t_7532	8_37
t_7533	8_37
t_7534	8_37
t_7535	8_37
t_7536	8_37
t_7537	8_37
t_7538	8_37
t_7539	8_37
t_7540	8_37
t_7541	8_37
t_7542	8_37
t_7543	8_37
t_7544	8_37
t_7545	8_37
t_7546	8_37
t_7547	8_37
t_7548	8_37
t_7549	8_37
t_7550	8_38
t_7551	8_38
t_7552	8_38
t_7553	8_38
t_7554	8_38
t_7555	8_38
t_7556	8_38
t_7557	8_38
t_7558	8_38
t_7559	8_38
t_7560	8_38
t_7561	8_38
t_7562	8_38
t_7563	8_38
t_7564	8_38
t_7565	8_38
t_7566	8_38
t_7567	8_38
t_7568	8_39
t_7569	8_39
t_7570	8_39
t_7571	8_39
t_7572	8_39
t_7573	8_39
t_7574	8_39
t_7575	8_39
t_7576	8_39
t_7577	8_39
t_7578	8_39
t_7579	8_39
t_7580	8_39
t_7581	8_39
t_7582	8_39
t_7583	8_39
t_7584	8_39
t_7585	8_39
t_7586	8_39
t_7587	8_39
t_7588	8_39
t_7589	8_39
t_7590	8_39
t_7591	8_39
t_7592	8_39
t_7593	8_39
t_7594	8_39
t_7595	8_40
t_7596	8_40
t_7597	8_40
t_7598	8_40
t_7599	8_40
t_7600	8_40
t_7601	8_40
t_7602	8_40
t_7603	8_40
t_7604	8_40
t_7605	8_40
t_7606	8_40
t_7607	8_40
t_7608	8_40
t_7609	8_40
t_7610	8_40
t_7611	8_40
t_7612	8_41
t_7613	8_41
t_7614	8_41
t_7615	8_41
t_7616	8_41
t_7617	8_41
t_7618	8_41
t_7619	8_41
t_7620	8_41
t_7621	8_41
t_7622	8_41
t_7623	8_41
t_7624	8_41
t_7625	8_41
t_7626	8_41
t_7627	8_41
t_7628	8_41
t_7629	8_41
t_7630	8_41
t_7631	8_41
t_7632	8_41
t_7633	8_41
t_7634	8_41
t_7635	8_41
t_7636	8_41
t_7637	8_41
t_7638	8_41
t_7639	8_41
t_7640	8_41
t_7641	8_42
t_7642	8_42
t_7643	8_42
t_7644	8_42
t_7645	8_42
t_7646	8_42
t_7647	8_42
t_7648	8_42
t_7649	8_42
t_7650	8_42
t_7651	8_42
t_7652	8_42
t_7653	8_42
t_7654	8_42
t_7655	8_42
t_7656	8_42
t_7657	8_42
t_7658	8_42
t_7659	8_42
t_7660	8_42
t_7661	8_42
t_7662	8_42
t_7663	8_43
t_7664	8_43
t_7665	8_43
t_7666	8_43
t_7667	8_43
t_7668	8_43
t_7669	8_43
t_7670	8_43
t_7671	8_43
t_7672	8_43
t_7673	8_43
t_7674	8_43
t_7675	8_43
t_7676	8_43
t_7677	8_43
t_7678	8_43
t_7679	8_43
t_7680	8_44
t_7681	8_44
t_7682	8_44
t_7683	8_44
t_7684	8_44
t_7685	8_44
t_7686	8_44
t_7687	8_44
t_7688	8_44
t_7689	8_44
t_7690	8_44
t_7691	8_44
t_7692	8_44
t_7693	8_44
t_7694	8_44
t_7695	8_44
t_7696	8_44
t_7697	8_44
t_7698	8_45
t_7699	8_45
t_7700	8_45
t_7701	8_45
t_7702	8_45
t_7703	8_45
t_7704	8_45
t_7705	8_45
t_7706	8_45
t_7707	8_45
t_7708	8_45
t_7709	8_45
t_7710	8_45
t_7711	8_45
t_7712	8_45
t_7713	8_45
t_7714	8_45
t_7715	8_45
t_7716	8_45
t_7717	8_45
t_7718	8_45
t_7719	8_45
t_7720	8_45
t_7721	8_45
t_7722	8_46
t_7723	8_46
t_7724	8_46
t_7725	8_46
t_7726	8_46
t_7727	8_46
t_7728	8_46
t_7729	8_46
t_7730	8_46
t_7731	8_46
t_7732	8_46
t_7733	8_46
t_7734	8_46
t_7735	8_46
t_7736	8_46
t_7737	8_46
t_7738	8_47
t_7739	8_47
t_7740	8_47
t_7741	8_47
t_7742	8_47
t_7743	8_47
t_7744	8_47
t_7745	8_47
t_7746	8_47
t_7747	8_47
t_7748	8_47
t_7749	8_47
t_7750	8_47
t_7751	8_47
t_7752	8_47
t_7753	8_47
t_7754	8_47
t_7755	8_47
t_7756	8_47
t_7757	8_47
t_7758	8_47
t_7759	8_47
t_7760	8_47
t_7761	8_47
t_7762	8_47
t_7763	8_47
t_7764	8_47
t_7765	8_48
t_7766	8_48
t_7767	8_48
t_7768	8_48
t_7769	8_48
t_7770	8_48
t_7771	8_48
t_7772	8_48
t_7773	8_48
t_7774	8_48
t_7775	8_48
t_7776	8_48
t_7777	8_48
t_7778	8_48
t_7779	8_48
t_7780	8_48
t_7781	8_49
t_7782	8_49
t_7783	8_49
t_7784	8_49
t_7785	8_49
t_7786	8_49
t_7787	8_49
t_7788	8_49
t_7789	8_49
t_7790	8_49
t_7791	8_49
t_7792	8_49
t_7793	8_49
t_7794	8_49
t_7795	8_49
t_7796	8_49
t_7797	8_49
t_7798	8_49
t_7799	8_49
t_7800	8_49
t_7801	8_50
t_7802	8_50
t_7803	8_50
t_7804	8_50
t_7805	8_50
t_7806	8_50
t_7807	8_50
t_7808	8_50
t_7809	8_50
t_7810	8_50
t_7811	8_50
t_7812	8_50
t_7813	8_50
t_7814	8_50
t_7815	8_50
t_7816	8_51
t_7817	8_51
t_7818	8_51
t_7819	8_51
t_7820	8_51
t_7821	8_51
t_7822	8_51
t_7823	8_51
t_7824	8_51
t_7825	8_51
t_7826	8_51
t_7827	8_51
t_7828	8_51
t_7829	8_51
t_7830	8_51
t_7831	8_51
t_7832	8_51
t_7833	8_51
t_7834	8_51
t_7835	8_51
t_7836	8_51
t_7837	8_51
t_7838	8_51
t_7839	8_51
t_7840	8_51
t_7841	8_51
t_7842	8_51
t_7843	8_52
t_7844	8_52
t_7845	8_52
t_7846	8_52
t_7847	8_52
t_7848	8_52
t_7849	8_52
t_7850	8_52
t_7851	8_52
t_7852	8_52
t_7853	8_52
t_7854	8_52
t_7855	8_52
t_7856	8_52
t_7857	8_52
t_7858	8_52
t_7859	8_52
t_7860	8_52
t_7861	8_52
t_7862	8_53
t_7863	8_53
t_7864	8_53
t_7865	8_53
t_7866	8_53
t_7867	8_53
t_7868	8_53
t_7869	8_53
t_7870	8_54
t_7871	8_54
t_7872	8_54
t_7873	8_54
t_7874	8_54
t_7875	8_54
t_7876	8_54
t_7877	8_54
t_7878	8_54
t_7879	8_54
t_7880	8_54
t_7881	8_54
t_7882	8_54
t_7883	8_55
t_7884	8_55
t_7885	8_55
t_7886	8_55
t_7887	8_55
t_7888	8_55
t_7889	8_55
t_7890	8_55
t_7891	8_55
t_7892	8_55
t_7893	8_55
t_7894	8_55
t_7895	8_55
t_7896	8_55
t_7897	8_55
t_7898	8_55
t_7899	8_56
t_7900	8_56
t_7901	8_56
t_7902	8_56
t_7903	8_56
t_7904	8_56
t_7905	8_56
t_7906	8_56
t_7907	8_56
t_7908	8_56
t_7909	8_56
t_7910	8_56
t_7911	8_56
t_7912	8_56
t_7913	8_56
t_7914	9_1
t_7915	9_1
t_7916	9_1
t_7917	9_1
t_7918	9_1
t_7919	9_1
t_7920	9_1
t_7921	9_1
t_7922	9_1
t_7923	9_1
t_7924	9_1
t_7925	9_1
t_7926	9_1
t_7927	9_1
t_7928	9_1
t_7929	9_1
t_7930	9_1
t_7931	9_2
t_7932	9_2
t_7933	9_2
t_7934	9_2
t_7935	9_2
t_7936	9_2
t_7937	9_2
t_7938	9_2
t_7939	9_2
t_7940	9_2
t_7941	9_2
t_7942	9_3
t_7943	9_3
t_7944	9_3
t_7945	9_3
t_7946	9_3
t_7947	9_3
t_7948	9_3
t_7949	9_3
t_7950	9_3
t_7951	9_3
t_7952	9_3
t_7953	9_3
t_7954	9_3
t_7955	9_3
t_7956	9_3
t_7957	9_3
t_7958	9_3
t_7959	9_3
t_7960	9_3
t_7961	9_3
t_7962	9_3
t_7963	9_3
t_7964	9_3
t_7965	9_3
t_7966	9_3
t_7967	9_3
t_7968	9_3
t_7969	9_3
t_7970	9_3
t_7971	9_4
t_7972	9_4
t_7973	9_4
t_7974	9_4
t_7975	9_4
t_7976	9_4
t_7977	9_4
t_7978	9_4
t_7979	9_4
t_7980	9_4
t_7981	9_4
t_7982	9_4
t_7983	9_4
t_7984	9_5
t_7985	9_5
t_7986	9_5
t_7987	9_5
t_7988	9_5
t_7989	9_5
t_7990	9_5
t_7991	9_5
t_7992	9_5
t_7993	9_5
t_7994	9_5
t_7995	9_5
t_7996	9_5
t_7997	9_5
t_7998	9_5
t_7999	9_5
t_8000	9_5
t_8001	9_5
t_8002	9_5
t_8003	9_5
t_8004	9_5
t_8005	9_5
t_8006	9_5
t_8007	9_5
t_8008	9_6
t_8009	9_6
t_8010	9_6
t_8011	9_6
t_8012	9_6
t_8013	9_6
t_8014	9_6
t_8015	9_6
t_8016	9_6
t_8017	9_6
t_8018	9_6
t_8019	9_7
t_8020	9_7
t_8021	9_7
t_8022	9_7
t_8023	9_7
t_8024	9_7
t_8025	9_7
t_8026	9_7
t_8027	9_7
t_8028	9_7
t_8029	9_7
t_8030	9_7
t_8031	9_7
t_8032	9_7
t_8033	9_7
t_8034	9_7
t_8035	9_7
t_8036	9_7
t_8037	9_7
t_8038	9_7
t_8039	9_7
t_8040	9_7
t_8041	9_8
t_8042	9_8
t_8043	9_8
t_8044	9_8
t_8045	9_8
t_8046	9_8
t_8047	9_8
t_8048	9_8
t_8049	9_8
t_8050	9_8
t_8051	9_8
t_8052	9_8
t_8053	9_8
t_8054	9_8
t_8055	9_8
t_8056	9_8
t_8057	9_9
t_8058	9_9
t_8059	9_9
t_8060	9_9
t_8061	9_9
t_8062	9_9
t_8063	9_9
t_8064	9_9
t_8065	9_9
t_8066	9_9
t_8067	9_9
t_8068	9_9
t_8069	9_9
t_8070	9_9
t_8071	9_9
t_8072	9_9
t_8073	9_9
t_8074	9_9
t_8075	9_9
t_8076	9_9
t_8077	9_9
t_8078	9_9
t_8079	9_9
t_8080	9_9
t_8081	9_10
t_8082	9_10
t_8083	9_10
t_8084	9_10
t_8085	9_10
t_8086	9_10
t_8087	9_10
t_8088	9_10
t_8089	9_10
t_8090	9_10
t_8091	9_10
t_8092	9_10
t_8093	9_10
t_8094	9_10
t_8095	9_10
t_8096	9_10
t_8097	9_10
t_8098	9_10
t_8099	9_10
t_8100	9_10
t_8101	9_11
t_8102	9_11
t_8103	9_11
t_8104	9_11
t_8105	9_11
t_8106	9_11
t_8107	9_11
t_8108	9_11
t_8109	9_11
t_8110	9_11
t_8111	9_11
t_8112	9_11
t_8113	9_11
t_8114	9_11
t_8115	9_11
t_8116	9_11
t_8117	9_11
t_8118	9_11
t_8119	9_11
t_8120	9_11
t_8121	9_11
t_8122	9_11
t_8123	9_11
t_8124	9_11
t_8125	9_11
t_8126	9_12
t_8127	9_12
t_8128	9_12
t_8129	9_12
t_8130	9_12
t_8131	9_12
t_8132	9_12
t_8133	9_12
t_8134	9_12
t_8135	9_12
t_8136	9_12
t_8137	9_12
t_8138	9_12
t_8139	9_12
t_8140	9_12
t_8141	9_12
t_8142	9_12
t_8143	9_12
t_8144	9_12
t_8145	9_12
t_8146	9_12
t_8147	9_12
t_8148	9_12
t_8149	9_12
t_8150	9_12
t_8151	9_12
t_8152	9_12
t_8153	9_12
t_8154	9_12
t_8155	9_12
t_8156	9_12
t_8157	9_12
t_8158	9_12
t_8159	9_12
t_8160	9_12
t_8161	9_12
t_8162	9_13
t_8163	9_13
t_8164	9_13
t_8165	9_13
t_8166	9_13
t_8167	9_13
t_8168	9_13
t_8169	9_13
t_8170	9_13
t_8171	9_13
t_8172	9_13
t_8173	9_13
t_8174	9_13
t_8175	9_13
t_8176	9_13
t_8177	9_13
t_8178	9_13
t_8179	9_13
t_8180	9_13
t_8181	9_13
t_8182	9_13
t_8183	9_13
t_8184	9_13
t_8185	9_13
t_8186	9_13
t_8187	9_13
t_8188	9_13
t_8189	9_13
t_8190	9_13
t_8191	9_13
t_8192	9_13
t_8193	9_13
t_8194	9_13
t_8195	9_13
t_8196	9_13
t_8197	9_14
t_8198	9_14
t_8199	9_14
t_8200	9_14
t_8201	9_14
t_8202	9_14
t_8203	9_14
t_8204	9_14
t_8205	9_14
t_8206	9_14
t_8207	9_14
t_8208	9_14
t_8209	9_14
t_8210	9_14
t_8211	9_14
t_8212	9_14
t_8213	9_14
t_8214	9_14
t_8215	9_14
t_8216	9_15
t_8217	9_15
t_8218	9_15
t_8219	9_15
t_8220	9_15
t_8221	9_15
t_8222	9_15
t_8223	9_16
t_8224	9_16
t_8225	9_16
t_8226	9_16
t_8227	9_16
t_8228	9_16
t_8229	9_16
t_8230	9_16
t_8231	9_16
t_8232	9_16
t_8233	9_16
t_8234	9_16
t_8235	9_16
t_8236	9_16
t_8237	9_16
t_8238	9_16
t_8239	9_16
t_8240	9_16
t_8241	9_16
t_8242	9_16
t_8243	9_16
t_8244	9_16
t_8245	9_16
t_8246	9_16
t_8247	9_16
t_8248	9_17
t_8249	9_17
t_8250	9_17
t_8251	9_17
t_8252	9_17
t_8253	9_17
t_8254	9_17
t_8255	9_17
t_8256	9_17
t_8257	9_17
t_8258	9_17
t_8259	9_17
t_8260	9_17
t_8261	9_17
t_8262	9_17
t_8263	9_18
t_8264	9_18
t_8265	9_18
t_8266	9_18
t_8267	9_18
t_8268	9_18
t_8269	9_18
t_8270	9_18
t_8271	9_18
t_8272	9_18
t_8273	9_18
t_8274	9_18
t_8275	9_18
t_8276	9_18
t_8277	9_18
t_8278	9_18
t_8279	9_18
t_8280	9_18
t_8281	9_18
t_8282	9_18
t_8283	9_18
t_8284	9_18
t_8285	9_18
t_8286	9_18
t_8287	9_18
t_8288	9_19
t_8289	9_19
t_8290	9_19
t_8291	9_19
t_8292	9_19
t_8293	9_19
t_8294	9_19
t_8295	9_19
t_8296	9_19
t_8297	9_19
t_8298	9_19
t_8299	9_19
t_8300	9_19
t_8301	9_19
t_8302	9_19
t_8303	9_19
t_8304	9_19
t_8305	9_19
t_8306	9_19
t_8307	9_19
t_8308	9_19
t_8309	9_20
t_8310	9_20
t_8311	9_20
t_8312	9_20
t_8313	9_20
t_8314	9_20
t_8315	9_20
t_8316	9_20
t_8317	9_20
t_8318	9_20
t_8319	9_20
t_8320	9_20
t_8321	9_20
t_8322	9_20
t_8323	9_20
t_8324	9_20
t_8325	9_20
t_8326	9_20
t_8327	9_20
t_8328	9_21
t_8329	9_21
t_8330	9_21
t_8331	9_21
t_8332	9_21
t_8333	9_21
t_8334	9_21
t_8335	9_21
t_8336	9_21
t_8337	9_22
t_8338	9_22
t_8339	9_22
t_8340	9_22
t_8341	9_22
t_8342	9_22
t_8343	9_22
t_8344	9_22
t_8345	9_22
t_8346	9_22
t_8347	9_22
t_8348	9_22
t_8349	9_22
t_8350	9_22
t_8351	9_22
t_8352	9_22
t_8353	9_22
t_8354	9_22
t_8355	9_22
t_8356	9_22
t_8357	9_22
t_8358	9_22
t_8359	9_22
t_8360	9_22
t_8361	9_22
t_8362	9_22
t_8363	9_23
t_8364	9_23
t_8365	9_23
t_8366	9_23
t_8367	9_23
t_8368	9_23
t_8369	9_23
t_8370	9_23
t_8371	9_23
t_8372	9_23
t_8373	9_23
t_8374	9_23
t_8375	9_23
t_8376	9_23
t_8377	9_23
t_8378	9_23
t_8379	9_23
t_8380	9_23
t_8381	9_23
t_8382	9_23
t_8383	9_23
t_8384	9_23
t_8385	9_23
t_8386	9_23
t_8387	9_23
t_8388	9_24
t_8389	9_24
t_8390	9_24
t_8391	9_24
t_8392	9_24
t_8393	9_24
t_8394	9_24
t_8395	9_24
t_8396	9_24
t_8397	9_24
t_8398	9_24
t_8399	9_24
t_8400	9_24
t_8401	9_24
t_8402	9_24
t_8403	9_24
t_8404	9_24
t_8405	9_24
t_8406	9_24
t_8407	9_24
t_8408	9_24
t_8409	9_24
t_8410	9_24
t_8411	9_24
t_8412	9_24
t_8413	9_24
t_8414	9_25
t_8415	9_25
t_8416	9_25
t_8417	9_25
t_8418	9_25
t_8419	9_25
t_8420	9_25
t_8421	9_25
t_8422	9_25
t_8423	9_25
t_8424	9_25
t_8425	9_25
t_8426	9_25
t_8427	9_25
t_8428	9_26
t_8429	9_26
t_8430	9_26
t_8431	9_26
t_8432	9_26
t_8433	9_26
t_8434	9_26
t_8435	9_26
t_8436	9_26
t_8437	9_26
t_8438	9_26
t_8439	9_26
t_8440	9_26
t_8441	9_26
t_8442	9_26
t_8443	9_26
t_8444	9_26
t_8445	9_26
t_8446	9_26
t_8447	9_26
t_8448	9_26
t_8449	9_26
t_8450	9_26
t_8451	9_26
t_8452	9_26
t_8453	9_26
t_8454	9_26
t_8455	9_26
t_8456	9_26
t_8457	9_26
t_8458	9_26
t_8459	9_27
t_8460	9_27
t_8461	9_27
t_8462	9_27
t_8463	9_27
t_8464	9_27
t_8465	9_27
t_8466	9_27
t_8467	9_27
t_8468	9_27
t_8469	9_27
t_8470	9_27
t_8471	9_27
t_8472	9_27
t_8473	9_27
t_8474	9_27
t_8475	9_27
t_8476	9_27
t_8477	9_27
t_8478	9_27
t_8479	9_27
t_8480	9_27
t_8481	9_27
t_8482	9_28
t_8483	9_28
t_8484	9_28
t_8485	9_28
t_8486	9_28
t_8487	9_28
t_8488	9_28
t_8489	9_28
t_8490	9_28
t_8491	9_28
t_8492	9_28
t_8493	9_28
t_8494	9_28
t_8495	9_28
t_8496	9_28
t_8497	9_28
t_8498	9_28
t_8499	9_28
t_8500	9_28
t_8501	9_28
t_8502	9_28
t_8503	9_29
t_8504	9_29
t_8505	9_29
t_8506	9_29
t_8507	9_29
t_8508	9_29
t_8509	9_29
t_8510	9_29
t_8511	9_29
t_8512	9_29
t_8513	9_29
t_8514	9_29
t_8515	9_29
t_8516	9_29
t_8517	9_29
t_8518	9_29
t_8519	9_29
t_8520	9_29
t_8521	9_29
t_8522	9_30
t_8523	9_30
t_8524	9_30
t_8525	9_30
t_8526	9_30
t_8527	9_30
t_8528	9_30
t_8529	9_30
t_8530	9_30
t_8531	9_30
t_8532	9_30
t_8533	9_30
t_8534	9_30
t_8535	9_31
t_8536	9_31
t_8537	9_31
t_8538	9_31
t_8539	9_31
t_8540	9_31
t_8541	9_31
t_8542	9_31
t_8543	9_31
t_8544	9_31
t_8545	9_31
t_8546	9_31
t_8547	9_31
t_8548	9_31
t_8549	9_32
t_8550	9_32
t_8551	9_32
t_8552	9_32
t_8553	9_32
t_8554	9_32
t_8555	9_32
t_8556	9_32
t_8557	9_32
t_8558	9_32
t_8559	9_32
t_8560	9_32
t_8561	9_32
t_8562	9_32
t_8563	9_32
t_8564	9_32
t_8565	9_32
t_8566	9_32
t_8567	9_32
t_8568	9_32
t_8569	9_32
t_8570	9_32
t_8571	9_32
t_8572	9_32
t_8573	9_32
t_8574	9_33
t_8575	9_33
t_8576	9_33
t_8577	9_33
t_8578	9_33
t_8579	9_33
t_8580	9_33
t_8581	9_33
t_8582	9_33
t_8583	9_33
t_8584	9_33
t_8585	9_33
t_8586	9_33
t_8587	9_33
t_8588	9_33
t_8589	9_33
t_8590	9_33
t_8591	9_33
t_8592	9_33
t_8593	9_33
t_8594	9_33
t_8595	9_33
t_8596	9_33
t_8597	9_33
t_8598	9_33
t_8599	9_33
t_8600	9_33
t_8601	9_33
t_8602	9_33
t_8603	9_33
t_8604	9_33
t_8605	9_33
t_8606	9_33
t_8607	9_33
t_8608	9_33
t_8609	9_33
t_8610	9_33
t_8611	9_33
t_8612	9_33
t_8613	9_33
t_8614	9_33
t_8615	9_34
t_8616	9_34
t_8617	9_34
t_8618	9_34
t_8619	9_34
t_8620	9_34
t_8621	9_34
t_8622	9_34
t_8623	9_34
t_8624	9_34
t_8625	9_34
t_8626	9_34
t_8627	9_34
t_8628	9_34
t_8629	9_34
t_8630	9_34
t_8631	9_34
t_8632	9_34
t_8633	9_34
t_8634	9_34
t_8635	9_35
t_8636	9_35
t_8637	9_35
t_8638	9_35
t_8639	9_35
t_8640	9_35
t_8641	9_35
t_8642	9_35
t_8643	9_35
t_8644	9_35
t_8645	9_35
t_8646	9_35
t_8647	9_35
t_8648	9_35
t_8649	9_35
t_8650	9_35
t_8651	9_35
t_8652	9_35
t_8653	9_36
t_8654	9_36
t_8655	9_36
t_8656	9_36
t_8657	9_36
t_8658	9_36
t_8659	9_36
t_8660	9_36
t_8661	9_36
t_8662	9_36
t_8663	9_36
t_8664	9_36
t_8665	9_36
t_8666	9_36
t_8667	9_36
t_8668	9_36
t_8669	9_36
t_8670	9_36
t_8671	9_36
t_8672	9_36
t_8673	9_36
t_8674	9_36
t_8675	9_36
t_8676	9_36
t_8677	9_37
t_8678	9_37
t_8679	9_37
t_8680	9_37
t_8681	9_37
t_8682	9_37
t_8683	9_37
t_8684	9_37
t_8685	9_37
t_8686	9_37
t_8687	9_37
t_8688	9_37
t_8689	9_37
t_8690	9_37
t_8691	9_37
t_8692	9_38
t_8693	9_38
t_8694	9_38
t_8695	9_38
t_8696	9_38
t_8697	9_38
t_8698	9_38
t_8699	9_38
t_8700	9_38
t_8701	9_38
t_8702	9_38
t_8703	9_38
t_8704	9_38
t_8705	9_38
t_8706	9_38
t_8707	9_38
t_8708	9_38
t_8709	9_38
t_8710	9_38
t_8711	9_38
t_8712	9_38
t_8713	9_38
t_8714	9_38
t_8715	9_39
t_8716	9_39
t_8717	9_39
t_8718	9_39
t_8719	9_39
t_8720	9_39
t_8721	9_39
t_8722	9_39
t_8723	9_39
t_8724	9_39
t_8725	9_39
t_8726	9_39
t_8727	9_39
t_8728	9_39
t_8729	9_39
t_8730	9_39
t_8731	9_39
t_8732	9_39
t_8733	9_39
t_8734	9_39
t_8735	9_39
t_8736	9_39
t_8737	9_39
t_8738	9_40
t_8739	9_40
t_8740	9_40
t_8741	9_40
t_8742	9_40
t_8743	9_40
t_8744	9_40
t_8745	9_40
t_8746	9_40
t_8747	9_40
t_8748	9_40
t_8749	9_40
t_8750	9_40
t_8751	9_41
t_8752	9_41
t_8753	9_41
t_8754	9_41
t_8755	9_41
t_8756	9_41
t_8757	9_41
t_8758	9_41
t_8759	9_41
t_8760	9_41
t_8761	9_41
t_8762	9_41
t_8763	9_41
t_8764	9_41
t_8765	9_41
t_8766	9_41
t_8767	9_41
t_8768	9_41
t_8769	9_41
t_8770	9_41
t_8771	9_41
t_8772	9_41
t_8773	9_41
t_8774	9_41
t_8775	9_41
t_8776	9_41
t_8777	9_42
t_8778	9_42
t_8779	9_42
t_8780	9_42
t_8781	9_42
t_8782	9_42
t_8783	9_42
t_8784	9_42
t_8785	9_42
t_8786	9_42
t_8787	9_42
t_8788	9_42
t_8789	9_42
t_8790	9_42
t_8791	9_42
t_8792	9_42
t_8793	9_42
t_8794	9_42
t_8795	9_42
t_8796	9_42
t_8797	9_42
t_8798	9_42
t_8799	9_42
t_8800	9_42
t_8801	9_42
t_8802	9_42
t_8803	9_42
t_8804	9_42
t_8805	9_42
t_8806	9_42
t_8807	9_42
t_8808	9_43
t_8809	9_43
t_8810	9_43
t_8811	9_43
t_8812	9_43
t_8813	9_43
t_8814	9_43
t_8815	9_43
t_8816	9_43
t_8817	9_43
t_8818	9_43
t_8819	9_43
t_8820	9_43
t_8821	9_43
t_8822	9_43
t_8823	9_43
t_8824	9_43
t_8825	9_43
t_8826	9_43
t_8827	9_43
t_8828	9_43
t_8829	9_44
t_8830	9_44
t_8831	9_44
t_8832	9_44
t_8833	9_44
t_8834	9_44
t_8835	9_44
t_8836	9_44
t_8837	9_44
t_8838	9_44
t_8839	9_44
t_8840	9_44
t_8841	9_44
t_8842	9_44
t_8843	9_44
t_8844	9_44
t_8845	9_44
t_8846	9_44
t_8847	9_44
t_8848	9_44
t_8849	9_44
t_8850	9_45
t_8851	9_45
t_8852	9_45
t_8853	9_45
t_8854	9_45
t_8855	9_45
t_8856	9_45
t_8857	9_45
t_8858	9_45
t_8859	9_45
t_8860	9_45
t_8861	9_45
t_8862	9_45
t_8863	9_45
t_8864	9_45
t_8865	9_45
t_8866	9_45
t_8867	9_45
t_8868	9_45
t_8869	9_45
t_8870	9_45
t_8871	9_45
t_8872	9_45
t_8873	9_45
t_8874	9_45
t_8875	9_45
t_8876	9_46
t_8877	9_46
t_8878	9_46
t_8879	9_46
t_8880	9_46
t_8881	9_46
t_8882	9_46
t_8883	9_46
t_8884	9_46
t_8885	9_46
t_8886	9_46
t_8887	9_46
t_8888	9_46
t_8889	9_47
t_8890	9_47
t_8891	9_47
t_8892	9_47
t_8893	9_47
t_8894	9_47
t_8895	9_47
t_8896	9_47
t_8897	9_47
t_8898	9_47
t_8899	9_47
t_8900	9_47
t_8901	9_47
t_8902	9_47
t_8903	9_47
t_8904	9_47
t_8905	9_48
t_8906	9_48
t_8907	9_48
t_8908	9_48
t_8909	9_48
t_8910	9_48
t_8911	9_48
t_8912	9_48
t_8913	9_48
t_8914	9_48
t_8915	9_48
t_8916	9_48
t_8917	9_48
t_8918	9_48
t_8919	9_48
t_8920	9_48
t_8921	9_48
t_8922	9_48
t_8923	9_48
t_8924	9_48
t_8925	9_48
t_8926	9_48
t_8927	9_48
t_8928	9_48
t_8929	9_48
t_8930	9_48
t_8931	9_48
t_8932	9_48
t_8933	9_48
t_8934	9_48
t_8935	9_48
t_8936	9_48
t_8937	9_48
t_8938	9_48
t_8939	9_48
t_8940	9_48
t_8941	9_48
t_8942	9_49
t_8943	9_49
t_8944	9_49
t_8945	9_49
t_8946	9_49
t_8947	9_49
t_8948	9_49
t_8949	9_49
t_8950	9_49
t_8951	9_49
t_8952	9_49
t_8953	9_49
t_8954	9_49
t_8955	9_49
t_8956	9_49
t_8957	9_49
t_8958	9_49
t_8959	9_49
t_8960	9_49
t_8961	9_49
t_8962	9_49
t_8963	9_49
t_8964	9_49
t_8965	9_49
t_8966	9_50
t_8967	9_50
t_8968	9_50
t_8969	9_50
t_8970	9_50
t_8971	9_50
t_8972	9_50
t_8973	9_50
t_8974	9_50
t_8975	9_50
t_8976	9_50
t_8977	9_50
t_8978	9_50
t_8979	9_50
t_8980	9_50
t_8981	9_50
t_8982	9_50
t_8983	9_50
t_8984	9_51
t_8985	9_51
t_8986	9_51
t_8987	9_51
t_8988	9_51
t_8989	9_51
t_8990	9_51
t_8991	9_51
t_8992	9_51
t_8993	9_51
t_8994	9_51
t_8995	9_51
t_8996	9_51
t_8997	9_51
t_8998	9_51
t_8999	9_51
t_9000	9_51
t_9001	9_51
t_9002	9_51
t_9003	9_51
t_9004	9_52
t_9005	9_52
t_9006	9_52
t_9007	9_52
t_9008	9_52
t_9009	9_52
t_9010	9_52
t_9011	9_52
t_9012	9_52
t_9013	9_52
t_9014	9_52
t_9015	9_52
t_9016	9_52
t_9017	9_52
t_9018	9_52
t_9019	9_52
t_9020	9_52
t_9021	9_52
t_9022	9_53
t_9023	9_53
t_9024	9_53
t_9025	9_53
t_9026	9_53
t_9027	9_53
t_9028	9_53
t_9029	9_53
t_9030	9_53
t_9031	9_53
t_9032	9_53
t_9033	9_53
t_9034	9_53
t_9035	9_53
t_9036	9_54
t_9037	9_54
t_9038	9_54
t_9039	9_54
t_9040	9_54
t_9041	9_54
t_9042	9_54
t_9043	9_54
t_9044	9_54
t_9045	9_54
t_9046	9_54
t_9047	9_54
t_9048	9_54
t_9049	9_54
t_9050	9_54
t_9051	9_54
t_9052	9_54
t_9053	9_54
t_9054	9_54
t_9055	9_54
t_9056	9_54
t_9057	9_55
t_9058	9_55
t_9059	9_55
t_9060	9_55
t_9061	9_55
t_9062	9_56
t_9063	9_56
t_9064	9_56
t_9065	9_56
t_9066	9_56
t_9067	9_56
t_9068	9_57
t_9069	9_57
t_9070	9_57
t_9071	9_57
t_9072	9_57
t_9073	9_57
t_9074	9_57
t_9075	9_57
t_9076	9_57
t_9077	9_57
t_9078	9_57
t_9079	9_57
t_9080	9_57
t_9081	9_57
t_9082	9_57
t_9083	9_57
t_9084	9_58
t_9085	9_58
t_9086	9_58
t_9087	9_58
t_9088	9_58
t_9089	9_58
t_9090	9_58
t_9091	9_58
t_9092	9_58
t_9093	9_58
t_9094	9_58
t_9095	9_58
t_9096	9_58
t_9097	9_58
t_9098	9_58
t_9099	9_58
t_9100	9_58
t_9101	9_58
t_9102	9_58
t_9103	9_58
t_9104	9_58
t_9105	9_58
t_9106	9_58
t_9107	9_58
t_9108	9_58
t_9109	9_58
t_9110	9_58
t_9111	9_58
t_9112	9_58
t_9113	9_58
t_9114	9_59
t_9115	9_59
t_9116	9_59
t_9117	9_59
t_9118	9_59
t_9119	9_59
t_9120	9_59
t_9121	9_59
t_9122	9_59
t_9123	9_59
t_9124	9_59
t_9125	9_59
t_9126	9_59
t_9127	9_59
t_9128	9_59
t_9129	9_59
t_9130	9_59
t_9131	9_59
t_9132	9_59
t_9133	9_60
t_9134	9_60
t_9135	9_60
t_9136	9_60
t_9137	9_60
t_9138	9_60
t_9139	9_60
t_9140	9_60
t_9141	9_60
t_9142	9_60
t_9143	9_60
t_9144	9_60
t_9145	9_60
t_9146	9_60
t_9147	9_60
t_9148	9_60
t_9149	9_60
t_9150	9_60
t_9151	9_60
t_9152	9_60
t_9153	9_61
t_9154	9_61
t_9155	9_61
t_9156	9_61
t_9157	9_61
t_9158	9_61
t_9159	9_61
t_9160	9_61
t_9161	9_61
t_9162	9_61
t_9163	9_61
t_9164	9_61
t_9165	9_61
t_9166	9_61
t_9167	9_61
t_9168	9_61
t_9169	9_61
t_9170	9_61
t_9171	9_61
t_9172	9_61
t_9173	9_62
t_9174	9_62
t_9175	9_62
t_9176	9_62
t_9177	9_62
t_9178	9_62
t_9179	9_62
t_9180	9_62
t_9181	9_62
t_9182	9_62
t_9183	9_62
t_9184	9_62
t_9185	9_62
t_9186	9_62
t_9187	9_62
t_9188	9_62
t_9189	9_62
t_9190	9_62
t_9191	9_62
t_9192	9_62
t_9193	9_62
t_9194	9_62
t_9195	9_62
t_9196	9_62
t_9197	9_62
t_9198	9_62
t_9199	10_1
t_9200	10_1
t_9201	10_1
t_9202	10_1
t_9203	10_1
t_9204	10_1
t_9205	10_1
t_9206	10_1
t_9207	10_1
t_9208	10_1
t_9209	10_1
t_9210	10_1
t_9211	10_1
t_9212	10_1
t_9213	10_1
t_9214	10_1
t_9215	10_1
t_9216	10_1
t_9217	10_1
t_9218	10_1
t_9219	10_1
t_9220	10_1
t_9221	10_1
t_9222	10_1
t_9223	10_1
t_9224	10_1
t_9225	10_1
t_9226	10_1
t_9227	10_1
t_9228	10_1
t_9229	10_1
t_9230	10_1
t_9231	10_2
t_9232	10_2
t_9233	10_2
t_9234	10_2
t_9235	10_2
t_9236	10_2
t_9237	10_2
t_9238	10_2
t_9239	10_2
t_9240	10_2
t_9241	10_2
t_9242	10_2
t_9243	10_2
t_9244	10_2
t_9245	10_2
t_9246	10_2
t_9247	10_2
t_9248	10_2
t_9249	10_2
t_9250	10_2
t_9251	10_2
t_9252	10_2
t_9253	10_2
t_9254	10_2
t_9255	10_2
t_9256	10_2
t_9257	10_2
t_9258	10_2
t_9259	10_3
t_9260	10_3
t_9261	10_3
t_9262	10_3
t_9263	10_3
t_9264	10_3
t_9265	10_3
t_9266	10_3
t_9267	10_3
t_9268	10_3
t_9269	10_3
t_9270	10_4
t_9271	10_4
t_9272	10_4
t_9273	10_4
t_9274	10_4
t_9275	10_4
t_9276	10_4
t_9277	10_4
t_9278	10_4
t_9279	10_4
t_9280	10_4
t_9281	10_4
t_9282	10_4
t_9283	10_4
t_9284	10_4
t_9285	10_4
t_9286	10_4
t_9287	10_5
t_9288	10_5
t_9289	10_5
t_9290	10_5
t_9291	10_5
t_9292	10_5
t_9293	10_5
t_9294	10_5
t_9295	10_5
t_9296	10_5
t_9297	10_5
t_9298	10_5
t_9299	10_5
t_9300	10_6
t_9301	10_6
t_9302	10_6
t_9303	10_6
t_9304	10_6
t_9305	10_6
t_9306	10_6
t_9307	10_6
t_9308	10_6
t_9309	10_6
t_9310	10_6
t_9311	10_6
t_9312	10_6
t_9313	10_6
t_9314	10_6
t_9315	10_6
t_9316	10_6
t_9317	10_6
t_9318	10_6
t_9319	10_6
t_9320	10_6
t_9321	10_6
t_9322	10_7
t_9323	10_7
t_9324	10_7
t_9325	10_7
t_9326	10_7
t_9327	10_7
t_9328	10_7
t_9329	10_7
t_9330	10_7
t_9331	10_7
t_9332	10_7
t_9333	10_7
t_9334	10_7
t_9335	10_7
t_9336	10_7
t_9337	10_7
t_9338	10_7
t_9339	10_7
t_9340	10_7
t_9341	10_7
t_9342	10_7
t_9343	10_7
t_9344	10_7
t_9345	10_7
t_9346	10_7
t_9347	10_7
t_9348	10_7
t_9349	10_7
t_9350	10_7
t_9351	10_8
t_9352	10_8
t_9353	10_8
t_9354	10_8
t_9355	10_8
t_9356	10_8
t_9357	10_8
t_9358	10_8
t_9359	10_8
t_9360	10_8
t_9361	10_9
t_9362	10_9
t_9363	10_9
t_9364	10_9
t_9365	10_9
t_9366	10_9
t_9367	10_9
t_9368	10_9
t_9369	10_9
t_9370	10_9
t_9371	10_9
t_9372	10_9
t_9373	10_9
t_9374	10_9
t_9375	10_9
t_9376	10_9
t_9377	10_9
t_9378	10_9
t_9379	10_9
t_9380	10_9
t_9381	10_9
t_9382	10_9
t_9383	10_9
t_9384	10_10
t_9385	10_10
t_9386	10_10
t_9387	10_10
t_9388	10_10
t_9389	10_10
t_9390	10_10
t_9391	10_10
t_9392	10_10
t_9393	10_10
t_9394	10_10
t_9395	10_10
t_9396	10_10
t_9397	10_10
t_9398	10_10
t_9399	10_10
t_9400	10_10
t_9401	10_11
t_9402	10_11
t_9403	10_11
t_9404	10_11
t_9405	10_11
t_9406	10_11
t_9407	10_11
t_9408	10_11
t_9409	10_11
t_9410	10_11
t_9411	10_11
t_9412	10_11
t_9413	10_11
t_9414	10_11
t_9415	10_11
t_9416	10_11
t_9417	10_11
t_9418	10_11
t_9419	10_11
t_9420	10_11
t_9421	10_11
t_9422	10_11
t_9423	10_11
t_9424	10_11
t_9425	10_11
t_9426	10_11
t_9427	10_12
t_9428	10_12
t_9429	10_12
t_9430	10_12
t_9431	10_12
t_9432	10_12
t_9433	10_12
t_9434	10_12
t_9435	10_12
t_9436	10_12
t_9437	10_12
t_9438	10_12
t_9439	10_12
t_9440	10_12
t_9441	10_12
t_9442	10_13
t_9443	10_13
t_9444	10_13
t_9445	10_13
t_9446	10_13
t_9447	10_13
t_9448	10_13
t_9449	10_13
t_9450	10_13
t_9451	10_13
t_9452	10_13
t_9453	10_13
t_9454	10_13
t_9455	10_13
t_9456	10_13
t_9457	10_13
t_9458	10_13
t_9459	10_13
t_9460	10_13
t_9461	10_13
t_9462	10_13
t_9463	10_13
t_9464	10_13
t_9465	10_13
t_9466	10_13
t_9467	10_13
t_9468	10_13
t_9469	10_13
t_9470	10_13
t_9471	10_13
t_9472	10_13
t_9473	10_13
t_9474	10_13
t_9475	10_14
t_9476	10_14
t_9477	10_14
t_9478	10_14
t_9479	10_14
t_9480	10_14
t_9481	10_14
t_9482	10_14
t_9483	10_14
t_9484	10_14
t_9485	10_14
t_9486	10_14
t_9487	10_15
t_9488	10_15
t_9489	10_15
t_9490	10_15
t_9491	10_15
t_9492	10_15
t_9493	10_15
t_9494	10_15
t_9495	10_15
t_9496	10_15
t_9497	10_15
t_9498	10_15
t_9499	10_15
t_9500	10_15
t_9501	10_15
t_9502	10_16
t_9503	10_16
t_9504	10_16
t_9505	10_16
t_9506	10_16
t_9507	10_16
t_9508	10_16
t_9509	10_16
t_9510	10_16
t_9511	10_16
t_9512	10_16
t_9513	10_16
t_9514	10_16
t_9515	10_16
t_9516	10_16
t_9517	10_16
t_9518	10_16
t_9519	10_16
t_9520	10_16
t_9521	10_16
t_9522	10_16
t_9523	10_16
t_9524	10_17
t_9525	10_17
t_9526	10_17
t_9527	10_17
t_9528	10_17
t_9529	10_17
t_9530	10_17
t_9531	10_17
t_9532	10_17
t_9533	10_17
t_9534	10_17
t_9535	10_17
t_9536	10_17
t_9537	10_17
t_9538	10_17
t_9539	10_17
t_9540	10_17
t_9541	10_17
t_9542	10_17
t_9543	10_17
t_9544	10_17
t_9545	10_17
t_9546	10_18
t_9547	10_18
t_9548	10_18
t_9549	10_18
t_9550	10_18
t_9551	10_18
t_9552	10_18
t_9553	10_18
t_9554	10_18
t_9555	10_18
t_9556	10_18
t_9557	10_18
t_9558	10_18
t_9559	10_19
t_9560	10_19
t_9561	10_19
t_9562	10_19
t_9563	10_19
t_9564	10_19
t_9565	10_19
t_9566	10_19
t_9567	10_19
t_9568	10_19
t_9569	10_19
t_9570	10_19
t_9571	10_19
t_9572	10_19
t_9573	10_19
t_9574	10_19
t_9575	10_19
t_9576	10_19
t_9577	10_19
t_9578	10_19
t_9579	10_19
t_9580	10_19
t_9581	10_19
t_9582	10_19
t_9583	10_19
t_9584	10_19
t_9585	10_19
t_9586	10_20
t_9587	10_20
t_9588	10_20
t_9589	10_20
t_9590	10_20
t_9591	10_20
t_9592	10_20
t_9593	10_20
t_9594	10_20
t_9595	10_20
t_9596	10_20
t_9597	10_20
t_9598	10_20
t_9599	10_20
t_9600	10_20
t_9601	10_20
t_9602	10_20
t_9603	10_20
t_9604	10_20
t_9605	10_20
t_9606	10_20
t_9607	10_20
t_9608	10_21
t_9609	10_21
t_9610	10_21
t_9611	10_21
t_9612	10_21
t_9613	10_21
t_9614	10_21
t_9615	10_21
t_9616	10_21
t_9617	10_21
t_9618	10_21
t_9619	10_21
t_9620	10_21
t_9621	10_21
t_9622	10_21
t_9623	10_21
t_9624	10_21
t_9625	10_21
t_9626	10_21
t_9627	10_21
t_9628	10_21
t_9629	10_21
t_9630	10_21
t_9631	10_21
t_9632	10_21
t_9633	10_21
t_9634	10_21
t_9635	10_21
t_9636	10_21
t_9637	10_21
t_9638	10_21
t_9639	10_21
t_9640	10_21
t_9641	10_21
t_9642	10_21
t_9643	10_21
t_9644	10_21
t_9645	10_21
t_9646	10_21
t_9647	10_21
t_9648	10_21
t_9649	10_21
t_9650	10_21
t_9651	10_21
t_9652	10_21
t_9653	10_21
t_9654	10_21
t_9655	10_22
t_9656	10_22
t_9657	10_22
t_9658	10_22
t_9659	10_22
t_9660	10_22
t_9661	10_22
t_9662	10_22
t_9663	10_22
t_9664	10_22
t_9665	10_22
t_9666	10_22
t_9667	10_22
t_9668	10_22
t_9669	10_22
t_9670	10_22
t_9671	10_22
t_9672	10_22
t_9673	10_22
t_9674	10_22
t_9675	10_22
t_9676	10_22
t_9677	10_22
t_9678	10_22
t_9679	10_22
t_9680	10_22
t_9681	10_22
t_9682	10_22
t_9683	10_22
t_9684	10_22
t_9685	10_22
t_9686	10_22
t_9687	10_22
t_9688	10_22
t_9689	10_22
t_9690	10_22
t_9691	10_22
t_9692	10_22
t_9693	10_23
t_9694	10_23
t_9695	10_23
t_9696	10_23
t_9697	10_23
t_9698	10_23
t_9699	10_23
t_9700	10_23
t_9701	10_23
t_9702	10_23
t_9703	10_23
t_9704	10_23
t_9705	10_23
t_9706	10_23
t_9707	10_23
t_9708	10_23
t_9709	10_24
t_9710	10_24
t_9711	10_24
t_9712	10_24
t_9713	10_24
t_9714	10_24
t_9715	10_24
t_9716	10_24
t_9717	10_24
t_9718	10_24
t_9719	10_24
t_9720	10_24
t_9721	10_24
t_9722	10_24
t_9723	10_24
t_9724	10_24
t_9725	10_24
t_9726	10_24
t_9727	10_24
t_9728	10_24
t_9729	10_24
t_9730	10_24
t_9731	10_24
t_9732	10_24
t_9733	10_24
t_9734	10_25
t_9735	10_25
t_9736	10_25
t_9737	10_25
t_9738	10_25
t_9739	10_25
t_9740	10_25
t_9741	10_25
t_9742	10_25
t_9743	10_25
t_9744	10_25
t_9745	10_25
t_9746	10_25
t_9747	10_25
t_9748	10_25
t_9749	10_25
t_9750	10_26
t_9751	10_26
t_9752	10_26
t_9753	10_26
t_9754	10_26
t_9755	10_26
t_9756	10_26
t_9757	10_26
t_9758	10_26
t_9759	10_26
t_9760	10_26
t_9761	10_26
t_9762	10_26
t_9763	10_26
t_9764	10_27
t_9765	10_27
t_9766	10_27
t_9767	10_27
t_9768	10_27
t_9769	10_27
t_9770	10_27
t_9771	10_27
t_9772	10_27
t_9773	10_27
t_9774	10_27
t_9775	10_27
t_9776	10_27
t_9777	10_27
t_9778	10_27
t_9779	10_27
t_9780	10_27
t_9781	10_27
t_9782	10_27
t_9783	10_27
t_9784	10_27
t_9785	10_27
t_9786	10_27
t_9787	10_27
t_9788	10_27
t_9789	10_27
t_9790	10_27
t_9791	10_27
t_9792	10_27
t_9793	10_27
t_9794	10_27
t_9795	10_27
t_9796	10_27
t_9797	10_27
t_9798	10_27
t_9799	10_27
t_9800	10_27
t_9801	10_27
t_9802	10_27
t_9803	10_28
t_9804	10_28
t_9805	10_28
t_9806	10_28
t_9807	10_28
t_9808	10_28
t_9809	10_28
t_9810	10_28
t_9811	10_28
t_9812	10_28
t_9813	10_28
t_9814	10_29
t_9815	10_29
t_9816	10_29
t_9817	10_29
t_9818	10_29
t_9819	10_29
t_9820	10_29
t_9821	10_29
t_9822	10_29
t_9823	10_29
t_9824	10_29
t_9825	10_29
t_9826	10_29
t_9827	10_29
t_9828	10_29
t_9829	10_30
t_9830	10_30
t_9831	10_30
t_9832	10_30
t_9833	10_30
t_9834	10_30
t_9835	10_30
t_9836	10_30
t_9837	10_30
t_9838	10_30
t_9839	10_30
t_9840	10_30
t_9841	10_30
t_9842	10_30
t_9843	10_30
t_9844	10_30
t_9845	10_30
t_9846	10_30
t_9847	10_30
t_9848	10_30
t_9849	10_30
t_9850	10_30
t_9851	10_30
t_9852	10_30
t_9853	10_30
t_9854	10_30
t_9855	10_31
t_9856	10_31
t_9857	10_31
t_9858	10_31
t_9859	10_31
t_9860	10_31
t_9861	10_31
t_9862	10_31
t_9863	10_31
t_9864	10_31
t_9865	10_31
t_9866	10_31
t_9867	10_31
t_9868	10_31
t_9869	10_31
t_9870	10_31
t_9871	10_31
t_9872	10_31
t_9873	10_32
t_9874	10_32
t_9875	10_32
t_9876	10_32
t_9877	10_32
t_9878	10_32
t_9879	10_32
t_9880	10_32
t_9881	10_32
t_9882	10_32
t_9883	10_32
t_9884	10_32
t_9885	10_33
t_9886	10_33
t_9887	10_33
t_9888	10_33
t_9889	10_33
t_9890	10_33
t_9891	10_33
t_9892	10_33
t_9893	10_33
t_9894	10_33
t_9895	10_33
t_9896	10_34
t_9897	10_34
t_9898	10_34
t_9899	10_34
t_9900	10_34
t_9901	10_34
t_9902	10_34
t_9903	10_34
t_9904	10_34
t_9905	10_34
t_9906	10_34
t_9907	10_34
t_9908	10_34
t_9909	10_34
t_9910	10_34
t_9911	10_34
t_9912	10_34
t_9913	10_34
t_9914	10_34
t_9915	10_34
t_9916	10_34
t_9917	10_34
t_9918	10_34
t_9919	10_34
t_9920	10_34
t_9921	10_34
t_9922	10_35
t_9923	10_35
t_9924	10_35
t_9925	10_35
t_9926	10_35
t_9927	10_35
t_9928	10_35
t_9929	10_35
t_9930	10_35
t_9931	10_35
t_9932	10_35
t_9933	10_35
t_9934	10_35
t_9935	10_35
t_9936	10_35
t_9937	10_35
t_9938	10_35
t_9939	10_35
t_9940	10_35
t_9941	10_35
t_9942	10_35
t_9943	10_35
t_9944	10_35
t_9945	10_35
t_9946	10_35
t_9947	10_35
t_9948	10_35
t_9949	10_36
t_9950	10_36
t_9951	10_36
t_9952	10_36
t_9953	10_36
t_9954	10_36
t_9955	10_36
t_9956	10_36
t_9957	10_36
t_9958	10_36
t_9959	10_36
t_9960	10_36
t_9961	10_36
t_9962	10_36
t_9963	10_37
t_9964	10_37
t_9965	10_37
t_9966	10_37
t_9967	10_37
t_9968	10_37
t_9969	10_37
t_9970	10_37
t_9971	10_37
t_9972	10_37
t_9973	10_37
t_9974	10_37
t_9975	10_37
t_9976	10_37
t_9977	10_37
t_9978	10_37
t_9979	10_37
t_9980	10_37
t_9981	10_37
t_9982	10_37
t_9983	10_37
t_9984	10_37
t_9985	10_37
t_9986	10_38
t_9987	10_38
t_9988	10_38
t_9989	10_38
t_9990	10_38
t_9991	10_38
t_9992	10_38
t_9993	10_38
t_9994	10_38
t_9995	10_38
t_9996	10_38
t_9997	10_38
t_9998	10_38
t_9999	10_38
t_10000	10_38
t_10001	10_38
t_10002	10_38
t_10003	10_38
t_10004	10_38
t_10005	10_38
t_10006	10_38
t_10007	10_38
t_10008	10_39
t_10009	10_39
t_10010	10_39
t_10011	10_39
t_10012	10_39
t_10013	10_39
t_10014	10_39
t_10015	10_39
t_10016	10_39
t_10017	10_39
t_10018	10_39
t_10019	10_39
t_10020	10_39
t_10021	10_39
t_10022	10_39
t_10023	10_39
t_10024	10_39
t_10025	10_39
t_10026	10_39
t_10027	10_39
t_10028	10_39
t_10029	10_39
t_10030	10_40
t_10031	10_40
t_10032	10_40
t_10033	10_40
t_10034	10_40
t_10035	10_40
t_10036	10_40
t_10037	10_40
t_10038	10_40
t_10039	10_40
t_10040	10_40
t_10041	10_40
t_10042	10_40
t_10043	10_40
t_10044	10_40
t_10045	10_40
t_10046	10_40
t_10047	10_40
t_10048	10_40
t_10049	10_40
t_10050	10_40
t_10051	10_40
t_10052	10_40
t_10053	10_40
t_10054	10_40
t_10055	10_40
t_10056	10_40
t_10057	10_40
t_10058	10_40
t_10059	10_40
t_10060	10_40
t_10061	10_40
t_10062	10_41
t_10063	10_41
t_10064	10_41
t_10065	10_41
t_10066	10_41
t_10067	10_41
t_10068	10_41
t_10069	10_41
t_10070	10_41
t_10071	10_41
t_10072	10_41
t_10073	10_41
t_10074	10_41
t_10075	10_41
t_10076	10_41
t_10077	10_41
t_10078	10_41
t_10079	10_41
t_10080	10_41
t_10081	10_41
t_10082	10_41
t_10083	10_41
t_10084	10_42
t_10085	10_42
t_10086	10_42
t_10087	10_42
t_10088	10_42
t_10089	10_42
t_10090	10_42
t_10091	10_42
t_10092	10_42
t_10093	10_42
t_10094	10_42
t_10095	11_1
t_10096	11_1
t_10097	11_1
t_10098	11_1
t_10099	11_1
t_10100	11_1
t_10101	11_1
t_10102	11_1
t_10103	11_1
t_10104	11_1
t_10105	11_1
t_10106	11_1
t_10107	11_1
t_10108	11_1
t_10109	11_1
t_10110	11_1
t_10111	11_1
t_10112	11_1
t_10113	11_1
t_10114	11_1
t_10115	11_1
t_10116	11_1
t_10117	11_1
t_10118	11_1
t_10119	11_1
t_10120	11_1
t_10121	11_1
t_10122	11_1
t_10123	11_1
t_10124	11_1
t_10125	11_1
t_10126	11_1
t_10127	11_1
t_10128	11_1
t_10129	11_1
t_10130	11_2
t_10131	11_2
t_10132	11_2
t_10133	11_2
t_10134	11_2
t_10135	11_2
t_10136	11_2
t_10137	11_2
t_10138	11_2
t_10139	11_2
t_10140	11_2
t_10141	11_2
t_10142	11_2
t_10143	11_2
t_10144	11_2
t_10145	11_2
t_10146	11_2
t_10147	11_2
t_10148	11_2
t_10149	11_3
t_10150	11_3
t_10151	11_3
t_10152	11_3
t_10153	11_3
t_10154	11_3
t_10155	11_3
t_10156	11_3
t_10157	11_3
t_10158	11_3
t_10159	11_3
t_10160	11_4
t_10161	11_4
t_10162	11_4
t_10163	11_4
t_10164	11_4
t_10165	11_4
t_10166	11_4
t_10167	11_4
t_10168	11_4
t_10169	11_4
t_10170	11_4
t_10171	11_4
t_10172	11_4
t_10173	11_4
t_10174	11_4
t_10175	11_4
t_10176	11_4
t_10177	11_4
t_10178	11_4
t_10179	11_4
t_10180	11_4
t_10181	11_4
t_10182	11_5
t_10183	11_5
t_10184	11_5
t_10185	11_5
t_10186	11_5
t_10187	11_5
t_10188	11_5
t_10189	11_5
t_10190	11_5
t_10191	11_5
t_10192	11_5
t_10193	11_5
t_10194	11_5
t_10195	11_5
t_10196	11_5
t_10197	11_5
t_10198	11_5
t_10199	11_5
t_10200	11_5
t_10201	11_5
t_10202	11_5
t_10203	11_5
t_10204	11_5
t_10205	11_5
t_10206	11_6
t_10207	11_6
t_10208	11_6
t_10209	11_6
t_10210	11_6
t_10211	11_6
t_10212	11_6
t_10213	11_6
t_10214	11_6
t_10215	11_6
t_10216	11_6
t_10217	11_6
t_10218	11_6
t_10219	11_6
t_10220	11_6
t_10221	11_7
t_10222	11_7
t_10223	11_7
t_10224	11_7
t_10225	11_7
t_10226	11_7
t_10227	11_7
t_10228	11_7
t_10229	11_7
t_10230	11_7
t_10231	11_7
t_10232	11_7
t_10233	11_7
t_10234	11_7
t_10235	11_7
t_10236	11_7
t_10237	11_7
t_10238	11_7
t_10239	11_7
t_10240	11_7
t_10241	11_7
t_10242	11_7
t_10243	11_7
t_10244	11_7
t_10245	11_7
t_10246	11_7
t_10247	11_7
t_10248	11_7
t_10249	11_7
t_10250	11_7
t_10251	11_7
t_10252	11_7
t_10253	11_8
t_10254	11_8
t_10255	11_8
t_10256	11_8
t_10257	11_8
t_10258	11_8
t_10259	11_8
t_10260	11_8
t_10261	11_8
t_10262	11_8
t_10263	11_8
t_10264	11_8
t_10265	11_8
t_10266	11_8
t_10267	11_8
t_10268	11_8
t_10269	11_8
t_10270	11_8
t_10271	11_8
t_10272	11_8
t_10273	11_8
t_10274	11_8
t_10275	11_8
t_10276	11_8
t_10277	11_8
t_10278	11_8
t_10279	11_9
t_10280	11_9
t_10281	11_9
t_10282	11_9
t_10283	11_9
t_10284	11_9
t_10285	11_9
t_10286	11_9
t_10287	11_9
t_10288	11_9
t_10289	11_9
t_10290	11_9
t_10291	11_9
t_10292	11_9
t_10293	11_9
t_10294	11_9
t_10295	11_9
t_10296	11_9
t_10297	11_9
t_10298	11_9
t_10299	11_9
t_10300	11_9
t_10301	11_10
t_10302	11_10
t_10303	11_10
t_10304	11_10
t_10305	11_10
t_10306	11_10
t_10307	11_10
t_10308	11_10
t_10309	11_10
t_10310	11_10
t_10311	11_10
t_10312	11_10
t_10313	11_10
t_10314	11_10
t_10315	11_10
t_10316	11_10
t_10317	11_11
t_10318	11_11
t_10319	11_11
t_10320	11_11
t_10321	11_11
t_10322	11_11
t_10323	11_11
t_10324	11_11
t_10325	11_11
t_10326	11_11
t_10327	11_11
t_10328	11_11
t_10329	11_11
t_10330	11_11
t_10331	11_11
t_10332	11_11
t_10333	11_11
t_10334	11_11
t_10335	11_12
t_10336	11_12
t_10337	11_12
t_10338	11_12
t_10339	11_12
t_10340	11_12
t_10341	11_12
t_10342	11_12
t_10343	11_12
t_10344	11_13
t_10345	11_13
t_10346	11_13
t_10347	11_13
t_10348	11_13
t_10349	11_13
t_10350	11_13
t_10351	11_13
t_10352	11_13
t_10353	11_13
t_10354	11_13
t_10355	11_13
t_10356	11_13
t_10357	11_13
t_10358	11_13
t_10359	11_13
t_10360	11_13
t_10361	11_13
t_10362	11_13
t_10363	11_13
t_10364	11_13
t_10365	11_13
t_10366	11_13
t_10367	11_13
t_10368	11_13
t_10369	11_13
t_10370	11_13
t_10371	11_13
t_10372	11_13
t_10373	11_14
t_10374	11_14
t_10375	11_14
t_10376	11_14
t_10377	11_14
t_10378	11_14
t_10379	11_14
t_10380	11_14
t_10381	11_14
t_10382	11_14
t_10383	11_14
t_10384	11_14
t_10385	11_14
t_10386	11_14
t_10387	11_14
t_10388	11_14
t_10389	11_14
t_10390	11_14
t_10391	11_14
t_10392	11_14
t_10393	11_15
t_10394	11_15
t_10395	11_15
t_10396	11_15
t_10397	11_15
t_10398	11_15
t_10399	11_15
t_10400	11_15
t_10401	11_15
t_10402	11_15
t_10403	11_15
t_10404	11_15
t_10405	11_15
t_10406	11_15
t_10407	11_15
t_10408	11_16
t_10409	11_16
t_10410	11_16
t_10411	11_16
t_10412	11_16
t_10413	11_16
t_10414	11_16
t_10415	11_16
t_10416	11_16
t_10417	11_16
t_10418	11_17
t_10419	11_17
t_10420	11_17
t_10421	11_17
t_10422	11_17
t_10423	11_17
t_10424	11_17
t_10425	11_17
t_10426	11_17
t_10427	11_17
t_10428	11_17
t_10429	11_17
t_10430	11_17
t_10431	11_17
t_10432	11_17
t_10433	11_17
t_10434	11_17
t_10435	11_17
t_10436	11_17
t_10437	11_17
t_10438	11_17
t_10439	11_18
t_10440	11_18
t_10441	11_18
t_10442	11_18
t_10443	11_18
t_10444	11_18
t_10445	11_18
t_10446	11_18
t_10447	11_18
t_10448	11_18
t_10449	11_18
t_10450	11_18
t_10451	11_18
t_10452	11_18
t_10453	11_18
t_10454	11_18
t_10455	11_18
t_10456	11_18
t_10457	11_18
t_10458	11_18
t_10459	11_18
t_10460	11_18
t_10461	11_18
t_10462	11_18
t_10463	11_19
t_10464	11_19
t_10465	11_19
t_10466	11_19
t_10467	11_19
t_10468	11_19
t_10469	11_19
t_10470	11_19
t_10471	11_19
t_10472	11_19
t_10473	11_19
t_10474	11_19
t_10475	11_19
t_10476	11_19
t_10477	11_19
t_10478	11_19
t_10479	11_19
t_10480	11_19
t_10481	11_19
t_10482	11_19
t_10483	11_19
t_10484	11_19
t_10485	11_19
t_10486	11_20
t_10487	11_20
t_10488	11_20
t_10489	11_20
t_10490	11_20
t_10491	11_20
t_10492	11_20
t_10493	11_20
t_10494	11_20
t_10495	11_20
t_10496	11_20
t_10497	11_20
t_10498	11_20
t_10499	11_20
t_10500	11_20
t_10501	11_20
t_10502	11_20
t_10503	11_20
t_10504	11_20
t_10505	11_20
t_10506	11_20
t_10507	11_21
t_10508	11_21
t_10509	11_21
t_10510	11_21
t_10511	11_21
t_10512	11_21
t_10513	11_21
t_10514	11_21
t_10515	11_21
t_10516	11_21
t_10517	11_21
t_10518	11_21
t_10519	11_21
t_10520	11_21
t_10521	11_21
t_10522	11_21
t_10523	11_22
t_10524	11_22
t_10525	11_22
t_10526	11_22
t_10527	11_22
t_10528	11_22
t_10529	11_22
t_10530	11_22
t_10531	11_22
t_10532	11_22
t_10533	11_22
t_10534	11_22
t_10535	11_22
t_10536	11_22
t_10537	11_22
t_10538	11_22
t_10539	11_22
t_10540	11_22
t_10541	11_22
t_10542	11_22
t_10543	11_22
t_10544	11_22
t_10545	11_23
t_10546	11_23
t_10547	11_23
t_10548	11_23
t_10549	11_23
t_10550	11_23
t_10551	11_23
t_10552	11_23
t_10553	11_23
t_10554	11_23
t_10555	11_23
t_10556	11_23
t_10557	11_23
t_10558	11_23
t_10559	11_23
t_10560	11_23
t_10561	11_23
t_10562	11_24
t_10563	11_24
t_10564	11_24
t_10565	11_24
t_10566	11_24
t_10567	11_24
t_10568	11_24
t_10569	11_24
t_10570	11_24
t_10571	11_24
t_10572	11_24
t_10573	11_24
t_10574	11_24
t_10575	11_24
t_10576	11_24
t_10577	11_24
t_10578	11_24
t_10579	11_24
t_10580	11_24
t_10581	11_24
t_10582	11_24
t_10583	11_24
t_10584	11_24
t_10585	11_24
t_10586	11_24
t_10587	11_24
t_10588	11_24
t_10589	11_24
t_10590	11_24
t_10591	11_24
t_10592	11_24
t_10593	11_25
t_10594	11_25
t_10595	11_25
t_10596	11_25
t_10597	11_25
t_10598	11_25
t_10599	11_25
t_10600	11_25
t_10601	11_25
t_10602	11_25
t_10603	11_25
t_10604	11_26
t_10605	11_26
t_10606	11_26
t_10607	11_26
t_10608	11_26
t_10609	11_26
t_10610	11_26
t_10611	11_26
t_10612	11_26
t_10613	11_26
t_10614	11_26
t_10615	11_26
t_10616	11_26
t_10617	11_26
t_10618	11_26
t_10619	11_26
t_10620	11_26
t_10621	11_26
t_10622	11_26
t_10623	11_26
t_10624	11_26
t_10625	11_26
t_10626	11_26
t_10627	11_26
t_10628	11_26
t_10629	11_26
t_10630	11_27
t_10631	11_27
t_10632	11_27
t_10633	11_27
t_10634	11_27
t_10635	11_27
t_10636	11_27
t_10637	11_27
t_10638	11_27
t_10639	11_27
t_10640	11_27
t_10641	11_27
t_10642	11_27
t_10643	11_27
t_10644	11_27
t_10645	11_27
t_10646	11_27
t_10647	11_27
t_10648	11_27
t_10649	11_27
t_10650	11_27
t_10651	11_27
t_10652	11_27
t_10653	11_27
t_10654	11_27
t_10655	11_27
t_10656	11_27
t_10657	11_28
t_10658	11_28
t_10659	11_28
t_10660	11_28
t_10661	11_28
t_10662	11_28
t_10663	11_28
t_10664	11_28
t_10665	11_28
t_10666	11_28
t_10667	11_28
t_10668	11_28
t_10669	11_28
t_10670	11_28
t_10671	11_29
t_10672	11_29
t_10673	11_29
t_10674	11_29
t_10675	11_29
t_10676	11_29
t_10677	11_29
t_10678	11_29
t_10679	11_29
t_10680	11_29
t_10681	11_29
t_10682	11_29
t_10683	11_29
t_10684	11_29
t_10685	11_29
t_10686	11_29
t_10687	11_29
t_10688	11_29
t_10689	11_29
t_10690	11_29
t_10691	11_29
t_10692	11_29
t_10693	11_29
t_10694	11_29
t_10695	11_29
t_10696	11_29
t_10697	11_29
t_10698	11_30
t_10699	11_30
t_10700	11_30
t_10701	11_30
t_10702	11_30
t_10703	11_30
t_10704	11_30
t_10705	11_30
t_10706	11_30
t_10707	11_30
t_10708	11_30
t_10709	11_30
t_10710	11_30
t_10711	11_30
t_10712	11_30
t_10713	11_30
t_10714	11_30
t_10715	11_30
t_10716	11_30
t_10717	11_30
t_10718	11_30
t_10719	11_30
t_10720	11_31
t_10721	11_31
t_10722	11_31
t_10723	11_31
t_10724	11_31
t_10725	11_31
t_10726	11_31
t_10727	11_31
t_10728	11_31
t_10729	11_31
t_10730	11_31
t_10731	11_31
t_10732	11_31
t_10733	11_31
t_10734	11_31
t_10735	11_31
t_10736	11_31
t_10737	11_31
t_10738	11_31
t_10739	11_31
t_10740	11_31
t_10741	11_31
t_10742	11_31
t_10743	11_31
t_10744	11_31
t_10745	11_31
t_10746	11_31
t_10747	11_31
t_10748	11_31
t_10749	11_31
t_10750	11_31
t_10751	11_31
t_10752	11_31
t_10753	11_31
t_10754	11_32
t_10755	11_32
t_10756	11_32
t_10757	11_32
t_10758	11_32
t_10759	11_32
t_10760	11_32
t_10761	11_32
t_10762	11_32
t_10763	11_32
t_10764	11_32
t_10765	11_32
t_10766	11_32
t_10767	11_32
t_10768	11_32
t_10769	11_32
t_10770	11_32
t_10771	11_32
t_10772	11_32
t_10773	11_32
t_10774	11_32
t_10775	11_32
t_10776	11_32
t_10777	11_32
t_10778	11_32
t_10779	11_32
t_10780	11_32
t_10781	11_33
t_10782	11_33
t_10783	11_33
t_10784	11_33
t_10785	11_33
t_10786	11_33
t_10787	11_33
t_10788	11_33
t_10789	11_33
t_10790	11_33
t_10791	11_33
t_10792	11_33
t_10793	11_33
t_10794	11_33
t_10795	11_33
t_10796	11_33
t_10797	11_33
t_10798	11_33
t_10799	11_33
t_10800	11_33
t_10801	11_33
t_10802	11_33
t_10803	11_33
t_10804	11_34
t_10805	11_34
t_10806	11_34
t_10807	11_34
t_10808	11_34
t_10809	11_34
t_10810	11_34
t_10811	11_34
t_10812	11_34
t_10813	11_34
t_10814	11_34
t_10815	11_34
t_10816	11_34
t_10817	11_34
t_10818	11_34
t_10819	11_34
t_10820	11_34
t_10821	11_34
t_10822	11_34
t_10823	11_34
t_10824	11_34
t_10825	11_34
t_10826	11_34
t_10827	11_34
t_10828	11_34
t_10829	11_34
t_10830	11_34
t_10831	11_34
t_10832	11_34
t_10833	11_34
t_10834	11_34
t_10835	11_34
t_10836	11_34
t_10837	11_34
t_10838	11_34
t_10839	11_35
t_10840	11_35
t_10841	11_35
t_10842	11_35
t_10843	11_35
t_10844	11_35
t_10845	11_35
t_10846	11_35
t_10847	11_35
t_10848	11_35
t_10849	11_35
t_10850	11_36
t_10851	11_36
t_10852	11_36
t_10853	11_36
t_10854	11_36
t_10855	11_36
t_10856	11_36
t_10857	11_36
t_10858	11_36
t_10859	11_36
t_10860	11_36
t_10861	11_36
t_10862	11_36
t_10863	11_36
t_10864	11_36
t_10865	11_36
t_10866	11_36
t_10867	11_36
t_10868	11_36
t_10869	11_36
t_10870	11_36
t_10871	11_36
t_10872	11_36
t_10873	11_36
t_10874	11_36
t_10875	11_36
t_10876	11_37
t_10877	11_37
t_10878	11_37
t_10879	11_37
t_10880	11_37
t_10881	11_37
t_10882	11_37
t_10883	11_37
t_10884	11_37
t_10885	11_37
t_10886	11_37
t_10887	11_37
t_10888	11_37
t_10889	11_37
t_10890	11_37
t_10891	11_37
t_10892	11_38
t_10893	11_38
t_10894	11_38
t_10895	11_38
t_10896	11_38
t_10897	11_38
t_10898	11_38
t_10899	11_38
t_10900	11_38
t_10901	11_38
t_10902	11_38
t_10903	11_38
t_10904	11_38
t_10905	11_39
t_10906	11_39
t_10907	11_39
t_10908	11_39
t_10909	11_39
t_10910	11_39
t_10911	11_39
t_10912	11_39
t_10913	11_39
t_10914	11_39
t_10915	11_39
t_10916	11_39
t_10917	11_39
t_10918	11_39
t_10919	11_39
t_10920	11_39
t_10921	11_39
t_10922	11_39
t_10923	11_39
t_10924	11_39
t_10925	11_39
t_10926	11_39
t_10927	11_39
t_10928	11_39
t_10929	11_39
t_10930	11_39
t_10931	11_39
t_10932	11_39
t_10933	11_40
t_10934	11_40
t_10935	11_40
t_10936	11_40
t_10937	11_40
t_10938	11_40
t_10939	11_40
t_10940	11_40
t_10941	11_40
t_10942	11_40
t_10943	11_40
t_10944	11_40
t_10945	11_41
t_10946	11_41
t_10947	11_41
t_10948	11_41
t_10949	11_41
t_10950	11_41
t_10951	11_41
t_10952	11_41
t_10953	11_41
t_10954	11_41
t_10955	11_41
t_10956	11_41
t_10957	11_41
t_10958	11_42
t_10959	11_42
t_10960	11_42
t_10961	11_42
t_10962	11_42
t_10963	11_42
t_10964	11_42
t_10965	11_42
t_10966	11_42
t_10967	11_42
t_10968	11_42
t_10969	11_42
t_10970	11_42
t_10971	11_42
t_10972	11_42
t_10973	11_42
t_10974	11_42
t_10975	11_42
t_10976	11_42
t_10977	11_42
t_10978	11_42
t_10979	11_42
t_10980	11_42
t_10981	11_42
t_10982	11_42
t_10983	11_42
t_10984	11_42
t_10985	11_42
t_10986	11_42
t_10987	11_42
t_10988	11_42
t_10989	11_42
t_10990	11_42
t_10991	11_42
t_10992	11_42
t_10993	11_42
t_10994	11_43
t_10995	11_43
t_10996	11_43
t_10997	11_43
t_10998	11_43
t_10999	11_43
t_11000	11_43
t_11001	11_43
t_11002	11_43
t_11003	11_43
t_11004	11_43
t_11005	11_43
t_11006	11_43
t_11007	11_43
t_11008	11_43
t_11009	11_43
t_11010	11_43
t_11011	11_43
t_11012	11_43
t_11013	11_44
t_11014	11_44
t_11015	11_44
t_11016	11_44
t_11017	11_44
t_11018	11_44
t_11019	11_44
t_11020	11_44
t_11021	11_44
t_11022	11_44
t_11023	11_44
t_11024	11_44
t_11025	11_44
t_11026	11_44
t_11027	11_44
t_11028	11_44
t_11029	11_44
t_11030	11_44
t_11031	11_44
t_11032	11_44
t_11033	11_45
t_11034	11_45
t_11035	11_45
t_11036	11_45
t_11037	11_45
t_11038	11_45
t_11039	11_45
t_11040	11_45
t_11041	11_45
t_11042	11_45
t_11043	11_45
t_11044	11_45
t_11045	11_45
t_11046	11_45
t_11047	11_45
t_11048	11_46
t_11049	11_46
t_11050	11_46
t_11051	11_46
t_11052	11_46
t_11053	11_46
t_11054	11_46
t_11055	11_46
t_11056	11_46
t_11057	11_46
t_11058	11_46
t_11059	11_46
t_11060	11_46
t_11061	11_46
t_11062	11_46
t_11063	11_46
t_11064	11_46
t_11065	11_46
t_11066	11_46
t_11067	11_46
t_11068	11_46
t_11069	11_46
t_11070	11_46
t_11071	11_46
t_11072	11_46
t_11073	11_46
t_11074	11_46
t_11075	11_47
t_11076	11_47
t_11077	11_47
t_11078	11_47
t_11079	11_47
t_11080	11_47
t_11081	11_47
t_11082	11_47
t_11083	11_47
t_11084	11_47
t_11085	11_47
t_11086	11_47
t_11087	11_47
t_11088	11_47
t_11089	11_47
t_11090	11_47
t_11091	11_48
t_11092	11_48
t_11093	11_48
t_11094	11_48
t_11095	11_48
t_11096	11_48
t_11097	11_48
t_11098	11_48
t_11099	11_48
t_11100	11_48
t_11101	11_48
t_11102	11_48
t_11103	11_48
t_11104	11_48
t_11105	11_48
t_11106	11_48
t_11107	11_48
t_11108	11_48
t_11109	11_48
t_11110	11_48
t_11111	11_49
t_11112	11_49
t_11113	11_49
t_11114	11_49
t_11115	11_49
t_11116	11_49
t_11117	11_49
t_11118	11_49
t_11119	11_49
t_11120	11_49
t_11121	11_49
t_11122	11_49
t_11123	11_49
t_11124	11_49
t_11125	11_49
t_11126	11_49
t_11127	11_49
t_11128	11_49
t_11129	11_49
t_11130	11_49
t_11131	11_49
t_11132	11_49
t_11133	11_50
t_11134	11_50
t_11135	11_50
t_11136	11_50
t_11137	11_50
t_11138	11_50
t_11139	11_50
t_11140	11_50
t_11141	11_50
t_11142	11_50
t_11143	11_50
t_11144	11_50
t_11145	11_50
t_11146	11_50
t_11147	11_50
t_11148	11_50
t_11149	11_50
t_11150	11_51
t_11151	11_51
t_11152	11_51
t_11153	11_51
t_11154	11_51
t_11155	11_51
t_11156	11_51
t_11157	11_51
t_11158	11_51
t_11159	11_51
t_11160	11_51
t_11161	11_51
t_11162	11_51
t_11163	11_51
t_11164	11_51
t_11165	11_51
t_11166	11_51
t_11167	11_51
t_11168	11_51
t_11169	11_51
t_11170	11_51
t_11171	11_51
t_11172	11_51
t_11173	11_51
t_11174	11_51
t_11175	11_51
t_11176	11_52
t_11177	11_52
t_11178	11_52
t_11179	11_52
t_11180	11_52
t_11181	11_52
t_11182	11_52
t_11183	11_52
t_11184	11_52
t_11185	11_52
t_11186	11_52
t_11187	11_52
t_11188	11_52
t_11189	11_52
t_11190	11_52
t_11191	11_52
t_11192	11_52
t_11193	11_52
t_11194	11_52
t_11195	11_52
t_11196	11_53
t_11197	11_53
t_11198	11_53
t_11199	11_53
t_11200	11_53
t_11201	11_53
t_11202	11_53
t_11203	11_53
t_11204	11_53
t_11205	11_53
t_11206	11_53
t_11207	11_53
t_11208	11_53
t_11209	11_53
t_11210	11_53
t_11211	11_53
t_11212	11_53
t_11213	11_53
t_11214	11_54
t_11215	11_54
t_11216	11_54
t_11217	11_54
t_11218	11_54
t_11219	11_54
t_11220	11_54
t_11221	11_54
t_11222	11_54
t_11223	12_1
t_11224	12_1
t_11225	12_1
t_11226	12_1
t_11227	12_1
t_11228	12_1
t_11229	12_1
t_11230	12_1
t_11231	12_1
t_11232	12_1
t_11233	12_1
t_11234	12_1
t_11235	12_1
t_11236	12_1
t_11237	12_1
t_11238	12_1
t_11239	12_1
t_11240	12_1
t_11241	12_1
t_11242	12_1
t_11243	12_1
t_11244	12_1
t_11245	12_1
t_11246	12_1
t_11247	12_1
t_11248	12_1
t_11249	12_1
t_11250	12_1
t_11251	12_1
t_11252	12_1
t_11253	12_1
t_11254	12_1
t_11255	12_2
t_11256	12_2
t_11257	12_2
t_11258	12_2
t_11259	12_2
t_11260	12_2
t_11261	12_2
t_11262	12_2
t_11263	12_2
t_11264	12_2
t_11265	12_2
t_11266	12_2
t_11267	12_2
t_11268	12_2
t_11269	12_3
t_11270	12_3
t_11271	12_3
t_11272	12_3
t_11273	12_3
t_11274	12_3
t_11275	12_3
t_11276	12_3
t_11277	12_3
t_11278	12_3
t_11279	12_3
t_11280	12_3
t_11281	12_3
t_11282	12_3
t_11283	12_3
t_11284	12_3
t_11285	12_3
t_11286	12_3
t_11287	12_3
t_11288	12_3
t_11289	12_3
t_11290	12_3
t_11291	12_3
t_11292	12_3
t_11293	12_3
t_11294	12_3
t_11295	12_4
t_11296	12_4
t_11297	12_4
t_11298	12_4
t_11299	12_4
t_11300	12_4
t_11301	12_4
t_11302	12_4
t_11303	12_4
t_11304	12_4
t_11305	12_4
t_11306	12_4
t_11307	12_4
t_11308	12_4
t_11309	12_4
t_11310	12_4
t_11311	12_4
t_11312	12_4
t_11313	12_4
t_11314	12_4
t_11315	12_4
t_11316	12_4
t_11317	12_4
t_11318	12_4
t_11319	12_4
t_11320	12_4
t_11321	12_4
t_11322	12_4
t_11323	12_4
t_11324	12_5
t_11325	12_5
t_11326	12_5
t_11327	12_5
t_11328	12_5
t_11329	12_5
t_11330	12_5
t_11331	12_5
t_11332	12_5
t_11333	12_5
t_11334	12_5
t_11335	12_5
t_11336	12_5
t_11337	12_5
t_11338	12_5
t_11339	12_5
t_11340	12_5
t_11341	12_5
t_11342	12_5
t_11343	12_5
t_11344	12_6
t_11345	12_6
t_11346	12_6
t_11347	12_6
t_11348	12_6
t_11349	12_6
t_11350	12_6
t_11351	12_6
t_11352	12_6
t_11353	12_6
t_11354	12_6
t_11355	12_6
t_11356	12_6
t_11357	12_6
t_11358	12_6
t_11359	12_6
t_11360	12_6
t_11361	12_6
t_11362	12_7
t_11363	12_7
t_11364	12_7
t_11365	12_7
t_11366	12_7
t_11367	12_7
t_11368	12_7
t_11369	12_7
t_11370	12_7
t_11371	12_7
t_11372	12_7
t_11373	12_7
t_11374	12_7
t_11375	12_7
t_11376	12_7
t_11377	12_7
t_11378	12_7
t_11379	12_8
t_11380	12_8
t_11381	12_8
t_11382	12_8
t_11383	12_8
t_11384	12_8
t_11385	12_8
t_11386	12_8
t_11387	12_8
t_11388	12_8
t_11389	12_8
t_11390	12_8
t_11391	12_8
t_11392	12_8
t_11393	12_8
t_11394	12_8
t_11395	12_8
t_11396	12_8
t_11397	12_8
t_11398	12_8
t_11399	12_8
t_11400	12_8
t_11401	12_8
t_11402	12_8
t_11403	12_8
t_11404	12_8
t_11405	12_8
t_11406	12_8
t_11407	12_9
t_11408	12_9
t_11409	12_9
t_11410	12_9
t_11411	12_9
t_11412	12_9
t_11413	12_9
t_11414	12_9
t_11415	12_9
t_11416	12_9
t_11417	12_9
t_11418	12_9
t_11419	12_9
t_11420	12_9
t_11421	12_10
t_11422	12_10
t_11423	12_10
t_11424	12_10
t_11425	12_10
t_11426	12_10
t_11427	12_10
t_11428	12_10
t_11429	12_10
t_11430	12_10
t_11431	12_10
t_11432	12_10
t_11433	12_10
t_11434	12_10
t_11435	12_10
t_11436	12_10
t_11437	12_10
t_11438	12_10
t_11439	12_10
t_11440	12_10
t_11441	12_10
t_11442	12_10
t_11443	12_10
t_11444	12_10
t_11445	12_11
t_11446	12_11
t_11447	12_11
t_11448	12_11
t_11449	12_11
t_11450	12_11
t_11451	12_11
t_11452	12_11
t_11453	12_11
t_11454	12_11
t_11455	12_11
t_11456	12_11
t_11457	12_11
t_11458	12_11
t_11459	12_11
t_11460	12_11
t_11461	12_11
t_11462	12_11
t_11463	12_11
t_11464	12_11
t_11465	12_11
t_11466	12_11
t_11467	12_11
t_11468	12_11
t_11469	12_11
t_11470	12_11
t_11471	12_12
t_11472	12_12
t_11473	12_12
t_11474	12_12
t_11475	12_12
t_11476	12_12
t_11477	12_12
t_11478	12_12
t_11479	12_12
t_11480	12_12
t_11481	12_12
t_11482	12_12
t_11483	12_12
t_11484	12_12
t_11485	12_13
t_11486	12_13
t_11487	12_13
t_11488	12_13
t_11489	12_13
t_11490	12_13
t_11491	12_13
t_11492	12_13
t_11493	12_13
t_11494	12_13
t_11495	12_13
t_11496	12_13
t_11497	12_13
t_11498	12_13
t_11499	12_13
t_11500	12_13
t_11501	12_13
t_11502	12_13
t_11503	12_13
t_11504	12_14
t_11505	12_14
t_11506	12_14
t_11507	12_14
t_11508	12_14
t_11509	12_14
t_11510	12_14
t_11511	12_14
t_11512	12_14
t_11513	12_14
t_11514	12_14
t_11515	12_14
t_11516	12_14
t_11517	12_14
t_11518	12_14
t_11519	12_15
t_11520	12_15
t_11521	12_15
t_11522	12_15
t_11523	12_15
t_11524	12_15
t_11525	12_15
t_11526	12_15
t_11527	12_15
t_11528	12_15
t_11529	12_15
t_11530	12_15
t_11531	12_15
t_11532	12_15
t_11533	12_15
t_11534	12_15
t_11535	12_15
t_11536	12_15
t_11537	12_15
t_11538	12_15
t_11539	12_15
t_11540	12_15
t_11541	12_15
t_11542	12_15
t_11543	12_15
t_11544	12_15
t_11545	12_16
t_11546	12_16
t_11547	12_16
t_11548	12_16
t_11549	12_16
t_11550	12_16
t_11551	12_16
t_11552	12_16
t_11553	12_16
t_11554	12_16
t_11555	12_16
t_11556	12_16
t_11557	12_16
t_11558	12_17
t_11559	12_17
t_11560	12_17
t_11561	12_17
t_11562	12_17
t_11563	12_17
t_11564	12_17
t_11565	12_17
t_11566	12_17
t_11567	12_17
t_11568	12_17
t_11569	12_17
t_11570	12_17
t_11571	12_17
t_11572	12_17
t_11573	12_17
t_11574	12_17
t_11575	12_18
t_11576	12_18
t_11577	12_18
t_11578	12_18
t_11579	12_18
t_11580	12_18
t_11581	12_18
t_11582	12_18
t_11583	12_18
t_11584	12_18
t_11585	12_18
t_11586	12_18
t_11587	12_18
t_11588	12_18
t_11589	12_18
t_11590	12_18
t_11591	12_18
t_11592	12_18
t_11593	12_18
t_11594	12_18
t_11595	12_18
t_11596	12_18
t_11597	12_18
t_11598	12_18
t_11599	12_19
t_11600	12_19
t_11601	12_19
t_11602	12_19
t_11603	12_19
t_11604	12_19
t_11605	12_19
t_11606	12_19
t_11607	12_19
t_11608	12_19
t_11609	12_19
t_11610	12_19
t_11611	12_19
t_11612	12_19
t_11613	12_19
t_11614	12_19
t_11615	12_19
t_11616	12_19
t_11617	12_19
t_11618	12_19
t_11619	12_19
t_11620	12_19
t_11621	12_19
t_11622	12_19
t_11623	12_19
t_11624	12_20
t_11625	12_20
t_11626	12_20
t_11627	12_20
t_11628	12_20
t_11629	12_20
t_11630	12_20
t_11631	12_20
t_11632	12_20
t_11633	12_20
t_11634	12_20
t_11635	12_20
t_11636	12_20
t_11637	12_20
t_11638	12_20
t_11639	12_20
t_11640	12_20
t_11641	12_20
t_11642	12_20
t_11643	12_20
t_11644	12_20
t_11645	12_20
t_11646	12_20
t_11647	12_20
t_11648	12_21
t_11649	12_21
t_11650	12_21
t_11651	12_21
t_11652	12_21
t_11653	12_21
t_11654	12_21
t_11655	12_21
t_11656	12_21
t_11657	12_21
t_11658	12_21
t_11659	12_21
t_11660	12_22
t_11661	12_22
t_11662	12_22
t_11663	12_22
t_11664	12_22
t_11665	12_22
t_11666	12_22
t_11667	12_22
t_11668	12_22
t_11669	12_22
t_11670	12_22
t_11671	12_22
t_11672	12_22
t_11673	12_22
t_11674	12_22
t_11675	12_22
t_11676	12_22
t_11677	12_22
t_11678	12_22
t_11679	12_22
t_11680	12_22
t_11681	12_22
t_11682	12_22
t_11683	12_22
t_11684	12_22
t_11685	12_22
t_11686	12_22
t_11687	12_22
t_11688	12_22
t_11689	12_22
t_11690	12_23
t_11691	12_23
t_11692	12_23
t_11693	12_23
t_11694	12_23
t_11695	12_23
t_11696	12_23
t_11697	12_23
t_11698	12_23
t_11699	12_23
t_11700	12_23
t_11701	12_23
t_11702	12_23
t_11703	12_24
t_11704	12_24
t_11705	12_24
t_11706	12_24
t_11707	12_24
t_11708	12_24
t_11709	12_24
t_11710	12_24
t_11711	12_24
t_11712	12_24
t_11713	12_24
t_11714	12_24
t_11715	12_24
t_11716	12_24
t_11717	12_24
t_11718	12_24
t_11719	12_24
t_11720	12_24
t_11721	12_24
t_11722	12_24
t_11723	12_24
t_11724	12_24
t_11725	12_24
t_11726	12_24
t_11727	12_24
t_11728	12_24
t_11729	12_24
t_11730	12_24
t_11731	12_24
t_11732	12_24
t_11733	12_24
t_11734	12_25
t_11735	12_25
t_11736	12_25
t_11737	12_25
t_11738	12_25
t_11739	12_25
t_11740	12_25
t_11741	12_25
t_11742	12_25
t_11743	12_25
t_11744	12_25
t_11745	12_25
t_11746	12_25
t_11747	12_26
t_11748	12_26
t_11749	12_26
t_11750	12_26
t_11751	12_26
t_11752	12_26
t_11753	12_26
t_11754	12_26
t_11755	12_26
t_11756	12_26
t_11757	12_26
t_11758	12_26
t_11759	12_26
t_11760	12_26
t_11761	12_26
t_11762	12_26
t_11763	12_26
t_11764	12_26
t_11765	12_26
t_11766	12_27
t_11767	12_27
t_11768	12_27
t_11769	12_27
t_11770	12_27
t_11771	12_27
t_11772	12_27
t_11773	12_27
t_11774	12_27
t_11775	12_27
t_11776	12_27
t_11777	12_27
t_11778	12_27
t_11779	12_27
t_11780	12_27
t_11781	12_27
t_11782	12_27
t_11783	12_27
t_11784	12_27
t_11785	12_27
t_11786	12_27
t_11787	12_27
t_11788	12_27
t_11789	12_28
t_11790	12_28
t_11791	12_28
t_11792	12_28
t_11793	12_28
t_11794	12_28
t_11795	12_28
t_11796	12_28
t_11797	12_28
t_11798	12_28
t_11799	12_28
t_11800	12_28
t_11801	12_28
t_11802	12_28
t_11803	12_28
t_11804	12_28
t_11805	12_28
t_11806	12_28
t_11807	12_28
t_11808	12_28
t_11809	12_28
t_11810	12_28
t_11811	12_28
t_11812	12_28
t_11813	12_29
t_11814	12_29
t_11815	12_29
t_11816	12_29
t_11817	12_29
t_11818	12_29
t_11819	12_29
t_11820	12_29
t_11821	12_29
t_11822	12_29
t_11823	12_29
t_11824	12_29
t_11825	12_29
t_11826	12_29
t_11827	12_30
t_11828	12_30
t_11829	12_30
t_11830	12_30
t_11831	12_30
t_11832	12_30
t_11833	12_30
t_11834	12_30
t_11835	12_30
t_11836	12_30
t_11837	12_30
t_11838	12_30
t_11839	12_30
t_11840	12_30
t_11841	12_30
t_11842	12_30
t_11843	12_30
t_11844	12_30
t_11845	12_31
t_11846	12_31
t_11847	12_31
t_11848	12_31
t_11849	12_31
t_11850	12_31
t_11851	12_31
t_11852	12_31
t_11853	12_31
t_11854	12_31
t_11855	12_31
t_11856	12_32
t_11857	12_32
t_11858	12_32
t_11859	12_32
t_11860	12_32
t_11861	12_32
t_11862	12_32
t_11863	12_32
t_11864	12_32
t_11865	12_32
t_11866	12_32
t_11867	12_32
t_11868	12_32
t_11869	12_32
t_11870	12_32
t_11871	12_32
t_11872	12_32
t_11873	12_33
t_11874	12_33
t_11875	12_33
t_11876	12_33
t_11877	12_33
t_11878	12_33
t_11879	12_33
t_11880	12_33
t_11881	12_33
t_11882	12_33
t_11883	12_33
t_11884	12_33
t_11885	12_33
t_11886	12_33
t_11887	12_33
t_11888	12_33
t_11889	12_33
t_11890	12_33
t_11891	12_33
t_11892	12_33
t_11893	12_34
t_11894	12_34
t_11895	12_34
t_11896	12_34
t_11897	12_34
t_11898	12_34
t_11899	12_34
t_11900	12_34
t_11901	12_34
t_11902	12_34
t_11903	12_34
t_11904	12_34
t_11905	12_34
t_11906	12_34
t_11907	12_34
t_11908	12_34
t_11909	12_34
t_11910	12_34
t_11911	12_34
t_11912	12_34
t_11913	12_34
t_11914	12_34
t_11915	12_34
t_11916	12_35
t_11917	12_35
t_11918	12_35
t_11919	12_35
t_11920	12_35
t_11921	12_35
t_11922	12_35
t_11923	12_35
t_11924	12_35
t_11925	12_35
t_11926	12_36
t_11927	12_36
t_11928	12_36
t_11929	12_36
t_11930	12_36
t_11931	12_36
t_11932	12_36
t_11933	12_36
t_11934	12_36
t_11935	12_36
t_11936	12_36
t_11937	12_36
t_11938	12_36
t_11939	12_36
t_11940	12_36
t_11941	12_36
t_11942	12_36
t_11943	12_36
t_11944	12_36
t_11945	12_36
t_11946	12_36
t_11947	12_36
t_11948	12_37
t_11949	12_37
t_11950	12_37
t_11951	12_37
t_11952	12_37
t_11953	12_37
t_11954	12_37
t_11955	12_37
t_11956	12_37
t_11957	12_37
t_11958	12_37
t_11959	12_37
t_11960	12_37
t_11961	12_37
t_11962	12_37
t_11963	12_37
t_11964	12_37
t_11965	12_37
t_11966	12_37
t_11967	12_37
t_11968	12_37
t_11969	12_37
t_11970	12_37
t_11971	12_37
t_11972	12_37
t_11973	12_38
t_11974	12_38
t_11975	12_38
t_11976	12_38
t_11977	12_38
t_11978	12_38
t_11979	12_38
t_11980	12_38
t_11981	12_38
t_11982	12_38
t_11983	12_38
t_11984	12_38
t_11985	12_38
t_11986	12_38
t_11987	12_38
t_11988	12_38
t_11989	12_38
t_11990	12_38
t_11991	12_38
t_11992	12_38
t_11993	12_39
t_11994	12_39
t_11995	12_39
t_11996	12_39
t_11997	12_39
t_11998	12_39
t_11999	12_39
t_12000	12_39
t_12001	12_39
t_12002	12_39
t_12003	12_39
t_12004	12_39
t_12005	12_39
t_12006	12_39
t_12007	12_39
t_12008	12_39
t_12009	12_39
t_12010	12_39
t_12011	12_39
t_12012	12_39
t_12013	12_39
t_12014	12_39
t_12015	12_39
t_12016	12_39
t_12017	12_40
t_12018	12_40
t_12019	12_40
t_12020	12_40
t_12021	12_40
t_12022	12_40
t_12023	12_40
t_12024	12_40
t_12025	12_40
t_12026	12_40
t_12027	12_40
t_12028	12_40
t_12029	12_40
t_12030	12_40
t_12031	12_40
t_12032	12_40
t_12033	12_40
t_12034	12_40
t_12035	12_40
t_12036	12_40
t_12037	12_40
t_12038	12_40
t_12039	12_41
t_12040	12_41
t_12041	12_41
t_12042	12_41
t_12043	12_41
t_12044	12_41
t_12045	12_41
t_12046	12_41
t_12047	12_41
t_12048	12_41
t_12049	12_41
t_12050	12_42
t_12051	12_42
t_12052	12_42
t_12053	12_42
t_12054	12_42
t_12055	12_42
t_12056	12_42
t_12057	12_42
t_12058	12_42
t_12059	12_42
t_12060	12_42
t_12061	12_42
t_12062	12_42
t_12063	12_42
t_12064	12_42
t_12065	12_42
t_12066	12_42
t_12067	12_42
t_12068	12_42
t_12069	12_42
t_12070	12_42
t_12071	12_42
t_12072	12_42
t_12073	12_42
t_12074	12_42
t_12075	12_42
t_12076	12_42
t_12077	12_42
t_12078	12_42
t_12079	12_42
t_12080	12_42
t_12081	12_43
t_12082	12_43
t_12083	12_43
t_12084	12_43
t_12085	12_43
t_12086	12_43
t_12087	12_43
t_12088	12_43
t_12089	12_43
t_12090	12_43
t_12091	12_43
t_12092	12_43
t_12093	12_43
t_12094	12_43
t_12095	12_44
t_12096	12_44
t_12097	12_44
t_12098	12_44
t_12099	12_44
t_12100	12_44
t_12101	12_44
t_12102	12_44
t_12103	12_44
t_12104	12_44
t_12105	12_44
t_12106	12_44
t_12107	12_45
t_12108	12_45
t_12109	12_45
t_12110	12_45
t_12111	12_45
t_12112	12_45
t_12113	12_45
t_12114	12_45
t_12115	12_45
t_12116	12_45
t_12117	12_45
t_12118	12_45
t_12119	12_45
t_12120	12_45
t_12121	12_45
t_12122	12_45
t_12123	12_45
t_12124	12_45
t_12125	12_45
t_12126	12_45
t_12127	12_45
t_12128	12_45
t_12129	12_45
t_12130	12_45
t_12131	12_45
t_12132	12_45
t_12133	12_45
t_12134	12_45
t_12135	12_45
t_12136	12_45
t_12137	12_45
t_12138	12_45
t_12139	12_46
t_12140	12_46
t_12141	12_46
t_12142	12_46
t_12143	12_46
t_12144	12_46
t_12145	12_46
t_12146	12_46
t_12147	12_46
t_12148	12_46
t_12149	12_46
t_12150	12_46
t_12151	12_46
t_12152	12_46
t_12153	12_46
t_12154	12_46
t_12155	12_46
t_12156	12_46
t_12157	12_46
t_12158	12_46
t_12159	12_46
t_12160	12_46
t_12161	12_46
t_12162	12_46
t_12163	12_46
t_12164	12_46
t_12165	12_46
t_12166	12_46
t_12167	12_46
t_12168	12_46
t_12169	12_47
t_12170	12_47
t_12171	12_47
t_12172	12_47
t_12173	12_47
t_12174	12_47
t_12175	12_47
t_12176	12_47
t_12177	12_47
t_12178	12_47
t_12179	12_47
t_12180	12_47
t_12181	12_47
t_12182	12_47
t_12183	12_47
t_12184	12_47
t_12185	12_47
t_12186	12_47
t_12187	12_47
t_12188	12_47
t_12189	12_47
t_12190	12_47
t_12191	12_47
t_12192	12_48
t_12193	12_48
t_12194	12_48
t_12195	12_48
t_12196	12_48
t_12197	12_48
t_12198	12_48
t_12199	12_48
t_12200	12_48
t_12201	12_48
t_12202	12_48
t_12203	12_48
t_12204	12_48
t_12205	12_48
t_12206	12_48
t_12207	12_48
t_12208	12_48
t_12209	12_48
t_12210	12_48
t_12211	12_48
t_12212	12_48
t_12213	12_48
t_12214	12_48
t_12215	12_48
t_12216	12_48
t_12217	12_48
t_12218	12_48
t_12219	12_48
t_12220	12_48
t_12221	12_48
t_12222	12_48
t_12223	12_49
t_12224	12_49
t_12225	12_49
t_12226	12_49
t_12227	12_49
t_12228	12_49
t_12229	12_49
t_12230	12_49
t_12231	12_49
t_12232	12_49
t_12233	12_49
t_12234	12_49
t_12235	12_49
t_12236	12_49
t_12237	12_50
t_12238	12_50
t_12239	12_50
t_12240	12_50
t_12241	12_50
t_12242	12_50
t_12243	12_50
t_12244	12_50
t_12245	12_50
t_12246	12_50
t_12247	12_50
t_12248	12_50
t_12249	12_51
t_12250	12_51
t_12251	12_51
t_12252	12_51
t_12253	12_51
t_12254	12_51
t_12255	12_51
t_12256	12_51
t_12257	12_51
t_12258	12_51
t_12259	12_51
t_12260	12_51
t_12261	12_51
t_12262	12_51
t_12263	12_51
t_12264	12_51
t_12265	12_51
t_12266	12_51
t_12267	12_52
t_12268	12_52
t_12269	12_52
t_12270	12_52
t_12271	12_52
t_12272	12_52
t_12273	12_52
t_12274	12_52
t_12275	12_52
t_12276	12_52
t_12277	12_52
t_12278	12_52
t_12279	12_52
t_12280	12_52
t_12281	12_52
t_12282	12_52
t_12283	12_52
t_12284	12_52
t_12285	12_52
t_12286	12_53
t_12287	12_53
t_12288	12_53
t_12289	12_53
t_12290	12_53
t_12291	12_53
t_12292	12_53
t_12293	12_53
t_12294	12_53
t_12295	12_53
t_12296	12_53
t_12297	12_53
t_12298	12_53
t_12299	12_53
t_12300	12_53
t_12301	12_53
t_12302	12_53
t_12303	12_53
t_12304	12_53
t_12305	12_53
t_12306	12_53
t_12307	12_53
t_12308	12_53
t_12309	12_53
t_12310	12_53
t_12311	12_53
t_12312	12_53
t_12313	12_53
t_12314	12_53
t_12315	12_54
t_12316	12_54
t_12317	12_54
t_12318	12_54
t_12319	12_54
t_12320	12_54
t_12321	12_54
t_12322	12_54
t_12323	12_54
t_12324	12_54
t_12325	12_54
t_12326	12_54
t_12327	12_54
t_12328	12_54
t_12329	12_54
t_12330	12_54
t_12331	12_54
t_12332	12_54
t_12333	12_54
t_12334	12_54
t_12335	12_54
t_12336	12_54
t_12337	12_55
t_12338	12_55
t_12339	12_55
t_12340	12_55
t_12341	12_55
t_12342	12_55
t_12343	12_55
t_12344	12_55
t_12345	12_55
t_12346	12_55
t_12347	12_55
t_12348	12_55
t_12349	12_55
t_12350	12_56
t_12351	12_56
t_12352	12_56
t_12353	12_56
t_12354	12_56
t_12355	12_56
t_12356	12_56
t_12357	12_56
t_12358	12_56
t_12359	12_56
t_12360	12_56
t_12361	12_56
t_12362	12_56
t_12363	12_56
t_12364	12_56
t_12365	12_56
t_12366	12_56
t_12367	12_56
t_12368	12_56
t_12369	12_56
t_12370	12_56
t_12371	12_57
t_12372	12_57
t_12373	12_57
t_12374	12_57
t_12375	12_57
t_12376	12_57
t_12377	12_57
t_12378	12_57
t_12379	12_57
t_12380	12_57
t_12381	12_58
t_12382	12_58
t_12383	12_58
t_12384	12_58
t_12385	12_58
t_12386	12_58
t_12387	12_58
t_12388	12_58
t_12389	12_58
t_12390	12_58
t_12391	12_58
t_12392	12_58
t_12393	12_58
t_12394	12_58
t_12395	12_58
t_12396	12_58
t_12397	12_58
t_12398	12_58
t_12399	12_58
t_12400	12_58
t_12401	12_58
t_12402	12_58
t_12403	12_58
t_12404	12_58
t_12405	12_58
t_12406	12_58
t_12407	12_58
t_12408	12_58
t_12409	12_58
t_12410	12_58
t_12411	12_58
t_12412	12_58
t_12413	12_58
t_12414	12_58
t_12415	12_58
t_12416	12_58
t_12417	12_58
t_12418	12_58
t_12419	12_58
t_12420	12_58
t_12421	12_58
t_12422	12_58
t_12423	12_58
t_12424	12_58
t_12425	12_58
t_12426	12_59
t_12427	12_59
t_12428	12_59
t_12429	12_59
t_12430	12_59
t_12431	12_59
t_12432	12_59
t_12433	12_59
t_12434	12_59
t_12435	12_59
t_12436	12_59
t_12437	12_59
t_12438	12_59
t_12439	12_59
t_12440	13_1
t_12441	13_1
t_12442	13_1
t_12443	13_1
t_12444	13_1
t_12445	13_1
t_12446	13_1
t_12447	13_1
t_12448	13_1
t_12449	13_1
t_12450	13_1
t_12451	13_1
t_12452	13_1
t_12453	13_1
t_12454	13_1
t_12455	13_1
t_12456	13_1
t_12457	13_1
t_12458	13_1
t_12459	13_1
t_12460	13_1
t_12461	13_1
t_12462	13_2
t_12463	13_2
t_12464	13_2
t_12465	13_2
t_12466	13_2
t_12467	13_2
t_12468	13_2
t_12469	13_2
t_12470	13_2
t_12471	13_2
t_12472	13_2
t_12473	13_2
t_12474	13_2
t_12475	13_2
t_12476	13_2
t_12477	13_2
t_12478	13_2
t_12479	13_2
t_12480	13_2
t_12481	13_2
t_12482	13_3
t_12483	13_3
t_12484	13_3
t_12485	13_3
t_12486	13_3
t_12487	13_3
t_12488	13_3
t_12489	13_3
t_12490	13_3
t_12491	13_3
t_12492	13_3
t_12493	13_3
t_12494	13_3
t_12495	13_4
t_12496	13_4
t_12497	13_4
t_12498	13_4
t_12499	13_4
t_12500	13_4
t_12501	13_4
t_12502	13_4
t_12503	13_4
t_12504	13_4
t_12505	13_4
t_12506	13_4
t_12507	13_4
t_12508	13_4
t_12509	13_4
t_12510	13_4
t_12511	13_4
t_12512	13_4
t_12513	13_4
t_12514	13_4
t_12515	13_4
t_12516	13_4
t_12517	13_4
t_12518	13_4
t_12519	13_4
t_12520	13_4
t_12521	13_4
t_12522	13_4
t_12523	13_4
t_12524	13_4
t_12525	13_5
t_12526	13_5
t_12527	13_5
t_12528	13_5
t_12529	13_5
t_12530	13_5
t_12531	13_5
t_12532	13_5
t_12533	13_5
t_12534	13_5
t_12535	13_5
t_12536	13_5
t_12537	13_5
t_12538	13_6
t_12539	13_6
t_12540	13_6
t_12541	13_6
t_12542	13_6
t_12543	13_6
t_12544	13_6
t_12545	13_6
t_12546	13_6
t_12547	13_6
t_12548	13_6
t_12549	13_6
t_12550	13_6
t_12551	13_6
t_12552	13_6
t_12553	13_6
t_12554	13_6
t_12555	13_6
t_12556	13_6
t_12557	13_6
t_12558	13_6
t_12559	13_6
t_12560	13_6
t_12561	13_6
t_12562	13_6
t_12563	13_7
t_12564	13_7
t_12565	13_7
t_12566	13_7
t_12567	13_7
t_12568	13_7
t_12569	13_7
t_12570	13_7
t_12571	13_7
t_12572	13_7
t_12573	13_7
t_12574	13_7
t_12575	13_7
t_12576	13_7
t_12577	13_7
t_12578	13_7
t_12579	13_7
t_12580	13_7
t_12581	13_7
t_12582	13_7
t_12583	13_7
t_12584	13_7
t_12585	13_7
t_12586	13_7
t_12587	13_7
t_12588	13_7
t_12589	13_7
t_12590	13_7
t_12591	13_7
t_12592	13_7
t_12593	13_7
t_12594	13_8
t_12595	13_8
t_12596	13_8
t_12597	13_8
t_12598	13_8
t_12599	13_8
t_12600	13_8
t_12601	13_8
t_12602	13_8
t_12603	13_8
t_12604	13_8
t_12605	13_8
t_12606	13_8
t_12607	13_8
t_12608	13_8
t_12609	13_8
t_12610	13_8
t_12611	13_8
t_12612	13_8
t_12613	13_9
t_12614	13_9
t_12615	13_9
t_12616	13_9
t_12617	13_9
t_12618	13_9
t_12619	13_9
t_12620	13_9
t_12621	13_9
t_12622	13_9
t_12623	13_9
t_12624	13_9
t_12625	13_9
t_12626	13_9
t_12627	13_9
t_12628	13_9
t_12629	13_9
t_12630	13_9
t_12631	13_9
t_12632	13_9
t_12633	13_10
t_12634	13_10
t_12635	13_10
t_12636	13_10
t_12637	13_10
t_12638	13_10
t_12639	13_10
t_12640	13_10
t_12641	13_10
t_12642	13_10
t_12643	13_10
t_12644	13_11
t_12645	13_11
t_12646	13_11
t_12647	13_11
t_12648	13_11
t_12649	13_11
t_12650	13_11
t_12651	13_11
t_12652	13_11
t_12653	13_11
t_12654	13_11
t_12655	13_11
t_12656	13_11
t_12657	13_11
t_12658	13_11
t_12659	13_11
t_12660	13_11
t_12661	13_11
t_12662	13_11
t_12663	13_11
t_12664	13_11
t_12665	13_12
t_12666	13_12
t_12667	13_12
t_12668	13_12
t_12669	13_12
t_12670	13_12
t_12671	13_12
t_12672	13_12
t_12673	13_12
t_12674	13_12
t_12675	13_12
t_12676	13_12
t_12677	13_12
t_12678	13_12
t_12679	13_12
t_12680	13_13
t_12681	13_13
t_12682	13_13
t_12683	13_13
t_12684	13_13
t_12685	13_13
t_12686	13_13
t_12687	13_13
t_12688	13_13
t_12689	13_13
t_12690	13_13
t_12691	13_13
t_12692	13_13
t_12693	13_13
t_12694	13_13
t_12695	13_13
t_12696	13_14
t_12697	13_14
t_12698	13_14
t_12699	13_14
t_12700	13_14
t_12701	13_14
t_12702	13_14
t_12703	13_14
t_12704	13_14
t_12705	13_14
t_12706	13_14
t_12707	13_14
t_12708	13_14
t_12709	13_14
t_12710	13_14
t_12711	13_14
t_12712	13_14
t_12713	13_14
t_12714	13_14
t_12715	13_14
t_12716	13_14
t_12717	13_14
t_12718	13_14
t_12719	13_14
t_12720	13_14
t_12721	13_14
t_12722	13_14
t_12723	13_14
t_12724	13_14
t_12725	13_14
t_12726	13_14
t_12727	13_14
t_12728	13_14
t_12729	13_14
t_12730	13_14
t_12731	13_14
t_12732	13_14
t_12733	13_15
t_12734	13_15
t_12735	13_15
t_12736	13_15
t_12737	13_15
t_12738	13_15
t_12739	13_15
t_12740	13_15
t_12741	13_15
t_12742	13_15
t_12743	13_15
t_12744	13_15
t_12745	13_15
t_12746	13_15
t_12747	13_15
t_12748	13_15
t_12749	13_15
t_12750	13_15
t_12751	13_15
t_12752	13_15
t_12753	13_15
t_12754	13_15
t_12755	13_15
t_12756	13_15
t_12757	13_15
t_12758	13_15
t_12759	13_15
t_12760	13_15
t_12761	13_16
t_12762	13_16
t_12763	13_16
t_12764	13_16
t_12765	13_16
t_12766	13_16
t_12767	13_16
t_12768	13_16
t_12769	13_16
t_12770	13_16
t_12771	13_16
t_12772	13_16
t_12773	13_16
t_12774	13_16
t_12775	13_16
t_12776	13_16
t_12777	13_16
t_12778	13_16
t_12779	13_16
t_12780	13_16
t_12781	13_16
t_12782	13_16
t_12783	13_16
t_12784	13_16
t_12785	13_16
t_12786	13_16
t_12787	13_16
t_12788	13_16
t_12789	13_17
t_12790	13_17
t_12791	13_17
t_12792	13_17
t_12793	13_17
t_12794	13_17
t_12795	13_17
t_12796	13_17
t_12797	13_17
t_12798	13_17
t_12799	13_17
t_12800	13_17
t_12801	13_17
t_12802	13_17
t_12803	13_17
t_12804	13_17
t_12805	13_17
t_12806	13_17
t_12807	13_17
t_12808	13_17
t_12809	13_17
t_12810	13_17
t_12811	13_17
t_12812	13_17
t_12813	13_18
t_12814	13_18
t_12815	13_18
t_12816	13_18
t_12817	13_18
t_12818	13_18
t_12819	13_18
t_12820	13_18
t_12821	13_18
t_12822	13_18
t_12823	13_18
t_12824	13_18
t_12825	13_18
t_12826	13_18
t_12827	13_18
t_12828	13_19
t_12829	13_19
t_12830	13_19
t_12831	13_19
t_12832	13_19
t_12833	13_19
t_12834	13_19
t_12835	13_19
t_12836	13_19
t_12837	13_19
t_12838	13_19
t_12839	13_19
t_12840	13_19
t_12841	13_19
t_12842	13_19
t_12843	13_19
t_12844	13_19
t_12845	13_19
t_12846	13_19
t_12847	13_19
t_12848	13_19
t_12849	13_19
t_12850	13_19
t_12851	13_19
t_12852	13_19
t_12853	13_19
t_12854	13_19
t_12855	13_19
t_12856	13_19
t_12857	13_19
t_12858	13_19
t_12859	13_20
t_12860	13_20
t_12861	13_20
t_12862	13_20
t_12863	13_20
t_12864	13_20
t_12865	13_20
t_12866	13_20
t_12867	13_20
t_12868	13_20
t_12869	13_21
t_12870	13_21
t_12871	13_21
t_12872	13_21
t_12873	13_21
t_12874	13_21
t_12875	13_21
t_12876	13_21
t_12877	13_21
t_12878	13_21
t_12879	13_21
t_12880	13_21
t_12881	13_21
t_12882	13_21
t_12883	13_21
t_12884	13_21
t_12885	13_21
t_12886	13_22
t_12887	13_22
t_12888	13_22
t_12889	13_22
t_12890	13_22
t_12891	13_22
t_12892	13_22
t_12893	13_22
t_12894	13_22
t_12895	13_22
t_12896	13_22
t_12897	13_22
t_12898	13_22
t_12899	13_23
t_12900	13_23
t_12901	13_23
t_12902	13_23
t_12903	13_23
t_12904	13_23
t_12905	13_23
t_12906	13_23
t_12907	13_23
t_12908	13_23
t_12909	13_23
t_12910	13_23
t_12911	13_23
t_12912	13_23
t_12913	13_23
t_12914	13_23
t_12915	13_23
t_12916	13_23
t_12917	13_23
t_12918	13_23
t_12919	13_23
t_12920	13_23
t_12921	13_23
t_12922	13_24
t_12923	13_24
t_12924	13_24
t_12925	13_24
t_12926	13_24
t_12927	13_24
t_12928	13_24
t_12929	13_24
t_12930	13_24
t_12931	13_24
t_12932	13_24
t_12933	13_24
t_12934	13_25
t_12935	13_25
t_12936	13_25
t_12937	13_25
t_12938	13_25
t_12939	13_25
t_12940	13_25
t_12941	13_25
t_12942	13_25
t_12943	13_25
t_12944	13_25
t_12945	13_25
t_12946	13_25
t_12947	13_25
t_12948	13_25
t_12949	13_25
t_12950	13_25
t_12951	13_25
t_12952	13_25
t_12953	13_25
t_12954	13_25
t_12955	13_25
t_12956	13_25
t_12957	13_25
t_12958	13_25
t_12959	13_25
t_12960	13_25
t_12961	13_25
t_12962	13_25
t_12963	13_25
t_12964	13_25
t_12965	13_25
t_12966	13_25
t_12967	13_25
t_12968	13_25
t_12969	13_26
t_12970	13_26
t_12971	13_26
t_12972	13_26
t_12973	13_26
t_12974	13_26
t_12975	13_26
t_12976	13_26
t_12977	13_26
t_12978	13_26
t_12979	13_26
t_12980	13_26
t_12981	13_26
t_12982	13_26
t_12983	13_26
t_12984	13_26
t_12985	13_27
t_12986	13_27
t_12987	13_27
t_12988	13_27
t_12989	13_27
t_12990	13_27
t_12991	13_27
t_12992	13_27
t_12993	13_27
t_12994	13_27
t_12995	13_27
t_12996	13_27
t_12997	13_27
t_12998	13_27
t_12999	13_27
t_13000	13_27
t_13001	13_27
t_13002	13_28
t_13003	13_28
t_13004	13_28
t_13005	13_28
t_13006	13_28
t_13007	13_28
t_13008	13_28
t_13009	13_28
t_13010	13_28
t_13011	13_28
t_13012	13_28
t_13013	13_28
t_13014	13_28
t_13015	13_28
t_13016	13_28
t_13017	13_28
t_13018	13_28
t_13019	13_28
t_13020	13_28
t_13021	13_28
t_13022	13_28
t_13023	13_28
t_13024	13_28
t_13025	13_28
t_13026	13_28
t_13027	13_28
t_13028	13_28
t_13029	13_28
t_13030	13_28
t_13031	13_28
t_13032	13_28
t_13033	13_28
t_13034	13_29
t_13035	13_29
t_13036	13_29
t_13037	13_29
t_13038	13_29
t_13039	13_29
t_13040	13_29
t_13041	13_29
t_13042	13_29
t_13043	13_29
t_13044	13_29
t_13045	13_29
t_13046	13_29
t_13047	13_29
t_13048	13_29
t_13049	13_29
t_13050	13_29
t_13051	13_29
t_13052	13_29
t_13053	13_30
t_13054	13_30
t_13055	13_30
t_13056	13_30
t_13057	13_30
t_13058	13_30
t_13059	13_30
t_13060	13_30
t_13061	13_30
t_13062	13_30
t_13063	13_30
t_13064	13_30
t_13065	13_30
t_13066	13_30
t_13067	13_30
t_13068	13_31
t_13069	13_31
t_13070	13_31
t_13071	13_31
t_13072	13_31
t_13073	13_31
t_13074	13_31
t_13075	13_31
t_13076	13_31
t_13077	13_31
t_13078	13_31
t_13079	13_31
t_13080	13_31
t_13081	13_31
t_13082	13_31
t_13083	13_31
t_13084	13_31
t_13085	13_31
t_13086	13_31
t_13087	13_31
t_13088	13_32
t_13089	13_32
t_13090	13_32
t_13091	13_32
t_13092	13_32
t_13093	13_32
t_13094	13_32
t_13095	13_32
t_13096	13_32
t_13097	13_32
t_13098	13_32
t_13099	13_32
t_13100	13_32
t_13101	13_32
t_13102	13_32
t_13103	13_32
t_13104	13_32
t_13105	13_32
t_13106	13_32
t_13107	13_32
t_13108	13_32
t_13109	13_32
t_13110	13_32
t_13111	13_33
t_13112	13_33
t_13113	13_33
t_13114	13_33
t_13115	13_33
t_13116	13_33
t_13117	13_33
t_13118	13_33
t_13119	13_33
t_13120	13_33
t_13121	13_33
t_13122	13_33
t_13123	13_33
t_13124	13_33
t_13125	13_33
t_13126	13_33
t_13127	13_33
t_13128	13_33
t_13129	13_33
t_13130	13_34
t_13131	13_34
t_13132	13_34
t_13133	13_34
t_13134	13_34
t_13135	13_34
t_13136	13_34
t_13137	13_34
t_13138	13_34
t_13139	13_34
t_13140	13_34
t_13141	13_34
t_13142	13_34
t_13143	13_34
t_13144	13_34
t_13145	13_34
t_13146	13_34
t_13147	13_34
t_13148	13_34
t_13149	13_34
t_13150	13_34
t_13151	13_34
t_13152	13_34
t_13153	13_34
t_13154	13_34
t_13155	13_34
t_13156	13_34
t_13157	13_34
t_13158	13_34
t_13159	13_34
t_13160	13_34
t_13161	13_34
t_13162	13_34
t_13163	13_34
t_13164	13_34
t_13165	13_35
t_13166	13_35
t_13167	13_35
t_13168	13_35
t_13169	13_35
t_13170	13_35
t_13171	13_35
t_13172	13_35
t_13173	13_35
t_13174	13_35
t_13175	13_35
t_13176	13_35
t_13177	13_35
t_13178	13_35
t_13179	13_35
t_13180	13_35
t_13181	13_35
t_13182	13_35
t_13183	13_35
t_13184	13_35
t_13185	13_35
t_13186	13_35
t_13187	13_35
t_13188	13_35
t_13189	13_35
t_13190	13_35
t_13191	14_1
t_13192	14_1
t_13193	14_1
t_13194	14_1
t_13195	14_1
t_13196	14_1
t_13197	14_1
t_13198	14_1
t_13199	14_1
t_13200	14_1
t_13201	14_1
t_13202	14_1
t_13203	14_1
t_13204	14_1
t_13205	14_1
t_13206	14_1
t_13207	14_1
t_13208	14_1
t_13209	14_1
t_13210	14_1
t_13211	14_1
t_13212	14_1
t_13213	14_1
t_13214	14_1
t_13215	14_2
t_13216	14_2
t_13217	14_2
t_13218	14_2
t_13219	14_2
t_13220	14_2
t_13221	14_2
t_13222	14_2
t_13223	14_2
t_13224	14_3
t_13225	14_3
t_13226	14_3
t_13227	14_3
t_13228	14_3
t_13229	14_3
t_13230	14_3
t_13231	14_3
t_13232	14_3
t_13233	14_3
t_13234	14_3
t_13235	14_3
t_13236	14_3
t_13237	14_3
t_13238	14_3
t_13239	14_3
t_13240	14_3
t_13241	14_3
t_13242	14_3
t_13243	14_3
t_13244	14_3
t_13245	14_3
t_13246	14_4
t_13247	14_4
t_13248	14_4
t_13249	14_4
t_13250	14_4
t_13251	14_4
t_13252	14_4
t_13253	14_5
t_13254	14_5
t_13255	14_5
t_13256	14_5
t_13257	14_5
t_13258	14_5
t_13259	14_5
t_13260	14_5
t_13261	14_5
t_13262	14_5
t_13263	14_5
t_13264	14_5
t_13265	14_5
t_13266	14_5
t_13267	14_5
t_13268	14_5
t_13269	14_5
t_13270	14_5
t_13271	14_5
t_13272	14_5
t_13273	14_5
t_13274	14_5
t_13275	14_5
t_13276	14_6
t_13277	14_6
t_13278	14_6
t_13279	14_6
t_13280	14_6
t_13281	14_6
t_13282	14_6
t_13283	14_7
t_13284	14_7
t_13285	14_7
t_13286	14_7
t_13287	14_7
t_13288	14_7
t_13289	14_7
t_13290	14_7
t_13291	14_7
t_13292	14_7
t_13293	14_7
t_13294	14_7
t_13295	14_7
t_13296	14_8
t_13297	14_8
t_13298	14_8
t_13299	14_8
t_13300	14_8
t_13301	14_8
t_13302	14_8
t_13303	14_8
t_13304	14_8
t_13305	14_8
t_13306	14_8
t_13307	14_8
t_13308	14_8
t_13309	14_8
t_13310	14_8
t_13311	14_8
t_13312	14_8
t_13313	14_8
t_13314	14_8
t_13315	14_8
t_13316	14_8
t_13317	14_8
t_13318	14_8
t_13319	14_8
t_13320	14_8
t_13321	14_9
t_13322	14_9
t_13323	14_9
t_13324	14_9
t_13325	14_9
t_13326	14_9
t_13327	14_9
t_13328	14_9
t_13329	14_9
t_13330	14_9
t_13331	14_9
t_13332	14_9
t_13333	14_9
t_13334	14_9
t_13335	14_9
t_13336	14_9
t_13337	14_9
t_13338	14_9
t_13339	14_9
t_13340	14_9
t_13341	14_9
t_13342	14_9
t_13343	14_9
t_13344	14_10
t_13345	14_10
t_13346	14_10
t_13347	14_10
t_13348	14_10
t_13349	14_10
t_13350	14_10
t_13351	14_10
t_13352	14_10
t_13353	14_10
t_13354	14_10
t_13355	14_10
t_13356	14_10
t_13357	14_10
t_13358	14_10
t_13359	14_10
t_13360	14_10
t_13361	14_10
t_13362	14_10
t_13363	14_10
t_13364	14_10
t_13365	14_10
t_13366	14_10
t_13367	14_10
t_13368	14_10
t_13369	14_10
t_13370	14_10
t_13371	14_10
t_13372	14_10
t_13373	14_10
t_13374	14_10
t_13375	14_10
t_13376	14_10
t_13377	14_11
t_13378	14_11
t_13379	14_11
t_13380	14_11
t_13381	14_11
t_13382	14_11
t_13383	14_11
t_13384	14_11
t_13385	14_11
t_13386	14_11
t_13387	14_11
t_13388	14_11
t_13389	14_12
t_13390	14_12
t_13391	14_12
t_13392	14_12
t_13393	14_12
t_13394	14_12
t_13395	14_12
t_13396	14_12
t_13397	14_12
t_13398	14_12
t_13399	14_12
t_13400	14_12
t_13401	14_12
t_13402	14_12
t_13403	14_12
t_13404	14_12
t_13405	14_12
t_13406	14_12
t_13407	14_12
t_13408	14_12
t_13409	14_12
t_13410	14_12
t_13411	14_12
t_13412	14_12
t_13413	14_12
t_13414	14_12
t_13415	14_12
t_13416	14_12
t_13417	14_12
t_13418	14_12
t_13419	14_12
t_13420	14_12
t_13421	14_12
t_13422	14_12
t_13423	14_12
t_13424	14_12
t_13425	14_12
t_13426	14_12
t_13427	14_12
t_13428	14_12
t_13429	14_12
t_13430	14_12
t_13431	14_12
t_13432	14_13
t_13433	14_13
t_13434	14_13
t_13435	14_13
t_13436	14_13
t_13437	14_13
t_13438	14_13
t_13439	14_13
t_13440	14_13
t_13441	14_13
t_13442	14_13
t_13443	14_13
t_13444	14_13
t_13445	14_13
t_13446	14_14
t_13447	14_14
t_13448	14_14
t_13449	14_14
t_13450	14_14
t_13451	14_14
t_13452	14_14
t_13453	14_14
t_13454	14_14
t_13455	14_14
t_13456	14_14
t_13457	14_14
t_13458	14_14
t_13459	14_14
t_13460	14_14
t_13461	14_14
t_13462	14_14
t_13463	14_14
t_13464	14_14
t_13465	14_15
t_13466	14_15
t_13467	14_15
t_13468	14_15
t_13469	14_15
t_13470	14_15
t_13471	14_15
t_13472	14_15
t_13473	14_15
t_13474	14_15
t_13475	14_15
t_13476	14_15
t_13477	14_15
t_13478	14_15
t_13479	14_15
t_13480	14_15
t_13481	14_15
t_13482	14_15
t_13483	14_16
t_13484	14_16
t_13485	14_16
t_13486	14_16
t_13487	14_16
t_13488	14_16
t_13489	14_16
t_13490	14_16
t_13491	14_16
t_13492	14_16
t_13493	14_16
t_13494	14_16
t_13495	14_16
t_13496	14_16
t_13497	14_17
t_13498	14_17
t_13499	14_17
t_13500	14_17
t_13501	14_17
t_13502	14_17
t_13503	14_17
t_13504	14_17
t_13505	14_17
t_13506	14_17
t_13507	14_17
t_13508	14_17
t_13509	14_17
t_13510	14_17
t_13511	14_17
t_13512	14_17
t_13513	14_17
t_13514	14_17
t_13515	14_18
t_13516	14_18
t_13517	14_18
t_13518	14_18
t_13519	14_18
t_13520	14_18
t_13521	14_18
t_13522	14_18
t_13523	14_18
t_13524	14_18
t_13525	14_18
t_13526	14_18
t_13527	14_18
t_13528	14_18
t_13529	14_18
t_13530	14_18
t_13531	14_18
t_13532	14_18
t_13533	14_18
t_13534	14_18
t_13535	14_18
t_13536	14_18
t_13537	14_18
t_13538	14_18
t_13539	14_18
t_13540	14_18
t_13541	14_18
t_13542	14_19
t_13543	14_19
t_13544	14_19
t_13545	14_19
t_13546	14_19
t_13547	14_19
t_13548	14_19
t_13549	14_19
t_13550	14_19
t_13551	14_19
t_13552	14_19
t_13553	14_19
t_13554	14_19
t_13555	14_19
t_13556	14_19
t_13557	14_19
t_13558	14_19
t_13559	14_19
t_13560	14_19
t_13561	14_20
t_13562	14_20
t_13563	14_20
t_13564	14_20
t_13565	14_20
t_13566	14_20
t_13567	14_20
t_13568	14_20
t_13569	14_20
t_13570	14_20
t_13571	14_20
t_13572	14_20
t_13573	14_21
t_13574	14_21
t_13575	14_21
t_13576	14_21
t_13577	14_21
t_13578	14_21
t_13579	14_21
t_13580	14_21
t_13581	14_21
t_13582	14_21
t_13583	14_21
t_13584	14_21
t_13585	14_21
t_13586	14_21
t_13587	14_21
t_13588	14_21
t_13589	14_21
t_13590	14_21
t_13591	14_21
t_13592	14_21
t_13593	14_21
t_13594	14_21
t_13595	14_21
t_13596	14_21
t_13597	14_21
t_13598	14_21
t_13599	14_21
t_13600	14_21
t_13601	14_21
t_13602	14_21
t_13603	14_21
t_13604	14_21
t_13605	14_21
t_13606	14_21
t_13607	14_21
t_13608	14_21
t_13609	14_21
t_13610	14_21
t_13611	14_21
t_13612	14_21
t_13613	14_22
t_13614	14_22
t_13615	14_22
t_13616	14_22
t_13617	14_22
t_13618	14_22
t_13619	14_22
t_13620	14_22
t_13621	14_22
t_13622	14_22
t_13623	14_22
t_13624	14_22
t_13625	14_22
t_13626	14_22
t_13627	14_22
t_13628	14_23
t_13629	14_23
t_13630	14_23
t_13631	14_23
t_13632	14_23
t_13633	14_23
t_13634	14_23
t_13635	14_23
t_13636	14_23
t_13637	14_23
t_13638	14_23
t_13639	14_23
t_13640	14_23
t_13641	14_23
t_13642	14_23
t_13643	14_23
t_13644	14_23
t_13645	14_23
t_13646	14_23
t_13647	14_23
t_13648	14_23
t_13649	14_23
t_13650	14_23
t_13651	14_24
t_13652	14_24
t_13653	14_24
t_13654	14_24
t_13655	14_24
t_13656	14_24
t_13657	14_24
t_13658	14_24
t_13659	14_24
t_13660	14_24
t_13661	14_24
t_13662	14_24
t_13663	14_24
t_13664	14_24
t_13665	14_24
t_13666	14_25
t_13667	14_25
t_13668	14_25
t_13669	14_25
t_13670	14_25
t_13671	14_25
t_13672	14_25
t_13673	14_25
t_13674	14_25
t_13675	14_25
t_13676	14_25
t_13677	14_26
t_13678	14_26
t_13679	14_26
t_13680	14_26
t_13681	14_26
t_13682	14_26
t_13683	14_26
t_13684	14_26
t_13685	14_26
t_13686	14_26
t_13687	14_26
t_13688	14_26
t_13689	14_26
t_13690	14_26
t_13691	14_26
t_13692	14_26
t_13693	14_26
t_13694	14_26
t_13695	14_26
t_13696	14_26
t_13697	14_26
t_13698	14_26
t_13699	14_26
t_13700	14_26
t_13701	14_26
t_13702	14_26
t_13703	14_26
t_13704	14_26
t_13705	14_26
t_13706	14_26
t_13707	14_26
t_13708	14_26
t_13709	14_26
t_13710	14_26
t_13711	14_26
t_13712	14_26
t_13713	14_26
t_13714	14_26
t_13715	14_26
t_13716	14_26
t_13717	14_27
t_13718	14_27
t_13719	14_27
t_13720	14_27
t_13721	14_27
t_13722	14_27
t_13723	14_27
t_13724	14_27
t_13725	14_27
t_13726	14_27
t_13727	14_27
t_13728	14_27
t_13729	14_27
t_13730	14_27
t_13731	14_27
t_13732	14_27
t_13733	14_27
t_13734	14_28
t_13735	14_28
t_13736	14_28
t_13737	14_28
t_13738	14_28
t_13739	14_28
t_13740	14_28
t_13741	14_28
t_13742	14_28
t_13743	14_28
t_13744	14_28
t_13745	14_28
t_13746	14_28
t_13747	14_28
t_13748	14_28
t_13749	14_28
t_13750	14_28
t_13751	14_28
t_13752	14_28
t_13753	14_29
t_13754	14_29
t_13755	14_29
t_13756	14_29
t_13757	14_29
t_13758	14_29
t_13759	14_29
t_13760	14_29
t_13761	14_29
t_13762	14_29
t_13763	14_29
t_13764	14_29
t_13765	14_29
t_13766	14_29
t_13767	14_29
t_13768	14_29
t_13769	14_30
t_13770	14_30
t_13771	14_30
t_13772	14_30
t_13773	14_30
t_13774	14_30
t_13775	14_30
t_13776	14_30
t_13777	14_30
t_13778	14_30
t_13779	14_30
t_13780	14_30
t_13781	14_31
t_13782	14_31
t_13783	14_31
t_13784	14_31
t_13785	14_31
t_13786	14_31
t_13787	14_31
t_13788	14_31
t_13789	14_31
t_13790	14_31
t_13791	14_31
t_13792	14_31
t_13793	14_31
t_13794	14_31
t_13795	14_31
t_13796	14_31
t_13797	14_31
t_13798	14_31
t_13799	14_31
t_13800	14_31
t_13801	14_31
t_13802	14_31
t_13803	14_31
t_13804	14_31
t_13805	14_31
t_13806	14_31
t_13807	14_31
t_13808	14_31
t_13809	14_32
t_13810	14_32
t_13811	14_32
t_13812	14_32
t_13813	14_32
t_13814	14_32
t_13815	14_32
t_13816	14_32
t_13817	14_32
t_13818	14_32
t_13819	14_32
t_13820	14_32
t_13821	14_32
t_13822	14_32
t_13823	14_33
t_13824	14_33
t_13825	14_33
t_13826	14_33
t_13827	14_33
t_13828	14_33
t_13829	14_33
t_13830	14_33
t_13831	14_33
t_13832	14_33
t_13833	14_33
t_13834	14_33
t_13835	14_33
t_13836	14_33
t_13837	14_33
t_13838	14_33
t_13839	14_33
t_13840	14_33
t_13841	14_34
t_13842	14_34
t_13843	14_34
t_13844	14_34
t_13845	14_34
t_13846	14_34
t_13847	14_34
t_13848	14_34
t_13849	14_34
t_13850	14_34
t_13851	14_34
t_13852	14_34
t_13853	14_34
t_13854	14_34
t_13855	14_34
t_13856	14_34
t_13857	14_35
t_13858	14_35
t_13859	14_35
t_13860	14_35
t_13861	14_35
t_13862	14_35
t_13863	14_35
t_13864	14_35
t_13865	14_35
t_13866	14_35
t_13867	14_35
t_13868	14_35
t_13869	14_35
t_13870	14_35
t_13871	14_35
t_13872	14_35
t_13873	14_35
t_13874	14_35
t_13875	14_35
t_13876	14_35
t_13877	14_35
t_13878	15_1
t_13879	15_1
t_13880	15_1
t_13881	15_1
t_13882	15_1
t_13883	15_1
t_13884	15_1
t_13885	15_1
t_13886	15_1
t_13887	15_1
t_13888	15_1
t_13889	15_1
t_13890	15_1
t_13891	15_2
t_13892	15_2
t_13893	15_2
t_13894	15_2
t_13895	15_2
t_13896	15_2
t_13897	15_2
t_13898	15_2
t_13899	15_2
t_13900	15_2
t_13901	15_2
t_13902	15_2
t_13903	15_2
t_13904	15_2
t_13905	15_2
t_13906	15_2
t_13907	15_2
t_13908	15_3
t_13909	15_3
t_13910	15_3
t_13911	15_3
t_13912	15_3
t_13913	15_3
t_13914	15_3
t_13915	15_3
t_13916	15_4
t_13917	15_4
t_13918	15_4
t_13919	15_4
t_13920	15_4
t_13921	15_4
t_13922	15_4
t_13923	15_4
t_13924	15_4
t_13925	15_4
t_13926	15_4
t_13927	15_4
t_13928	15_4
t_13929	15_4
t_13930	15_4
t_13931	15_4
t_13932	15_4
t_13933	15_4
t_13934	15_4
t_13935	15_4
t_13936	15_4
t_13937	15_4
t_13938	15_4
t_13939	15_4
t_13940	15_4
t_13941	15_4
t_13942	15_4
t_13943	15_4
t_13944	15_4
t_13945	15_5
t_13946	15_5
t_13947	15_5
t_13948	15_5
t_13949	15_5
t_13950	15_5
t_13951	15_5
t_13952	15_5
t_13953	15_5
t_13954	15_6
t_13955	15_6
t_13956	15_6
t_13957	15_6
t_13958	15_6
t_13959	15_6
t_13960	15_6
t_13961	15_6
t_13962	15_6
t_13963	15_6
t_13964	15_6
t_13965	15_6
t_13966	15_6
t_13967	15_6
t_13968	15_6
t_13969	15_6
t_13970	15_6
t_13971	15_6
t_13972	15_6
t_13973	15_6
t_13974	15_6
t_13975	15_6
t_13976	15_6
t_13977	15_6
t_13978	15_7
t_13979	15_7
t_13980	15_7
t_13981	15_7
t_13982	15_7
t_13983	15_7
t_13984	15_7
t_13985	15_7
t_13986	15_7
t_13987	15_7
t_13988	15_7
t_13989	15_7
t_13990	15_7
t_13991	15_7
t_13992	15_7
t_13993	15_7
t_13994	15_7
t_13995	15_7
t_13996	15_7
t_13997	15_7
t_13998	15_7
t_13999	15_7
t_14000	15_7
t_14001	15_7
t_14002	15_8
t_14003	15_8
t_14004	15_8
t_14005	15_8
t_14006	15_8
t_14007	15_8
t_14008	15_8
t_14009	15_8
t_14010	15_8
t_14011	15_8
t_14012	15_8
t_14013	15_8
t_14014	15_8
t_14015	15_8
t_14016	15_8
t_14017	15_8
t_14018	15_8
t_14019	15_8
t_14020	15_8
t_14021	15_8
t_14022	15_8
t_14023	15_8
t_14024	15_8
t_14025	15_8
t_14026	15_8
t_14027	15_8
t_14028	15_9
t_14029	15_9
t_14030	15_9
t_14031	15_9
t_14032	15_9
t_14033	15_9
t_14034	15_9
t_14035	15_9
t_14036	15_9
t_14037	15_9
t_14038	15_9
t_14039	15_9
t_14040	15_9
t_14041	15_9
t_14042	15_9
t_14043	15_9
t_14044	15_9
t_14045	15_10
t_14046	15_10
t_14047	15_10
t_14048	15_10
t_14049	15_10
t_14050	15_10
t_14051	15_10
t_14052	15_10
t_14053	15_10
t_14054	15_10
t_14055	15_10
t_14056	15_10
t_14057	15_10
t_14058	15_10
t_14059	15_10
t_14060	15_10
t_14061	15_10
t_14062	15_11
t_14063	15_11
t_14064	15_11
t_14065	15_11
t_14066	15_11
t_14067	15_11
t_14068	15_11
t_14069	15_11
t_14070	15_12
t_14071	15_12
t_14072	15_12
t_14073	15_12
t_14074	15_12
t_14075	15_12
t_14076	15_12
t_14077	15_12
t_14078	15_12
t_14079	15_12
t_14080	15_12
t_14081	15_12
t_14082	15_12
t_14083	15_12
t_14084	15_12
t_14085	15_12
t_14086	15_12
t_14087	15_12
t_14088	15_12
t_14089	15_12
t_14090	15_12
t_14091	15_12
t_14092	15_12
t_14093	15_12
t_14094	15_13
t_14095	15_13
t_14096	15_13
t_14097	15_13
t_14098	15_13
t_14099	15_13
t_14100	15_13
t_14101	15_13
t_14102	15_13
t_14103	15_13
t_14104	15_13
t_14105	15_13
t_14106	15_13
t_14107	15_13
t_14108	15_13
t_14109	15_13
t_14110	15_13
t_14111	15_13
t_14112	15_13
t_14113	15_13
t_14114	15_13
t_14115	15_13
t_14116	15_13
t_14117	15_13
t_14118	15_14
t_14119	15_14
t_14120	15_14
t_14121	15_14
t_14122	15_14
t_14123	15_14
t_14124	15_14
t_14125	15_14
t_14126	15_14
t_14127	15_14
t_14128	15_14
t_14129	15_14
t_14130	15_14
t_14131	15_14
t_14132	15_14
t_14133	15_14
t_14134	15_14
t_14135	15_15
t_14136	15_15
t_14137	15_15
t_14138	15_15
t_14139	15_15
t_14140	15_15
t_14141	15_15
t_14142	15_15
t_14143	15_15
t_14144	15_15
t_14145	15_16
t_14146	15_16
t_14147	15_16
t_14148	15_16
t_14149	15_16
t_14150	15_16
t_14151	15_16
t_14152	15_16
t_14153	15_16
t_14154	15_16
t_14155	15_16
t_14156	15_16
t_14157	15_16
t_14158	15_16
t_14159	15_16
t_14160	15_16
t_14161	15_16
t_14162	15_16
t_14163	15_16
t_14164	15_16
t_14165	15_16
t_14166	15_16
t_14167	15_16
t_14168	15_16
t_14169	15_16
t_14170	15_16
t_14171	15_17
t_14172	15_17
t_14173	15_17
t_14174	15_17
t_14175	15_17
t_14176	15_17
t_14177	15_17
t_14178	15_17
t_14179	15_17
t_14180	15_17
t_14181	15_17
t_14182	15_17
t_14183	15_17
t_14184	15_17
t_14185	15_17
t_14186	15_17
t_14187	15_17
t_14188	15_17
t_14189	15_17
t_14190	15_18
t_14191	15_18
t_14192	15_18
t_14193	15_18
t_14194	15_18
t_14195	15_18
t_14196	15_18
t_14197	15_18
t_14198	15_18
t_14199	15_18
t_14200	15_18
t_14201	15_18
t_14202	15_18
t_14203	15_18
t_14204	15_18
t_14205	15_18
t_14206	15_18
t_14207	15_18
t_14208	15_18
t_14209	15_18
t_14210	15_18
t_14211	15_18
t_14212	15_18
t_14213	15_18
t_14214	15_18
t_14215	15_18
t_14216	15_19
t_14217	15_19
t_14218	15_19
t_14219	15_19
t_14220	15_19
t_14221	15_19
t_14222	15_19
t_14223	15_19
t_14224	15_20
t_14225	15_20
t_14226	15_20
t_14227	15_20
t_14228	15_20
t_14229	15_20
t_14230	15_20
t_14231	15_20
t_14232	15_20
t_14233	15_20
t_14234	15_20
t_14235	15_20
t_14236	15_20
t_14237	15_20
t_14238	15_20
t_14239	15_20
t_14240	15_20
t_14241	15_20
t_14242	15_20
t_14243	15_20
t_14244	15_20
t_14245	15_20
t_14246	15_20
t_14247	15_20
t_14248	15_20
t_14249	15_20
t_14250	15_20
t_14251	15_20
t_14252	15_20
t_14253	15_20
t_14254	15_20
t_14255	15_21
t_14256	15_21
t_14257	15_21
t_14258	15_21
t_14259	15_21
t_14260	15_21
t_14261	15_21
t_14262	15_21
t_14263	15_21
t_14264	15_21
t_14265	15_21
t_14266	15_21
t_14267	15_21
t_14268	15_21
t_14269	15_21
t_14270	15_21
t_14271	15_21
t_14272	15_21
t_14273	15_21
t_14274	15_21
t_14275	15_21
t_14276	15_21
t_14277	15_21
t_14278	15_21
t_14279	15_21
t_14280	15_21
t_14281	15_21
t_14282	15_21
t_14283	15_21
t_14284	15_21
t_14285	15_21
t_14286	15_21
t_14287	15_22
t_14288	15_22
t_14289	15_22
t_14290	15_22
t_14291	15_22
t_14292	15_22
t_14293	15_22
t_14294	15_22
t_14295	15_22
t_14296	15_22
t_14297	15_22
t_14298	15_22
t_14299	15_22
t_14300	15_22
t_14301	15_22
t_14302	15_22
t_14303	15_22
t_14304	15_22
t_14305	15_22
t_14306	15_22
t_14307	15_22
t_14308	15_22
t_14309	15_22
t_14310	15_22
t_14311	15_22
t_14312	15_22
t_14313	15_22
t_14314	15_22
t_14315	15_22
t_14316	15_22
t_14317	15_23
t_14318	15_23
t_14319	15_23
t_14320	15_23
t_14321	15_23
t_14322	15_23
t_14323	15_23
t_14324	15_23
t_14325	15_23
t_14326	15_23
t_14327	15_23
t_14328	15_23
t_14329	15_24
t_14330	15_24
t_14331	15_24
t_14332	15_24
t_14333	15_24
t_14334	15_24
t_14335	15_24
t_14336	15_24
t_14337	15_24
t_14338	15_24
t_14339	15_24
t_14340	15_24
t_14341	15_24
t_14342	15_24
t_14343	15_24
t_14344	15_24
t_14345	15_24
t_14346	15_24
t_14347	15_24
t_14348	15_25
t_14349	15_25
t_14350	15_25
t_14351	15_25
t_14352	15_25
t_14353	15_25
t_14354	15_25
t_14355	15_25
t_14356	15_25
t_14357	15_25
t_14358	15_25
t_14359	15_25
t_14360	15_25
t_14361	15_25
t_14362	15_25
t_14363	15_25
t_14364	15_25
t_14365	15_25
t_14366	15_25
t_14367	15_25
t_14368	15_25
t_14369	15_25
t_14370	15_26
t_14371	15_26
t_14372	15_26
t_14373	15_26
t_14374	15_26
t_14375	15_26
t_14376	15_26
t_14377	15_26
t_14378	15_26
t_14379	15_26
t_14380	15_26
t_14381	15_27
t_14382	15_27
t_14383	15_27
t_14384	15_27
t_14385	15_27
t_14386	15_27
t_14387	15_27
t_14388	15_27
t_14389	15_27
t_14390	15_27
t_14391	15_27
t_14392	15_27
t_14393	15_27
t_14394	15_27
t_14395	15_27
t_14396	15_27
t_14397	15_27
t_14398	15_27
t_14399	15_27
t_14400	15_27
t_14401	15_27
t_14402	15_27
t_14403	15_27
t_14404	15_27
t_14405	15_27
t_14406	15_27
t_14407	15_27
t_14408	15_27
t_14409	15_27
t_14410	15_27
t_14411	15_27
t_14412	15_27
t_14413	15_28
t_14414	15_28
t_14415	15_28
t_14416	15_28
t_14417	15_28
t_14418	15_28
t_14419	15_28
t_14420	15_28
t_14421	15_29
t_14422	15_29
t_14423	15_29
t_14424	15_29
t_14425	15_29
t_14426	15_29
t_14427	15_29
t_14428	15_29
t_14429	15_29
t_14430	15_29
t_14431	15_29
t_14432	15_29
t_14433	15_29
t_14434	15_29
t_14435	15_29
t_14436	15_29
t_14437	15_29
t_14438	15_29
t_14439	15_29
t_14440	15_29
t_14441	15_29
t_14442	15_29
t_14443	15_29
t_14444	15_29
t_14445	15_29
t_14446	15_29
t_14447	15_29
t_14448	15_29
t_14449	15_29
t_14450	15_29
t_14451	15_30
t_14452	15_30
t_14453	15_30
t_14454	15_30
t_14455	15_30
t_14456	15_30
t_14457	15_30
t_14458	15_30
t_14459	15_30
t_14460	15_30
t_14461	15_30
t_14462	15_30
t_14463	15_30
t_14464	15_30
t_14465	15_30
t_14466	15_30
t_14467	15_30
t_14468	15_30
t_14469	15_30
t_14470	15_30
t_14471	15_30
t_14472	15_31
t_14473	15_31
t_14474	15_31
t_14475	15_31
t_14476	15_31
t_14477	15_31
t_14478	15_31
t_14479	15_31
t_14480	15_31
t_14481	15_31
t_14482	15_31
t_14483	15_31
t_14484	15_31
t_14485	15_31
t_14486	15_31
t_14487	15_31
t_14488	15_31
t_14489	15_31
t_14490	15_31
t_14491	15_31
t_14492	15_31
t_14493	15_31
t_14494	15_31
t_14495	15_31
t_14496	15_31
t_14497	15_32
t_14498	15_32
t_14499	15_32
t_14500	15_32
t_14501	15_32
t_14502	15_32
t_14503	15_32
t_14504	15_32
t_14505	15_32
t_14506	15_32
t_14507	15_32
t_14508	15_32
t_14509	15_32
t_14510	15_32
t_14511	15_32
t_14512	16_1
t_14513	16_1
t_14514	16_1
t_14515	16_1
t_14516	16_1
t_14517	16_1
t_14518	16_1
t_14519	16_1
t_14520	16_1
t_14521	16_1
t_14522	16_1
t_14523	16_1
t_14524	16_1
t_14525	16_1
t_14526	16_1
t_14527	16_1
t_14528	16_1
t_14529	16_1
t_14530	16_1
t_14531	16_1
t_14532	16_1
t_14533	16_1
t_14534	16_1
t_14535	16_1
t_14536	16_2
t_14537	16_2
t_14538	16_2
t_14539	16_2
t_14540	16_2
t_14541	16_2
t_14542	16_2
t_14543	16_2
t_14544	16_2
t_14545	16_2
t_14546	16_2
t_14547	16_2
t_14548	16_2
t_14549	16_2
t_14550	16_2
t_14551	16_2
t_14552	16_2
t_14553	16_2
t_14554	16_2
t_14555	16_2
t_14556	16_2
t_14557	16_2
t_14558	16_2
t_14559	16_2
t_14560	16_3
t_14561	16_3
t_14562	16_3
t_14563	16_3
t_14564	16_3
t_14565	16_3
t_14566	16_3
t_14567	16_3
t_14568	16_3
t_14569	16_3
t_14570	16_3
t_14571	16_3
t_14572	16_3
t_14573	16_3
t_14574	16_3
t_14575	16_3
t_14576	16_3
t_14577	16_3
t_14578	16_3
t_14579	16_3
t_14580	16_3
t_14581	16_3
t_14582	16_3
t_14583	16_3
t_14584	16_3
t_14585	16_4
t_14586	16_4
t_14587	16_4
t_14588	16_4
t_14589	16_4
t_14590	16_4
t_14591	16_4
t_14592	16_4
t_14593	16_4
t_14594	16_4
t_14595	16_4
t_14596	16_4
t_14597	16_4
t_14598	16_4
t_14599	16_4
t_14600	16_4
t_14601	16_4
t_14602	16_5
t_14603	16_5
t_14604	16_5
t_14605	16_5
t_14606	16_5
t_14607	16_5
t_14608	16_5
t_14609	16_5
t_14610	16_5
t_14611	16_5
t_14612	16_5
t_14613	16_5
t_14614	16_5
t_14615	16_5
t_14616	16_5
t_14617	16_5
t_14618	16_5
t_14619	16_5
t_14620	16_6
t_14621	16_6
t_14622	16_6
t_14623	16_6
t_14624	16_6
t_14625	16_6
t_14626	16_6
t_14627	16_6
t_14628	16_6
t_14629	16_6
t_14630	16_6
t_14631	16_6
t_14632	16_6
t_14633	16_6
t_14634	16_6
t_14635	16_6
t_14636	16_6
t_14637	16_6
t_14638	16_6
t_14639	16_6
t_14640	16_6
t_14641	16_7
t_14642	16_7
t_14643	16_7
t_14644	16_7
t_14645	16_7
t_14646	16_7
t_14647	16_7
t_14648	16_7
t_14649	16_7
t_14650	16_7
t_14651	16_7
t_14652	16_7
t_14653	16_7
t_14654	16_7
t_14655	16_7
t_14656	16_7
t_14657	16_7
t_14658	16_7
t_14659	16_7
t_14660	16_7
t_14661	16_7
t_14662	16_7
t_14663	16_7
t_14664	16_7
t_14665	16_7
t_14666	16_8
t_14667	16_8
t_14668	16_8
t_14669	16_8
t_14670	16_8
t_14671	16_8
t_14672	16_8
t_14673	16_8
t_14674	16_8
t_14675	16_8
t_14676	16_8
t_14677	16_8
t_14678	16_8
t_14679	16_8
t_14680	16_8
t_14681	16_8
t_14682	16_8
t_14683	16_8
t_14684	16_8
t_14685	16_8
t_14686	16_8
t_14687	16_8
t_14688	16_8
t_14689	16_8
t_14690	16_8
t_14691	16_8
t_14692	16_8
t_14693	16_8
t_14694	16_8
t_14695	16_8
t_14696	16_8
t_14697	16_9
t_14698	16_9
t_14699	16_9
t_14700	16_9
t_14701	16_9
t_14702	16_9
t_14703	16_9
t_14704	16_9
t_14705	16_9
t_14706	16_9
t_14707	16_9
t_14708	16_9
t_14709	16_9
t_14710	16_9
t_14711	16_9
t_14712	16_9
t_14713	16_9
t_14714	16_9
t_14715	16_9
t_14716	16_9
t_14717	16_9
t_14718	16_9
t_14719	16_9
t_14720	16_9
t_14721	16_10
t_14722	16_10
t_14723	16_10
t_14724	16_10
t_14725	16_10
t_14726	16_10
t_14727	16_10
t_14728	16_10
t_14729	16_10
t_14730	16_10
t_14731	16_10
t_14732	16_10
t_14733	16_10
t_14734	16_10
t_14735	16_10
t_14736	16_10
t_14737	16_10
t_14738	16_10
t_14739	16_10
t_14740	16_10
t_14741	16_10
t_14742	16_11
t_14743	16_11
t_14744	16_11
t_14745	16_11
t_14746	16_11
t_14747	16_11
t_14748	16_11
t_14749	16_11
t_14750	16_11
t_14751	16_11
t_14752	16_11
t_14753	16_11
t_14754	16_11
t_14755	16_11
t_14756	16_11
t_14757	16_11
t_14758	16_12
t_14759	16_12
t_14760	16_12
t_14761	16_12
t_14762	16_12
t_14763	16_12
t_14764	16_12
t_14765	16_12
t_14766	16_12
t_14767	16_12
t_14768	16_12
t_14769	16_12
t_14770	16_12
t_14771	16_12
t_14772	16_12
t_14773	16_13
t_14774	16_13
t_14775	16_13
t_14776	16_13
t_14777	16_13
t_14778	16_13
t_14779	16_13
t_14780	16_13
t_14781	16_13
t_14782	16_13
t_14783	16_13
t_14784	16_13
t_14785	16_13
t_14786	16_13
t_14787	16_13
t_14788	16_13
t_14789	16_13
t_14790	16_13
t_14791	16_13
t_14792	16_13
t_14793	16_13
t_14794	16_13
t_14795	16_13
t_14796	16_13
t_14797	16_13
t_14798	16_13
t_14799	16_13
t_14800	16_13
t_14801	16_13
t_14802	16_13
t_14803	16_13
t_14804	16_13
t_14805	16_14
t_14806	16_14
t_14807	16_14
t_14808	16_14
t_14809	16_14
t_14810	16_14
t_14811	16_14
t_14812	16_14
t_14813	16_14
t_14814	16_14
t_14815	16_14
t_14816	16_14
t_14817	16_14
t_14818	16_15
t_14819	16_15
t_14820	16_15
t_14821	16_15
t_14822	16_15
t_14823	16_15
t_14824	16_15
t_14825	16_15
t_14826	16_15
t_14827	16_15
t_14828	16_15
t_14829	16_15
t_14830	16_15
t_14831	16_15
t_14832	16_15
t_14833	16_15
t_14834	16_15
t_14835	16_15
t_14836	16_15
t_14837	16_15
t_14838	16_15
t_14839	16_15
t_14840	16_15
t_14841	16_15
t_14842	16_15
t_14843	16_15
t_14844	16_15
t_14845	16_15
t_14846	16_15
t_14847	16_15
t_14848	16_16
t_14849	16_16
t_14850	16_16
t_14851	16_16
t_14852	16_16
t_14853	16_16
t_14854	16_16
t_14855	16_16
t_14856	16_16
t_14857	16_16
t_14858	16_16
t_14859	16_16
t_14860	16_16
t_14861	16_16
t_14862	16_16
t_14863	16_16
t_14864	16_16
t_14865	16_16
t_14866	16_16
t_14867	16_16
t_14868	16_16
t_14869	16_17
t_14870	16_17
t_14871	16_17
t_14872	16_17
t_14873	16_17
t_14874	16_17
t_14875	16_17
t_14876	16_17
t_14877	16_17
t_14878	16_17
t_14879	16_17
t_14880	16_17
t_14881	16_17
t_14882	16_17
t_14883	16_17
t_14884	16_17
t_14885	16_18
t_14886	16_18
t_14887	16_18
t_14888	16_18
t_14889	16_18
t_14890	16_18
t_14891	16_18
t_14892	16_18
t_14893	16_18
t_14894	16_18
t_14895	16_18
t_14896	16_18
t_14897	16_18
t_14898	16_18
t_14899	16_18
t_14900	16_18
t_14901	16_18
t_14902	16_18
t_14903	16_18
t_14904	16_19
t_14905	16_19
t_14906	16_19
t_14907	16_19
t_14908	16_19
t_14909	16_19
t_14910	16_19
t_14911	16_19
t_14912	16_19
t_14913	16_19
t_14914	16_19
t_14915	16_19
t_14916	16_19
t_14917	16_19
t_14918	16_19
t_14919	16_19
t_14920	16_20
t_14921	16_20
t_14922	16_20
t_14923	16_20
t_14924	16_20
t_14925	16_20
t_14926	16_20
t_14927	16_20
t_14928	16_20
t_14929	16_20
t_14930	16_20
t_14931	16_21
t_14932	16_21
t_14933	16_21
t_14934	16_21
t_14935	16_21
t_14936	16_21
t_14937	16_21
t_14938	16_21
t_14939	16_21
t_14940	16_21
t_14941	16_21
t_14942	16_21
t_14943	16_21
t_14944	16_21
t_14945	16_21
t_14946	16_21
t_14947	16_21
t_14948	16_21
t_14949	16_21
t_14950	16_21
t_14951	16_21
t_14952	16_21
t_14953	16_22
t_14954	16_22
t_14955	16_22
t_14956	16_22
t_14957	16_22
t_14958	16_22
t_14959	16_22
t_14960	16_22
t_14961	16_22
t_14962	16_22
t_14963	16_22
t_14964	16_22
t_14965	16_22
t_14966	16_22
t_14967	16_22
t_14968	16_22
t_14969	16_22
t_14970	16_22
t_14971	16_22
t_14972	16_22
t_14973	16_22
t_14974	16_22
t_14975	16_22
t_14976	16_22
t_14977	16_23
t_14978	16_23
t_14979	16_23
t_14980	16_23
t_14981	16_23
t_14982	16_23
t_14983	16_23
t_14984	16_23
t_14985	16_23
t_14986	16_23
t_14987	16_23
t_14988	16_23
t_14989	16_23
t_14990	16_23
t_14991	16_23
t_14992	16_23
t_14993	16_23
t_14994	16_23
t_14995	16_23
t_14996	16_23
t_14997	16_23
t_14998	16_23
t_14999	16_23
t_15000	16_23
t_15001	16_24
t_15002	16_24
t_15003	16_24
t_15004	16_24
t_15005	16_24
t_15006	16_24
t_15007	16_24
t_15008	16_24
t_15009	16_24
t_15010	16_24
t_15011	16_24
t_15012	16_24
t_15013	16_24
t_15014	16_24
t_15015	16_24
t_15016	16_24
t_15017	16_24
t_15018	16_24
t_15019	16_24
t_15020	16_24
t_15021	16_24
t_15022	16_24
t_15023	16_24
t_15024	16_24
t_15025	16_24
t_15026	16_24
t_15027	16_24
t_15028	16_24
t_15029	16_24
t_15030	16_24
t_15031	16_24
t_15032	16_24
t_15033	16_24
t_15034	16_25
t_15035	16_25
t_15036	16_25
t_15037	16_25
t_15038	16_25
t_15039	16_25
t_15040	16_25
t_15041	16_25
t_15042	16_25
t_15043	16_25
t_15044	16_25
t_15045	16_25
t_15046	16_25
t_15047	16_25
t_15048	16_25
t_15049	16_25
t_15050	16_25
t_15051	16_25
t_15052	16_25
t_15053	16_25
t_15054	16_25
t_15055	16_25
t_15056	16_25
t_15057	16_25
t_15058	16_25
t_15059	16_25
t_15060	16_25
t_15061	16_25
t_15062	16_25
t_15063	16_25
t_15064	16_26
t_15065	16_26
t_15066	16_26
t_15067	16_26
t_15068	16_26
t_15069	16_26
t_15070	16_26
t_15071	16_26
t_15072	16_26
t_15073	16_26
t_15074	16_26
t_15075	16_26
t_15076	16_26
t_15077	16_26
t_15078	16_26
t_15079	16_26
t_15080	16_26
t_15081	16_26
t_15082	16_26
t_15083	16_26
t_15084	16_26
t_15085	16_26
t_15086	16_26
t_15087	16_26
t_15088	16_26
t_15089	16_26
t_15090	16_26
t_15091	16_26
t_15092	16_26
t_15093	16_27
t_15094	16_27
t_15095	16_27
t_15096	16_27
t_15097	16_27
t_15098	16_27
t_15099	16_27
t_15100	16_27
t_15101	16_27
t_15102	16_27
t_15103	16_27
t_15104	16_27
t_15105	16_27
t_15106	16_27
t_15107	16_27
t_15108	16_27
t_15109	16_27
t_15110	16_27
t_15111	16_28
t_15112	16_28
t_15113	16_28
t_15114	16_28
t_15115	16_28
t_15116	16_28
t_15117	16_28
t_15118	16_28
t_15119	16_28
t_15120	16_28
t_15121	16_28
t_15122	16_28
t_15123	16_28
t_15124	16_28
t_15125	16_28
t_15126	16_28
t_15127	16_28
t_15128	16_28
t_15129	16_28
t_15130	16_28
t_15131	16_28
t_15132	16_29
t_15133	16_29
t_15134	16_29
t_15135	16_29
t_15136	16_29
t_15137	16_29
t_15138	16_29
t_15139	16_29
t_15140	16_29
t_15141	16_29
t_15142	16_29
t_15143	16_29
t_15144	16_30
t_15145	16_30
t_15146	16_30
t_15147	16_30
t_15148	16_30
t_15149	16_30
t_15150	16_30
t_15151	16_30
t_15152	16_30
t_15153	16_30
t_15154	16_30
t_15155	16_30
t_15156	16_30
t_15157	16_30
t_15158	16_30
t_15159	16_30
t_15160	16_30
t_15161	16_30
t_15162	16_31
t_15163	16_31
t_15164	16_31
t_15165	16_31
t_15166	16_31
t_15167	16_31
t_15168	16_31
t_15169	16_31
t_15170	16_31
t_15171	16_31
t_15172	16_31
t_15173	16_31
t_15174	16_31
t_15175	16_31
t_15176	16_31
t_15177	16_31
t_15178	16_31
t_15179	16_31
t_15180	16_31
t_15181	16_31
t_15182	17_1
t_15183	17_1
t_15184	17_1
t_15185	17_1
t_15186	17_1
t_15187	17_1
t_15188	17_1
t_15189	17_1
t_15190	17_1
t_15191	17_1
t_15192	17_1
t_15193	17_1
t_15194	17_1
t_15195	17_1
t_15196	17_1
t_15197	17_1
t_15198	17_1
t_15199	17_1
t_15200	17_1
t_15201	17_1
t_15202	17_2
t_15203	17_2
t_15204	17_2
t_15205	17_2
t_15206	17_2
t_15207	17_2
t_15208	17_2
t_15209	17_2
t_15210	17_2
t_15211	17_2
t_15212	17_2
t_15213	17_2
t_15214	17_2
t_15215	17_2
t_15216	17_2
t_15217	17_2
t_15218	17_2
t_15219	17_2
t_15220	17_2
t_15221	17_2
t_15222	17_2
t_15223	17_2
t_15224	17_2
t_15225	17_3
t_15226	17_3
t_15227	17_3
t_15228	17_3
t_15229	17_3
t_15230	17_3
t_15231	17_3
t_15232	17_3
t_15233	17_3
t_15234	17_3
t_15235	17_3
t_15236	17_3
t_15237	17_3
t_15238	17_3
t_15239	17_3
t_15240	17_3
t_15241	17_3
t_15242	17_4
t_15243	17_4
t_15244	17_4
t_15245	17_4
t_15246	17_4
t_15247	17_4
t_15248	17_4
t_15249	17_4
t_15250	17_4
t_15251	17_4
t_15252	17_4
t_15253	17_4
t_15254	17_4
t_15255	17_4
t_15256	17_4
t_15257	17_4
t_15258	17_4
t_15259	17_4
t_15260	17_4
t_15261	17_5
t_15262	17_5
t_15263	17_5
t_15264	17_5
t_15265	17_5
t_15266	17_5
t_15267	17_5
t_15268	17_5
t_15269	17_5
t_15270	17_5
t_15271	17_6
t_15272	17_6
t_15273	17_6
t_15274	17_6
t_15275	17_6
t_15276	17_6
t_15277	17_6
t_15278	17_6
t_15279	17_6
t_15280	17_6
t_15281	17_6
t_15282	17_6
t_15283	17_6
t_15284	17_6
t_15285	17_6
t_15286	17_6
t_15287	17_6
t_15288	17_6
t_15289	17_6
t_15290	17_6
t_15291	17_6
t_15292	17_6
t_15293	17_6
t_15294	17_6
t_15295	17_6
t_15296	17_6
t_15297	17_6
t_15298	17_6
t_15299	17_6
t_15300	17_6
t_15301	17_7
t_15302	17_7
t_15303	17_7
t_15304	17_7
t_15305	17_7
t_15306	17_7
t_15307	17_7
t_15308	17_7
t_15309	17_7
t_15310	17_7
t_15311	17_7
t_15312	17_7
t_15313	17_7
t_15314	17_7
t_15315	17_7
t_15316	17_7
t_15317	17_7
t_15318	17_7
t_15319	17_7
t_15320	17_7
t_15321	17_7
t_15322	17_8
t_15323	17_8
t_15324	17_8
t_15325	17_8
t_15326	17_8
t_15327	17_8
t_15328	17_8
t_15329	17_8
t_15330	17_8
t_15331	17_8
t_15332	17_8
t_15333	17_8
t_15334	17_8
t_15335	17_8
t_15336	17_8
t_15337	17_8
t_15338	17_8
t_15339	17_8
t_15340	17_8
t_15341	17_8
t_15342	17_8
t_15343	17_8
t_15344	17_8
t_15345	17_8
t_15346	17_8
t_15347	17_9
t_15348	17_9
t_15349	17_9
t_15350	17_9
t_15351	17_9
t_15352	17_9
t_15353	17_9
t_15354	17_9
t_15355	17_9
t_15356	17_9
t_15357	17_10
t_15358	17_10
t_15359	17_10
t_15360	17_10
t_15361	17_10
t_15362	17_10
t_15363	17_10
t_15364	17_10
t_15365	17_10
t_15366	17_10
t_15367	17_10
t_15368	17_10
t_15369	17_10
t_15370	17_10
t_15371	17_10
t_15372	17_10
t_15373	17_10
t_15374	17_10
t_15375	17_10
t_15376	17_10
t_15377	17_10
t_15378	17_10
t_15379	17_11
t_15380	17_11
t_15381	17_11
t_15382	17_11
t_15383	17_11
t_15384	17_11
t_15385	17_11
t_15386	17_11
t_15387	17_11
t_15388	17_11
t_15389	17_11
t_15390	17_11
t_15391	17_11
t_15392	17_11
t_15393	17_11
t_15394	17_11
t_15395	17_12
t_15396	17_12
t_15397	17_12
t_15398	17_12
t_15399	17_12
t_15400	17_12
t_15401	17_12
t_15402	17_12
t_15403	17_12
t_15404	17_12
t_15405	17_12
t_15406	17_12
t_15407	17_12
t_15408	17_12
t_15409	17_12
t_15410	17_13
t_15411	17_13
t_15412	17_13
t_15413	17_13
t_15414	17_13
t_15415	17_13
t_15416	17_13
t_15417	17_13
t_15418	17_13
t_15419	17_13
t_15420	17_13
t_15421	17_14
t_15422	17_14
t_15423	17_14
t_15424	17_14
t_15425	17_14
t_15426	17_14
t_15427	17_14
t_15428	17_14
t_15429	17_14
t_15430	17_14
t_15431	17_14
t_15432	17_14
t_15433	17_14
t_15434	17_14
t_15435	17_14
t_15436	17_14
t_15437	17_14
t_15438	17_14
t_15439	17_15
t_15440	17_15
t_15441	17_15
t_15442	17_15
t_15443	17_15
t_15444	17_15
t_15445	17_15
t_15446	17_15
t_15447	17_15
t_15448	17_15
t_15449	17_15
t_15450	17_15
t_15451	17_15
t_15452	17_15
t_15453	17_15
t_15454	17_15
t_15455	17_15
t_15456	17_16
t_15457	17_16
t_15458	17_16
t_15459	17_16
t_15460	17_16
t_15461	17_16
t_15462	17_16
t_15463	17_16
t_15464	17_16
t_15465	17_16
t_15466	17_16
t_15467	17_16
t_15468	17_16
t_15469	17_16
t_15470	17_16
t_15471	17_16
t_15472	17_17
t_15473	17_17
t_15474	17_17
t_15475	17_17
t_15476	17_17
t_15477	17_17
t_15478	17_17
t_15479	17_17
t_15480	17_17
t_15481	17_17
t_15482	17_17
t_15483	17_17
t_15484	17_17
t_15485	17_17
t_15486	17_17
t_15487	17_17
t_15488	17_17
t_15489	17_18
t_15490	17_18
t_15491	17_18
t_15492	17_18
t_15493	17_18
t_15494	17_18
t_15495	17_18
t_15496	17_18
t_15497	17_18
t_15498	17_18
t_15499	17_18
t_15500	17_18
t_15501	17_18
t_15502	17_19
t_15503	17_19
t_15504	17_19
t_15505	17_19
t_15506	17_19
t_15507	17_19
t_15508	17_19
t_15509	17_19
t_15510	17_19
t_15511	17_19
t_15512	17_19
t_15513	17_19
t_15514	17_20
t_15515	17_20
t_15516	17_20
t_15517	17_20
t_15518	17_20
t_15519	17_20
t_15520	17_20
t_15521	17_20
t_15522	17_20
t_15523	17_20
t_15524	17_20
t_15525	17_20
t_15526	17_20
t_15527	17_20
t_15528	17_20
t_15529	17_20
t_15530	17_20
t_15531	17_20
t_15532	17_20
t_15533	17_20
t_15534	17_20
t_15535	17_20
t_15536	17_20
t_15537	17_20
t_15538	17_21
t_15539	17_21
t_15540	17_21
t_15541	17_21
t_15542	17_21
t_15543	17_21
t_15544	17_21
t_15545	17_21
t_15546	17_21
t_15547	17_21
t_15548	17_21
t_15549	17_21
t_15550	17_21
t_15551	17_21
t_15552	17_21
t_15553	17_21
t_15554	17_21
t_15555	17_21
t_15556	17_22
t_15557	17_22
t_15558	17_22
t_15559	17_22
t_15560	17_22
t_15561	17_22
t_15562	17_22
t_15563	17_22
t_15564	17_22
t_15565	17_22
t_15566	17_22
t_15567	17_22
t_15568	17_22
t_15569	17_22
t_15570	17_22
t_15571	17_22
t_15572	17_22
t_15573	17_22
t_15574	17_22
t_15575	17_22
t_15576	17_22
t_15577	17_23
t_15578	17_23
t_15579	17_23
t_15580	17_23
t_15581	17_23
t_15582	17_23
t_15583	17_23
t_15584	17_23
t_15585	17_23
t_15586	17_23
t_15587	17_23
t_15588	17_23
t_15589	17_23
t_15590	17_23
t_15591	17_23
t_15592	17_23
t_15593	17_23
t_15594	17_24
t_15595	17_24
t_15596	17_24
t_15597	17_24
t_15598	17_24
t_15599	17_24
t_15600	17_24
t_15601	17_24
t_15602	17_24
t_15603	17_24
t_15604	17_24
t_15605	17_24
t_15606	17_24
t_15607	17_24
t_15608	17_24
t_15609	17_24
t_15610	17_24
t_15611	17_24
t_15612	17_24
t_15613	17_24
t_15614	17_24
t_15615	17_24
t_15616	17_24
t_15617	17_25
t_15618	17_25
t_15619	17_25
t_15620	17_25
t_15621	17_25
t_15622	17_25
t_15623	17_25
t_15624	17_25
t_15625	17_25
t_15626	17_25
t_15627	17_25
t_15628	17_25
t_15629	17_25
t_15630	17_26
t_15631	17_26
t_15632	17_26
t_15633	17_26
t_15634	17_26
t_15635	17_26
t_15636	17_26
t_15637	17_26
t_15638	17_26
t_15639	17_26
t_15640	17_26
t_15641	17_26
t_15642	17_26
t_15643	17_26
t_15644	17_26
t_15645	17_26
t_15646	17_26
t_15647	17_26
t_15648	17_26
t_15649	17_27
t_15650	17_27
t_15651	17_27
t_15652	17_27
t_15653	17_27
t_15654	17_27
t_15655	17_27
t_15656	17_27
t_15657	17_27
t_15658	17_27
t_15659	17_27
t_15660	17_27
t_15661	17_27
t_15662	17_27
t_15663	17_27
t_15664	17_27
t_15665	17_27
t_15666	17_27
t_15667	17_27
t_15668	17_27
t_15669	17_27
t_15670	17_27
t_15671	17_27
t_15672	17_27
t_15673	17_27
t_15674	17_28
t_15675	17_28
t_15676	17_28
t_15677	17_28
t_15678	17_28
t_15679	17_28
t_15680	17_28
t_15681	17_28
t_15682	17_28
t_15683	17_28
t_15684	17_28
t_15685	17_28
t_15686	17_28
t_15687	17_28
t_15688	17_28
t_15689	17_28
t_15690	17_29
t_15691	17_29
t_15692	17_29
t_15693	17_29
t_15694	17_29
t_15695	17_29
t_15696	17_29
t_15697	17_29
t_15698	17_29
t_15699	17_29
t_15700	17_29
t_15701	17_29
t_15702	17_29
t_15703	17_29
t_15704	17_29
t_15705	17_29
t_15706	17_29
t_15707	17_29
t_15708	17_29
t_15709	17_29
t_15710	17_29
t_15711	17_29
t_15712	17_30
t_15713	17_30
t_15714	17_30
t_15715	17_30
t_15716	17_30
t_15717	17_30
t_15718	17_30
t_15719	17_30
t_15720	17_30
t_15721	17_30
t_15722	17_30
t_15723	17_30
t_15724	17_31
t_15725	17_31
t_15726	17_31
t_15727	17_31
t_15728	17_31
t_15729	17_31
t_15730	17_31
t_15731	17_31
t_15732	17_31
t_15733	17_31
t_15734	17_31
t_15735	17_31
t_15736	17_31
t_15737	17_31
t_15738	17_31
t_15739	17_31
t_15740	17_31
t_15741	17_31
t_15742	17_31
t_15743	17_31
t_15744	17_31
t_15745	17_31
t_15746	17_31
t_15747	17_31
t_15748	17_31
t_15749	17_31
t_15750	17_31
t_15751	17_31
t_15752	17_31
t_15753	17_31
t_15754	17_31
t_15755	17_31
t_15756	17_31
t_15757	17_32
t_15758	17_32
t_15759	17_32
t_15760	17_32
t_15761	17_32
t_15762	17_33
t_15763	17_33
t_15764	17_33
t_15765	17_33
t_15766	17_33
t_15767	17_33
t_15768	17_33
t_15769	17_33
t_15770	17_33
t_15771	17_33
t_15772	17_33
t_15773	17_33
t_15774	17_33
t_15775	17_33
t_15776	17_33
t_15777	17_33
t_15778	17_33
t_15779	17_34
t_15780	17_34
t_15781	17_34
t_15782	17_34
t_15783	17_34
t_15784	17_34
t_15785	17_34
t_15786	17_34
t_15787	17_34
t_15788	17_34
t_15789	17_34
t_15790	17_34
t_15791	17_34
t_15792	17_34
t_15793	17_34
t_15794	17_34
t_15795	17_34
t_15796	17_34
t_15797	17_34
t_15798	17_34
t_15799	17_34
t_15800	17_34
t_15801	17_35
t_15802	17_35
t_15803	17_35
t_15804	17_35
t_15805	17_35
t_15806	17_35
t_15807	17_35
t_15808	17_35
t_15809	17_35
t_15810	17_35
t_15811	17_35
t_15812	17_35
t_15813	17_35
t_15814	17_35
t_15815	17_35
t_15816	17_37
t_15817	17_37
t_15818	17_37
t_15819	17_37
t_15820	17_37
t_15821	17_37
t_15822	17_37
t_15823	17_37
t_15824	17_37
t_15825	17_37
t_15826	17_37
t_15827	17_37
t_15828	17_37
t_15829	17_37
t_15830	17_37
t_15831	17_37
t_15832	17_37
t_15833	17_37
t_15834	17_37
t_15835	17_37
t_15836	17_37
t_15837	17_37
t_15838	18_1
t_15839	18_1
t_15840	18_1
t_15841	18_1
t_15842	18_1
t_15843	18_1
t_15844	18_1
t_15845	18_1
t_15846	18_1
t_15847	18_1
t_15848	18_1
t_15849	18_1
t_15850	18_1
t_15851	18_1
t_15852	18_2
t_15853	18_2
t_15854	18_2
t_15855	18_2
t_15856	18_2
t_15857	18_2
t_15858	18_2
t_15859	18_2
t_15860	18_2
t_15861	18_2
t_15862	18_2
t_15863	18_2
t_15864	18_2
t_15865	18_2
t_15866	18_2
t_15867	18_2
t_15868	18_3
t_15869	18_3
t_15870	18_3
t_15871	18_3
t_15872	18_3
t_15873	18_3
t_15874	18_3
t_15875	18_3
t_15876	18_3
t_15877	18_3
t_15878	18_3
t_15879	18_3
t_15880	18_3
t_15881	18_3
t_15882	18_3
t_15883	18_3
t_15884	18_3
t_15885	18_3
t_15886	18_3
t_15887	18_4
t_15888	18_4
t_15889	18_4
t_15890	18_4
t_15891	18_4
t_15892	18_4
t_15893	18_4
t_15894	18_4
t_15895	18_4
t_15896	18_4
t_15897	18_4
t_15898	18_4
t_15899	18_4
t_15900	18_4
t_15901	18_4
t_15902	18_4
t_15903	18_4
t_15904	18_4
t_15905	18_4
t_15906	18_4
t_15907	18_4
t_15908	18_4
t_15909	18_4
t_15910	18_5
t_15911	18_5
t_15912	18_5
t_15913	18_5
t_15914	18_5
t_15915	18_5
t_15916	18_5
t_15917	18_5
t_15918	18_5
t_15919	18_5
t_15920	18_5
t_15921	18_5
t_15922	18_5
t_15923	18_5
t_15924	18_5
t_15925	18_5
t_15926	18_5
t_15927	18_5
t_15928	18_5
t_15929	18_5
t_15930	18_6
t_15931	18_6
t_15932	18_6
t_15933	18_6
t_15934	18_6
t_15935	18_6
t_15936	18_6
t_15937	18_6
t_15938	18_6
t_15939	18_6
t_15940	18_6
t_15941	18_6
t_15942	18_7
t_15943	18_7
t_15944	18_7
t_15945	18_7
t_15946	18_7
t_15947	18_7
t_15948	18_7
t_15949	18_7
t_15950	18_7
t_15951	18_7
t_15952	18_7
t_15953	18_7
t_15954	18_7
t_15955	18_7
t_15956	18_7
t_15957	18_7
t_15958	18_7
t_15959	18_7
t_15960	18_7
t_15961	18_7
t_15962	18_7
t_15963	18_7
t_15964	18_7
t_15965	18_8
t_15966	18_8
t_15967	18_8
t_15968	18_8
t_15969	18_8
t_15970	18_8
t_15971	18_8
t_15972	18_8
t_15973	18_8
t_15974	18_8
t_15975	18_8
t_15976	18_8
t_15977	18_8
t_15978	18_8
t_15979	18_8
t_15980	18_8
t_15981	18_8
t_15982	18_8
t_15983	18_8
t_15984	18_8
t_15985	18_8
t_15986	18_8
t_15987	18_8
t_15988	18_8
t_15989	18_9
t_15990	18_9
t_15991	18_9
t_15992	18_9
t_15993	18_9
t_15994	18_9
t_15995	18_9
t_15996	18_9
t_15997	18_9
t_15998	18_9
t_15999	18_9
t_16000	18_9
t_16001	18_9
t_16002	18_9
t_16003	18_9
t_16004	18_9
t_16005	18_9
t_16006	18_9
t_16007	18_9
t_16008	18_9
t_16009	18_10
t_16010	18_10
t_16011	18_10
t_16012	18_10
t_16013	18_10
t_16014	18_10
t_16015	18_10
t_16016	18_10
t_16017	18_10
t_16018	18_10
t_16019	18_10
t_16020	18_10
t_16021	18_10
t_16022	18_10
t_16023	18_10
t_16024	18_11
t_16025	18_11
t_16026	18_11
t_16027	18_11
t_16028	18_11
t_16029	18_11
t_16030	18_11
t_16031	18_11
t_16032	18_11
t_16033	18_11
t_16034	18_11
t_16035	18_11
t_16036	18_11
t_16037	18_11
t_16038	18_11
t_16039	18_11
t_16040	18_11
t_16041	18_11
t_16042	18_11
t_16043	18_11
t_16044	18_11
t_16045	18_11
t_16046	18_11
t_16047	18_11
t_16048	18_11
t_16049	18_11
t_16050	18_11
t_16051	18_11
t_16052	18_11
t_16053	18_11
t_16054	18_11
t_16055	18_11
t_16056	18_11
t_16057	18_11
t_16058	18_12
t_16059	18_12
t_16060	18_12
t_16061	18_12
t_16062	18_12
t_16063	18_12
t_16064	18_12
t_16065	18_12
t_16066	18_12
t_16067	18_12
t_16068	18_13
t_16069	18_13
t_16070	18_13
t_16071	18_13
t_16072	18_13
t_16073	18_13
t_16074	18_13
t_16075	18_13
t_16076	18_13
t_16077	18_13
t_16078	18_13
t_16079	18_13
t_16080	18_13
t_16081	18_13
t_16082	18_13
t_16083	18_13
t_16084	18_13
t_16085	18_13
t_16086	18_13
t_16087	18_13
t_16088	18_13
t_16089	18_13
t_16090	18_13
t_16091	18_13
t_16092	18_13
t_16093	18_13
t_16094	18_13
t_16095	18_13
t_16096	18_13
t_16097	18_13
t_16098	18_14
t_16099	18_14
t_16100	18_14
t_16101	18_14
t_16102	18_14
t_16103	18_14
t_16104	18_14
t_16105	18_14
t_16106	18_14
t_16107	18_14
t_16108	18_14
t_16109	18_14
t_16110	18_14
t_16111	18_14
t_16112	18_14
t_16113	18_14
t_16114	18_14
t_16115	18_14
t_16116	18_14
t_16117	18_14
t_16118	18_14
t_16119	18_14
t_16120	18_14
t_16121	18_14
t_16122	18_14
t_16123	18_14
t_16124	18_15
t_16125	18_15
t_16126	18_15
t_16127	18_15
t_16128	18_15
t_16129	18_15
t_16130	18_15
t_16131	18_15
t_16132	18_15
t_16133	18_15
t_16134	18_15
t_16135	18_15
t_16136	18_15
t_16137	18_15
t_16138	18_15
t_16139	18_15
t_16140	18_15
t_16141	18_16
t_16142	18_16
t_16143	18_16
t_16144	18_16
t_16145	18_16
t_16146	18_16
t_16147	18_16
t_16148	18_16
t_16149	18_16
t_16150	18_16
t_16151	18_16
t_16152	18_16
t_16153	18_16
t_16154	18_16
t_16155	18_16
t_16156	18_16
t_16157	18_16
t_16158	18_16
t_16159	18_16
t_16160	18_16
t_16161	18_16
t_16162	18_16
t_16163	18_16
t_16164	18_16
t_16165	18_16
t_16166	18_16
t_16167	18_16
t_16168	18_16
t_16169	18_17
t_16170	18_17
t_16171	18_17
t_16172	18_17
t_16173	18_17
t_16174	18_17
t_16175	18_17
t_16176	18_17
t_16177	18_17
t_16178	18_17
t_16179	18_17
t_16180	18_17
t_16181	18_17
t_16182	18_17
t_16183	18_17
t_16184	18_17
t_16185	18_17
t_16186	18_17
t_16187	18_17
t_16188	18_17
t_16189	18_17
t_16190	18_18
t_16191	18_18
t_16192	18_18
t_16193	18_18
t_16194	18_18
t_16195	18_18
t_16196	18_18
t_16197	18_18
t_16198	18_18
t_16199	18_18
t_16200	18_18
t_16201	18_18
t_16202	18_18
t_16203	18_18
t_16204	18_18
t_16205	18_19
t_16206	18_19
t_16207	18_19
t_16208	18_19
t_16209	18_19
t_16210	18_19
t_16211	18_19
t_16212	18_19
t_16213	18_19
t_16214	18_19
t_16215	18_19
t_16216	18_19
t_16217	18_19
t_16218	18_19
t_16219	18_19
t_16220	18_19
t_16221	18_19
t_16222	18_19
t_16223	18_19
t_16224	18_19
t_16225	18_20
t_16226	18_20
t_16227	18_20
t_16228	18_20
t_16229	18_20
t_16230	18_20
t_16231	18_20
t_16232	18_20
t_16233	18_20
t_16234	18_20
t_16235	18_20
t_16236	18_20
t_16237	18_20
t_16238	18_20
t_16239	18_20
t_16240	18_20
t_16241	18_20
t_16242	18_20
t_16243	18_20
t_16244	18_20
t_16245	18_20
t_16246	18_20
t_16247	18_20
t_16248	18_21
t_16249	18_21
t_16250	18_21
t_16251	18_21
t_16252	18_21
t_16253	18_21
t_16254	18_21
t_16255	18_21
t_16256	18_21
t_16257	18_22
t_16258	18_22
t_16259	18_22
t_16260	18_22
t_16261	18_22
t_16262	18_22
t_16263	18_22
t_16264	18_22
t_16265	18_22
t_16266	18_22
t_16267	18_22
t_16268	18_22
t_16269	18_22
t_16270	18_22
t_16271	18_22
t_16272	18_22
t_16273	18_22
t_16274	18_22
t_16275	18_22
t_16276	18_22
t_16277	18_22
t_16278	18_22
t_16279	18_22
t_16280	18_22
t_16281	18_22
t_16282	18_22
t_16283	18_22
t_16284	18_22
t_16285	18_22
t_16286	18_22
t_16287	18_22
t_16288	18_22
t_16289	18_22
t_16290	18_23
t_16291	18_23
t_16292	18_23
t_16293	18_23
t_16294	18_23
t_16295	18_23
t_16296	18_23
t_16297	18_23
t_16298	18_23
t_16299	18_23
t_16300	18_23
t_16301	18_23
t_16302	18_24
t_16303	18_24
t_16304	18_24
t_16305	18_24
t_16306	18_24
t_16307	18_24
t_16308	18_24
t_16309	18_24
t_16310	18_24
t_16311	18_24
t_16312	18_24
t_16313	18_24
t_16314	18_24
t_16315	18_24
t_16316	18_24
t_16317	18_24
t_16318	18_24
t_16319	18_24
t_16320	18_24
t_16321	18_24
t_16322	18_24
t_16323	18_25
t_16324	18_25
t_16325	18_25
t_16326	18_25
t_16327	18_25
t_16328	18_25
t_16329	18_25
t_16330	18_25
t_16331	18_25
t_16332	18_25
t_16333	18_25
t_16334	18_25
t_16335	18_25
t_16336	18_25
t_16337	18_25
t_16338	18_25
t_16339	18_25
t_16340	18_26
t_16341	18_26
t_16342	18_26
t_16343	18_26
t_16344	18_26
t_16345	18_26
t_16346	18_26
t_16347	18_26
t_16348	18_26
t_16349	18_27
t_16350	18_27
t_16351	18_27
t_16352	18_27
t_16353	18_27
t_16354	18_27
t_16355	18_27
t_16356	18_27
t_16357	18_27
t_16358	18_27
t_16359	18_27
t_16360	18_27
t_16361	18_27
t_16362	18_28
t_16363	18_28
t_16364	18_28
t_16365	18_28
t_16366	18_28
t_16367	18_28
t_16368	18_28
t_16369	18_28
t_16370	18_28
t_16371	18_28
t_16372	18_28
t_16373	18_28
t_16374	18_29
t_16375	18_29
t_16376	18_29
t_16377	18_29
t_16378	18_29
t_16379	18_29
t_16380	18_29
t_16381	18_29
t_16382	18_29
t_16383	18_29
t_16384	18_29
t_16385	18_29
t_16386	18_29
t_16387	18_29
t_16388	18_29
t_16389	18_29
t_16390	18_29
t_16391	18_29
t_16392	18_29
t_16393	18_29
t_16394	18_29
t_16395	18_29
t_16396	18_29
t_16397	18_29
t_16398	18_29
t_16399	18_29
t_16400	18_29
t_16401	18_30
t_16402	18_30
t_16403	18_30
t_16404	18_30
t_16405	18_30
t_16406	18_30
t_16407	18_30
t_16408	18_30
t_16409	18_30
t_16410	18_30
t_16411	18_30
t_16412	18_30
t_16413	18_30
t_16414	18_30
t_16415	18_30
t_16416	18_30
t_16417	18_30
t_16418	18_30
t_16419	18_31
t_16420	18_31
t_16421	18_31
t_16422	18_31
t_16423	18_31
t_16424	18_31
t_16425	18_31
t_16426	18_31
t_16427	18_31
t_16428	18_31
t_16429	18_31
t_16430	18_31
t_16431	18_31
t_16432	18_31
t_16433	18_31
t_16434	18_31
t_16435	18_31
t_16436	18_31
t_16437	18_31
t_16438	18_31
t_16439	18_31
t_16440	18_31
t_16441	18_31
t_16442	18_31
t_16443	18_31
t_16444	18_32
t_16445	18_32
t_16446	18_32
t_16447	18_32
t_16448	18_32
t_16449	18_32
t_16450	18_32
t_16451	18_32
t_16452	18_32
t_16453	18_32
t_16454	18_32
t_16455	18_33
t_16456	18_33
t_16457	18_33
t_16458	18_33
t_16459	18_33
t_16460	18_33
t_16461	18_33
t_16462	18_33
t_16463	18_33
t_16464	18_33
t_16465	18_33
t_16466	18_33
t_16467	18_34
t_16468	18_34
t_16469	18_34
t_16470	18_34
t_16471	18_34
t_16472	18_34
t_16473	18_34
t_16474	18_34
t_16475	18_34
t_16476	18_34
t_16477	18_34
t_16478	18_34
t_16479	18_34
t_16480	18_34
t_16481	18_34
t_16482	18_34
t_16483	18_34
t_16484	18_34
t_16485	18_34
t_16486	18_34
t_16487	18_34
t_16488	18_35
t_16489	18_35
t_16490	18_35
t_16491	18_35
t_16492	18_35
t_16493	18_35
t_16494	18_35
t_16495	18_35
t_16496	18_35
t_16497	18_35
t_16498	18_35
t_16499	18_35
t_16500	18_35
t_16501	18_35
t_16502	18_35
t_16503	18_35
t_16504	18_36
t_16505	18_36
t_16506	18_36
t_16507	18_36
t_16508	18_36
t_16509	18_36
t_16510	18_36
t_16511	18_36
t_16512	18_36
t_16513	18_37
t_16514	18_37
t_16515	18_37
t_16516	18_37
t_16517	18_37
t_16518	18_37
t_16519	18_37
t_16520	18_37
t_16521	18_37
t_16522	18_38
t_16523	18_38
t_16524	18_38
t_16525	18_38
t_16526	18_38
t_16527	18_38
t_16528	18_38
t_16529	18_38
t_16530	18_38
t_16531	18_38
t_16532	18_39
t_16533	18_39
t_16534	18_39
t_16535	18_39
t_16536	18_39
t_16537	18_39
t_16538	18_39
t_16539	18_39
t_16540	18_39
t_16541	18_39
t_16542	18_39
t_16543	18_39
t_16544	18_39
t_16545	18_39
t_16546	18_39
t_16547	18_39
t_16548	18_39
t_16549	18_39
t_16550	18_39
t_16551	18_40
t_16552	18_40
t_16553	18_40
t_16554	18_40
t_16555	18_40
t_16556	18_40
t_16557	18_40
t_16558	18_40
t_16559	18_40
t_16560	18_40
t_16561	18_40
t_16562	18_40
t_16563	18_40
t_16564	18_40
t_16565	18_41
t_16566	18_41
t_16567	18_41
t_16568	18_41
t_16569	18_41
t_16570	18_41
t_16571	18_41
t_16572	18_41
t_16573	18_41
t_16574	18_41
t_16575	18_41
t_16576	18_41
t_16577	18_41
t_16578	18_42
t_16579	18_42
t_16580	18_42
t_16581	18_42
t_16582	18_42
t_16583	18_42
t_16584	18_42
t_16585	18_42
t_16586	18_42
t_16587	18_42
t_16588	18_42
t_16589	18_42
t_16590	18_42
t_16591	18_43
t_16592	18_43
t_16593	18_43
t_16594	18_43
t_16595	18_43
t_16596	18_43
t_16597	18_43
t_16598	18_43
t_16599	18_43
t_16600	18_43
t_16601	18_43
t_16602	18_43
t_16603	18_43
t_16604	18_43
t_16605	18_43
t_16606	18_43
t_16607	18_43
t_16608	18_43
t_16609	18_43
t_16610	18_43
t_16611	18_43
t_16612	19_1
t_16613	19_1
t_16614	19_1
t_16615	19_1
t_16616	19_1
t_16617	19_1
t_16618	19_2
t_16619	19_2
t_16620	19_2
t_16621	19_2
t_16622	19_2
t_16623	19_2
t_16624	19_2
t_16625	19_2
t_16626	19_2
t_16627	19_2
t_16628	19_2
t_16629	19_2
t_16630	19_2
t_16631	19_2
t_16632	19_2
t_16633	19_3
t_16634	19_3
t_16635	19_3
t_16636	19_3
t_16637	19_3
t_16638	19_3
t_16639	19_3
t_16640	19_3
t_16641	19_3
t_16642	19_3
t_16643	19_3
t_16644	19_3
t_16645	19_3
t_16646	19_3
t_16647	19_3
t_16648	19_3
t_16649	19_3
t_16650	19_3
t_16651	19_3
t_16652	19_3
t_16653	19_4
t_16654	19_4
t_16655	19_4
t_16656	19_4
t_16657	19_4
t_16658	19_4
t_16659	19_4
t_16660	19_4
t_16661	19_4
t_16662	19_4
t_16663	19_4
t_16664	19_4
t_16665	19_4
t_16666	19_4
t_16667	19_4
t_16668	19_4
t_16669	19_4
t_16670	19_5
t_16671	19_5
t_16672	19_5
t_16673	19_5
t_16674	19_5
t_16675	19_5
t_16676	19_5
t_16677	19_5
t_16678	19_5
t_16679	19_5
t_16680	19_5
t_16681	19_5
t_16682	19_5
t_16683	19_5
t_16684	19_5
t_16685	19_5
t_16686	19_5
t_16687	19_5
t_16688	19_5
t_16689	19_5
t_16690	19_5
t_16691	19_5
t_16692	19_5
t_16693	19_5
t_16694	19_5
t_16695	19_5
t_16696	19_5
t_16697	19_5
t_16698	19_5
t_16699	19_5
t_16700	19_6
t_16701	19_6
t_16702	19_6
t_16703	19_6
t_16704	19_6
t_16705	19_6
t_16706	19_6
t_16707	19_6
t_16708	19_6
t_16709	19_7
t_16710	19_7
t_16711	19_7
t_16712	19_7
t_16713	19_7
t_16714	19_7
t_16715	19_7
t_16716	19_7
t_16717	19_7
t_16718	19_7
t_16719	19_7
t_16720	19_7
t_16721	19_8
t_16722	19_8
t_16723	19_8
t_16724	19_8
t_16725	19_8
t_16726	19_8
t_16727	19_8
t_16728	19_8
t_16729	19_8
t_16730	19_8
t_16731	19_8
t_16732	19_8
t_16733	19_8
t_16734	19_8
t_16735	19_8
t_16736	19_8
t_16737	19_8
t_16738	19_8
t_16739	19_8
t_16740	19_8
t_16741	19_8
t_16742	19_8
t_16743	19_8
t_16744	19_8
t_16745	19_8
t_16746	19_8
t_16747	19_8
t_16748	19_8
t_16749	19_8
t_16750	19_8
t_16751	19_9
t_16752	19_9
t_16753	19_9
t_16754	19_9
t_16755	19_9
t_16756	19_9
t_16757	19_9
t_16758	19_9
t_16759	19_9
t_16760	19_9
t_16761	19_9
t_16762	19_9
t_16763	19_9
t_16764	19_9
t_16765	19_9
t_16766	19_9
t_16767	19_9
t_16768	19_9
t_16769	19_9
t_16770	19_9
t_16771	19_9
t_16772	19_9
t_16773	19_9
t_16774	19_9
t_16775	19_9
t_16776	19_10
t_16777	19_10
t_16778	19_10
t_16779	19_10
t_16780	19_10
t_16781	19_10
t_16782	19_10
t_16783	19_10
t_16784	19_10
t_16785	19_10
t_16786	19_10
t_16787	19_10
t_16788	19_11
t_16789	19_11
t_16790	19_11
t_16791	19_11
t_16792	19_11
t_16793	19_11
t_16794	19_11
t_16795	19_11
t_16796	19_11
t_16797	19_11
t_16798	19_11
t_16799	19_11
t_16800	19_11
t_16801	19_11
t_16802	19_11
t_16803	19_11
t_16804	19_11
t_16805	19_11
t_16806	19_11
t_16807	19_11
t_16808	19_11
t_16809	19_11
t_16810	19_11
t_16811	19_11
t_16812	19_11
t_16813	19_12
t_16814	19_12
t_16815	19_12
t_16816	19_12
t_16817	19_12
t_16818	19_12
t_16819	19_12
t_16820	19_12
t_16821	19_12
t_16822	19_12
t_16823	19_12
t_16824	19_12
t_16825	19_12
t_16826	19_12
t_16827	19_12
t_16828	19_13
t_16829	19_13
t_16830	19_13
t_16831	19_13
t_16832	19_13
t_16833	19_13
t_16834	19_13
t_16835	19_13
t_16836	19_13
t_16837	19_13
t_16838	19_13
t_16839	19_13
t_16840	19_13
t_16841	19_13
t_16842	19_13
t_16843	19_13
t_16844	19_13
t_16845	19_13
t_16846	19_14
t_16847	19_14
t_16848	19_14
t_16849	19_14
t_16850	19_14
t_16851	19_14
t_16852	19_14
t_16853	19_14
t_16854	19_14
t_16855	19_14
t_16856	19_14
t_16857	19_14
t_16858	19_14
t_16859	19_14
t_16860	19_14
t_16861	19_14
t_16862	19_14
t_16863	19_14
t_16864	19_14
t_16865	19_14
t_16866	19_15
t_16867	19_15
t_16868	19_15
t_16869	19_15
t_16870	19_15
t_16871	19_15
t_16872	19_15
t_16873	19_15
t_16874	19_15
t_16875	19_15
t_16876	19_15
t_16877	19_15
t_16878	19_15
t_16879	19_15
t_16880	19_15
t_16881	19_15
t_16882	19_15
t_16883	19_15
t_16884	19_15
t_16885	19_15
t_16886	19_15
t_16887	19_15
t_16888	19_15
t_16889	19_15
t_16890	19_15
t_16891	19_15
t_16892	19_16
t_16893	19_16
t_16894	19_16
t_16895	19_16
t_16896	19_16
t_16897	19_16
t_16898	19_16
t_16899	19_16
t_16900	19_16
t_16901	19_16
t_16902	19_16
t_16903	19_16
t_16904	19_16
t_16905	19_16
t_16906	19_17
t_16907	19_17
t_16908	19_17
t_16909	19_17
t_16910	19_17
t_16911	19_17
t_16912	19_17
t_16913	19_17
t_16914	19_17
t_16915	19_17
t_16916	19_17
t_16917	19_17
t_16918	19_17
t_16919	19_17
t_16920	19_17
t_16921	19_17
t_16922	19_17
t_16923	19_17
t_16924	19_17
t_16925	19_17
t_16926	19_17
t_16927	19_18
t_16928	19_18
t_16929	19_18
t_16930	19_18
t_16931	19_18
t_16932	19_18
t_16933	19_18
t_16934	19_18
t_16935	19_18
t_16936	19_18
t_16937	19_18
t_16938	19_18
t_16939	19_18
t_16940	19_18
t_16941	19_18
t_16942	19_19
t_16943	19_19
t_16944	19_19
t_16945	19_19
t_16946	19_19
t_16947	19_19
t_16948	19_19
t_16949	19_19
t_16950	19_19
t_16951	19_19
t_16952	19_19
t_16953	19_20
t_16954	19_20
t_16955	19_20
t_16956	19_20
t_16957	19_20
t_16958	19_20
t_16959	19_20
t_16960	19_20
t_16961	19_20
t_16962	19_20
t_16963	19_20
t_16964	19_20
t_16965	19_20
t_16966	19_20
t_16967	19_20
t_16968	19_20
t_16969	19_20
t_16970	19_21
t_16971	19_21
t_16972	19_21
t_16973	19_21
t_16974	19_21
t_16975	19_21
t_16976	19_21
t_16977	19_21
t_16978	19_21
t_16979	19_21
t_16980	19_21
t_16981	19_21
t_16982	19_21
t_16983	19_21
t_16984	19_21
t_16985	19_21
t_16986	19_21
t_16987	19_21
t_16988	19_22
t_16989	19_22
t_16990	19_22
t_16991	19_22
t_16992	19_22
t_16993	19_22
t_16994	19_22
t_16995	19_22
t_16996	19_22
t_16997	19_22
t_16998	19_22
t_16999	19_22
t_17000	19_22
t_17001	19_22
t_17002	19_22
t_17003	19_22
t_17004	19_22
t_17005	19_22
t_17006	19_22
t_17007	19_22
t_17008	19_22
t_17009	19_22
t_17010	19_22
t_17011	19_22
t_17012	19_22
t_17013	19_22
t_17014	19_22
t_17015	19_22
t_17016	19_22
t_17017	19_23
t_17018	19_23
t_17019	19_23
t_17020	19_23
t_17021	19_23
t_17022	19_23
t_17023	19_23
t_17024	19_23
t_17025	19_23
t_17026	19_23
t_17027	19_23
t_17028	19_23
t_17029	19_23
t_17030	19_23
t_17031	19_23
t_17032	19_23
t_17033	19_23
t_17034	19_23
t_17035	19_23
t_17036	19_23
t_17037	19_24
t_17038	19_24
t_17039	19_24
t_17040	19_24
t_17041	19_24
t_17042	19_24
t_17043	19_24
t_17044	19_24
t_17045	19_24
t_17046	19_24
t_17047	19_24
t_17048	19_24
t_17049	19_24
t_17050	19_24
t_17051	19_24
t_17052	19_24
t_17053	19_24
t_17054	19_25
t_17055	19_25
t_17056	19_25
t_17057	19_25
t_17058	19_25
t_17059	19_25
t_17060	19_25
t_17061	19_25
t_17062	19_25
t_17063	19_25
t_17064	19_26
t_17065	19_26
t_17066	19_26
t_17067	19_26
t_17068	19_26
t_17069	19_26
t_17070	19_26
t_17071	19_26
t_17072	19_26
t_17073	19_26
t_17074	19_26
t_17075	19_26
t_17076	19_26
t_17077	19_26
t_17078	19_26
t_17079	19_26
t_17080	19_26
t_17081	19_26
t_17082	19_27
t_17083	19_27
t_17084	19_27
t_17085	19_27
t_17086	19_27
t_17087	19_27
t_17088	19_27
t_17089	19_27
t_17090	19_27
t_17091	19_27
t_17092	19_27
t_17093	19_27
t_17094	19_27
t_17095	19_27
t_17096	19_27
t_17097	19_27
t_17098	19_27
t_17099	19_27
t_17100	19_27
t_17101	19_27
t_17102	19_28
t_17103	19_28
t_17104	19_28
t_17105	19_28
t_17106	19_28
t_17107	19_28
t_17108	19_28
t_17109	19_28
t_17110	19_28
t_17111	19_29
t_17112	19_29
t_17113	19_29
t_17114	19_29
t_17115	19_29
t_17116	19_29
t_17117	19_29
t_17118	19_29
t_17119	19_29
t_17120	19_29
t_17121	19_29
t_17122	19_29
t_17123	19_29
t_17124	19_29
t_17125	19_29
t_17126	19_29
t_17127	19_29
t_17128	19_29
t_17129	19_29
t_17130	19_30
t_17131	19_30
t_17132	19_30
t_17133	19_30
t_17134	19_30
t_17135	19_30
t_17136	19_30
t_17137	19_30
t_17138	19_30
t_17139	19_30
t_17140	19_30
t_17141	19_30
t_17142	19_30
t_17143	19_30
t_17144	19_30
t_17145	19_30
t_17146	19_30
t_17147	19_30
t_17148	19_30
t_17149	19_30
t_17150	19_30
t_17151	19_30
t_17152	19_30
t_17153	19_30
t_17154	19_30
t_17155	19_30
t_17156	19_31
t_17157	19_31
t_17158	19_31
t_17159	19_31
t_17160	19_31
t_17161	19_31
t_17162	19_31
t_17163	19_31
t_17164	19_31
t_17165	19_31
t_17166	19_31
t_17167	19_31
t_17168	19_31
t_17169	19_31
t_17170	19_31
t_17171	19_31
t_17172	19_31
t_17173	19_31
t_17174	19_32
t_17175	19_32
t_17176	19_32
t_17177	19_32
t_17178	19_32
t_17179	19_32
t_17180	19_32
t_17181	19_32
t_17182	19_32
t_17183	19_33
t_17184	19_33
t_17185	19_33
t_17186	19_33
t_17187	19_33
t_17188	19_33
t_17189	19_33
t_17190	19_33
t_17191	19_33
t_17192	19_33
t_17193	19_33
t_17194	19_33
t_17195	19_33
t_17196	19_33
t_17197	19_33
t_17198	19_33
t_17199	19_34
t_17200	19_34
t_17201	19_34
t_17202	19_34
t_17203	19_34
t_17204	19_34
t_17205	19_34
t_17206	19_34
t_17207	19_34
t_17208	19_34
t_17209	19_35
t_17210	19_35
t_17211	19_35
t_17212	19_35
t_17213	19_35
t_17214	19_35
t_17215	19_35
t_17216	19_35
t_17217	19_35
t_17218	19_35
t_17219	19_35
t_17220	19_35
t_17221	19_35
t_17222	19_35
t_17223	19_35
t_17224	19_35
t_17225	19_35
t_17226	19_35
t_17227	19_35
t_17228	19_36
t_17229	19_36
t_17230	19_36
t_17231	19_36
t_17232	19_36
t_17233	19_36
t_17234	19_36
t_17235	19_36
t_17236	19_36
t_17237	19_36
t_17238	19_36
t_17239	19_37
t_17240	19_37
t_17241	19_37
t_17242	19_37
t_17243	19_37
t_17244	19_37
t_17245	19_37
t_17246	19_37
t_17247	19_37
t_17248	19_37
t_17249	19_37
t_17250	19_37
t_17251	19_37
t_17252	19_37
t_17253	19_37
t_17254	19_37
t_17255	19_37
t_17256	19_37
t_17257	19_37
t_17258	19_37
t_17259	19_37
t_17260	19_37
t_17261	19_37
t_17262	19_37
t_17263	19_37
t_17264	19_37
t_17265	19_37
t_17266	19_37
t_17267	19_37
t_17268	19_38
t_17269	19_38
t_17270	19_38
t_17271	19_38
t_17272	19_38
t_17273	19_38
t_17274	19_38
t_17275	19_38
t_17276	19_38
t_17277	19_38
t_17278	19_38
t_17279	19_38
t_17280	19_38
t_17281	19_38
t_17282	19_38
t_17283	19_38
t_17284	19_38
t_17285	19_38
t_17286	19_38
t_17287	19_38
t_17288	19_39
t_17289	19_39
t_17290	19_39
t_17291	19_39
t_17292	19_39
t_17293	19_39
t_17294	19_39
t_17295	19_39
t_17296	19_39
t_17297	19_39
t_17298	19_39
t_17299	19_39
t_17300	19_39
t_17301	19_39
t_17302	19_39
t_17303	19_39
t_17304	19_39
t_17305	19_40
t_17306	19_40
t_17307	19_40
t_17308	19_40
t_17309	19_40
t_17310	19_40
t_17311	19_40
t_17312	19_40
t_17313	19_40
t_17314	19_40
t_17315	19_40
t_17316	19_40
t_17317	19_40
t_17318	19_40
t_17319	19_41
t_17320	19_41
t_17321	19_41
t_17322	19_41
t_17323	19_41
t_17324	19_41
t_17325	19_41
t_17326	19_41
t_17327	19_41
t_17328	19_41
t_17329	19_41
t_17330	19_42
t_17331	19_42
t_17332	19_42
t_17333	19_42
t_17334	19_42
t_17335	19_42
t_17336	19_42
t_17337	19_42
t_17338	19_42
t_17339	19_42
t_17340	19_42
t_17341	19_42
t_17342	19_42
t_17343	19_42
t_17344	19_42
t_17345	19_42
t_17346	19_42
t_17347	19_42
t_17348	19_42
t_17349	19_42
t_17350	19_42
t_17351	19_43
t_17352	19_43
t_17353	19_43
t_17354	19_43
t_17355	19_43
t_17356	19_43
t_17357	19_43
t_17358	19_43
t_17359	19_43
t_17360	19_43
t_17361	19_43
t_17362	19_43
t_17363	19_43
t_17364	19_43
t_17365	19_43
t_17366	19_43
t_17367	19_43
t_17368	19_43
t_17369	19_43
t_17370	19_43
t_17371	19_44
t_17372	19_44
t_17373	19_44
t_17374	19_44
t_17375	19_44
t_17376	19_44
t_17377	19_44
t_17378	19_44
t_17379	19_44
t_17380	19_44
t_17381	19_44
t_17382	19_44
t_17383	19_44
t_17384	19_44
t_17385	19_44
t_17386	19_44
t_17387	19_44
t_17388	19_44
t_17389	19_44
t_17390	19_44
t_17391	19_44
t_17392	19_44
t_17393	19_44
t_17394	19_44
t_17395	19_44
t_17396	19_44
t_17397	19_44
t_17398	19_44
t_17399	19_44
t_17400	19_45
t_17401	19_45
t_17402	19_45
t_17403	19_45
t_17404	19_45
t_17405	19_45
t_17406	19_45
t_17407	19_45
t_17408	19_45
t_17409	19_45
t_17410	19_46
t_17411	19_46
t_17412	19_46
t_17413	19_46
t_17414	19_46
t_17415	19_46
t_17416	19_46
t_17417	19_46
t_17418	19_46
t_17419	19_46
t_17420	19_46
t_17421	19_46
t_17422	19_46
t_17423	19_46
t_17424	19_46
t_17425	19_46
t_17426	19_46
t_17427	19_46
t_17428	19_47
t_17429	19_47
t_17430	19_47
t_17431	19_47
t_17432	19_47
t_17433	19_47
t_17434	19_47
t_17435	19_47
t_17436	19_47
t_17437	19_47
t_17438	19_47
t_17439	19_47
t_17440	19_47
t_17441	19_47
t_17442	19_47
t_17443	19_47
t_17444	19_47
t_17445	19_47
t_17446	19_47
t_17447	19_47
t_17448	19_47
t_17449	19_47
t_17450	19_47
t_17451	19_47
t_17452	19_47
t_17453	19_48
t_17454	19_48
t_17455	19_48
t_17456	19_48
t_17457	19_48
t_17458	19_48
t_17459	19_48
t_17460	19_48
t_17461	19_48
t_17462	19_48
t_17463	19_48
t_17464	19_48
t_17465	19_48
t_17466	19_48
t_17467	19_48
t_17468	20_1
t_17469	20_1
t_17470	20_1
t_17471	20_1
t_17472	20_1
t_17473	20_1
t_17474	20_1
t_17475	20_1
t_17476	20_1
t_17477	20_1
t_17478	20_1
t_17479	20_1
t_17480	20_1
t_17481	20_1
t_17482	20_1
t_17483	20_1
t_17484	20_1
t_17485	20_1
t_17486	20_1
t_17487	20_1
t_17488	20_1
t_17489	20_1
t_17490	20_1
t_17491	20_1
t_17492	20_1
t_17493	20_2
t_17494	20_2
t_17495	20_2
t_17496	20_2
t_17497	20_2
t_17498	20_2
t_17499	20_2
t_17500	20_2
t_17501	20_2
t_17502	20_2
t_17503	20_2
t_17504	20_2
t_17505	20_2
t_17506	20_2
t_17507	20_2
t_17508	20_2
t_17509	20_2
t_17510	20_2
t_17511	20_2
t_17512	20_2
t_17513	20_2
t_17514	20_2
t_17515	20_2
t_17516	20_3
t_17517	20_3
t_17518	20_3
t_17519	20_3
t_17520	20_3
t_17521	20_3
t_17522	20_3
t_17523	20_3
t_17524	20_3
t_17525	20_3
t_17526	20_3
t_17527	20_3
t_17528	20_3
t_17529	20_3
t_17530	20_4
t_17531	20_4
t_17532	20_4
t_17533	20_4
t_17534	20_4
t_17535	20_4
t_17536	20_4
t_17537	20_4
t_17538	20_4
t_17539	20_4
t_17540	20_5
t_17541	20_5
t_17542	20_5
t_17543	20_5
t_17544	20_5
t_17545	20_5
t_17546	20_5
t_17547	20_5
t_17548	20_5
t_17549	20_5
t_17550	20_5
t_17551	20_5
t_17552	20_5
t_17553	20_5
t_17554	20_5
t_17555	20_5
t_17556	20_5
t_17557	20_5
t_17558	20_5
t_17559	20_6
t_17560	20_6
t_17561	20_6
t_17562	20_6
t_17563	20_6
t_17564	20_6
t_17565	20_6
t_17566	20_6
t_17567	20_6
t_17568	20_6
t_17569	20_6
t_17570	20_6
t_17571	20_6
t_17572	20_6
t_17573	20_6
t_17574	20_6
t_17575	20_6
t_17576	20_6
t_17577	20_6
t_17578	20_7
t_17579	20_7
t_17580	20_7
t_17581	20_7
t_17582	20_7
t_17583	20_7
t_17584	20_8
t_17585	20_8
t_17586	20_8
t_17587	20_8
t_17588	20_8
t_17589	20_8
t_17590	20_8
t_17591	20_8
t_17592	20_8
t_17593	20_8
t_17594	20_8
t_17595	20_8
t_17596	20_8
t_17597	20_8
t_17598	20_8
t_17599	20_9
t_17600	20_9
t_17601	20_9
t_17602	20_9
t_17603	20_9
t_17604	20_9
t_17605	20_9
t_17606	20_9
t_17607	20_9
t_17608	20_9
t_17609	20_9
t_17610	20_9
t_17611	20_9
t_17612	20_9
t_17613	20_9
t_17614	20_9
t_17615	20_9
t_17616	20_9
t_17617	20_9
t_17618	20_9
t_17619	20_9
t_17620	20_9
t_17621	20_9
t_17622	20_10
t_17623	20_10
t_17624	20_10
t_17625	20_10
t_17626	20_10
t_17627	20_10
t_17628	20_10
t_17629	20_10
t_17630	20_10
t_17631	20_10
t_17632	20_10
t_17633	20_10
t_17634	20_10
t_17635	20_10
t_17636	20_10
t_17637	20_10
t_17638	20_10
t_17639	20_10
t_17640	20_10
t_17641	20_10
t_17642	20_10
t_17643	20_10
t_17644	20_10
t_17645	20_10
t_17646	20_10
t_17647	20_11
t_17648	20_11
t_17649	20_11
t_17650	20_11
t_17651	20_11
t_17652	20_11
t_17653	20_11
t_17654	20_11
t_17655	20_11
t_17656	20_11
t_17657	20_11
t_17658	20_11
t_17659	20_11
t_17660	20_11
t_17661	20_11
t_17662	20_11
t_17663	20_12
t_17664	20_12
t_17665	20_12
t_17666	20_12
t_17667	20_12
t_17668	20_12
t_17669	20_12
t_17670	20_12
t_17671	20_12
t_17672	20_12
t_17673	20_12
t_17674	20_12
t_17675	20_13
t_17676	20_13
t_17677	20_13
t_17678	20_13
t_17679	20_13
t_17680	20_13
t_17681	20_13
t_17682	20_13
t_17683	20_13
t_17684	20_13
t_17685	20_13
t_17686	20_13
t_17687	20_13
t_17688	20_13
t_17689	20_13
t_17690	20_13
t_17691	20_13
t_17692	20_13
t_17693	20_13
t_17694	20_13
t_17695	20_14
t_17696	20_14
t_17697	20_14
t_17698	20_14
t_17699	20_14
t_17700	20_14
t_17701	20_14
t_17702	20_14
t_17703	20_14
t_17704	20_14
t_17705	20_14
t_17706	20_14
t_17707	20_14
t_17708	20_14
t_17709	20_14
t_17710	20_14
t_17711	20_14
t_17712	20_14
t_17713	20_14
t_17714	20_14
t_17715	20_14
t_17716	20_14
t_17717	20_14
t_17718	20_15
t_17719	20_15
t_17720	20_15
t_17721	20_15
t_17722	20_15
t_17723	20_15
t_17724	20_15
t_17725	20_15
t_17726	20_15
t_17727	20_15
t_17728	20_15
t_17729	20_15
t_17730	20_15
t_17731	20_15
t_17732	20_15
t_17733	20_15
t_17734	20_15
t_17735	20_16
t_17736	20_16
t_17737	20_16
t_17738	20_16
t_17739	20_16
t_17740	20_16
t_17741	20_16
t_17742	20_16
t_17743	20_16
t_17744	20_16
t_17745	20_16
t_17746	20_16
t_17747	20_16
t_17748	20_16
t_17749	20_16
t_17750	20_16
t_17751	20_16
t_17752	20_16
t_17753	20_16
t_17754	20_17
t_17755	20_17
t_17756	20_17
t_17757	20_17
t_17758	20_17
t_17759	20_17
t_17760	20_17
t_17761	20_17
t_17762	20_17
t_17763	20_17
t_17764	20_17
t_17765	20_17
t_17766	20_17
t_17767	20_17
t_17768	20_17
t_17769	20_17
t_17770	20_17
t_17771	20_17
t_17772	20_17
t_17773	20_17
t_17774	20_17
t_17775	20_17
t_17776	20_17
t_17777	20_18
t_17778	20_18
t_17779	20_18
t_17780	20_18
t_17781	20_18
t_17782	20_18
t_17783	20_18
t_17784	20_18
t_17785	20_18
t_17786	20_18
t_17787	20_18
t_17788	20_18
t_17789	20_18
t_17790	20_18
t_17791	20_18
t_17792	20_18
t_17793	20_18
t_17794	20_18
t_17795	20_19
t_17796	20_19
t_17797	20_19
t_17798	20_19
t_17799	20_19
t_17800	20_19
t_17801	20_19
t_17802	20_19
t_17803	20_19
t_17804	20_19
t_17805	20_19
t_17806	20_19
t_17807	20_19
t_17808	20_19
t_17809	20_19
t_17810	20_19
t_17811	20_19
t_17812	20_19
t_17813	20_19
t_17814	20_19
t_17815	20_19
t_17816	20_19
t_17817	20_19
t_17818	20_19
t_17819	20_19
t_17820	20_19
t_17821	20_19
t_17822	20_19
t_17823	20_19
t_17824	20_19
t_17825	20_19
t_17826	20_19
t_17827	20_20
t_17828	20_20
t_17829	20_20
t_17830	20_20
t_17831	20_20
t_17832	20_20
t_17833	20_20
t_17834	20_20
t_17835	20_20
t_17836	20_20
t_17837	20_20
t_17838	20_20
t_17839	20_20
t_17840	20_20
t_17841	20_20
t_17842	20_20
t_17843	20_20
t_17844	20_20
t_17845	20_20
t_17846	20_20
t_17847	20_20
t_17848	20_20
t_17849	20_20
t_17850	20_20
t_17851	20_20
t_17852	20_21
t_17853	20_21
t_17854	20_21
t_17855	20_21
t_17856	20_21
t_17857	20_21
t_17858	20_21
t_17859	20_21
t_17860	20_21
t_17861	20_21
t_17862	20_21
t_17863	20_21
t_17864	20_21
t_17865	20_21
t_17866	20_21
t_17867	20_21
t_17868	20_21
t_17869	20_21
t_17870	20_21
t_17871	20_21
t_17872	20_21
t_17873	20_21
t_17874	20_21
t_17875	20_21
t_17876	20_21
t_17877	20_21
t_17878	20_22
t_17879	20_22
t_17880	20_22
t_17881	20_22
t_17882	20_22
t_17883	20_22
t_17884	20_22
t_17885	20_22
t_17886	20_23
t_17887	20_23
t_17888	20_23
t_17889	20_23
t_17890	20_23
t_17891	20_23
t_17892	20_23
t_17893	20_23
t_17894	20_24
t_17895	20_24
t_17896	20_24
t_17897	20_24
t_17898	20_24
t_17899	20_24
t_17900	20_24
t_17901	20_24
t_17902	20_24
t_17903	20_24
t_17904	20_24
t_17905	20_24
t_17906	20_24
t_17907	20_24
t_17908	20_24
t_17909	20_25
t_17910	20_25
t_17911	20_25
t_17912	20_25
t_17913	20_25
t_17914	20_25
t_17915	20_25
t_17916	20_25
t_17917	20_25
t_17918	20_25
t_17919	20_25
t_17920	20_25
t_17921	20_25
t_17922	20_25
t_17923	20_25
t_17924	20_25
t_17925	20_25
t_17926	20_26
t_17927	20_26
t_17928	20_26
t_17929	20_26
t_17930	20_26
t_17931	20_26
t_17932	20_26
t_17933	20_26
t_17934	20_26
t_17935	20_26
t_17936	20_26
t_17937	20_26
t_17938	20_26
t_17939	20_26
t_17940	20_26
t_17941	20_26
t_17942	20_26
t_17943	20_26
t_17944	20_27
t_17945	20_27
t_17946	20_27
t_17947	20_27
t_17948	20_27
t_17949	20_27
t_17950	20_27
t_17951	20_27
t_17952	20_27
t_17953	20_27
t_17954	20_27
t_17955	20_27
t_17956	20_27
t_17957	20_27
t_17958	20_27
t_17959	20_28
t_17960	20_28
t_17961	20_28
t_17962	20_28
t_17963	20_28
t_17964	20_28
t_17965	20_28
t_17966	20_28
t_17967	20_28
t_17968	20_28
t_17969	20_28
t_17970	20_28
t_17971	20_28
t_17972	20_28
t_17973	20_28
t_17974	20_28
t_17975	20_28
t_17976	20_28
t_17977	20_28
t_17978	20_28
t_17979	20_28
t_17980	20_28
t_17981	20_28
t_17982	20_28
t_17983	20_28
t_17984	20_28
t_17985	20_28
t_17986	20_28
t_17987	20_28
t_17988	20_28
t_17989	20_28
t_17990	20_28
t_17991	20_29
t_17992	20_29
t_17993	20_29
t_17994	20_29
t_17995	20_29
t_17996	20_29
t_17997	20_29
t_17998	20_29
t_17999	20_29
t_18000	20_29
t_18001	20_29
t_18002	20_29
t_18003	20_29
t_18004	20_30
t_18005	20_30
t_18006	20_30
t_18007	20_30
t_18008	20_30
t_18009	20_30
t_18010	20_30
t_18011	20_30
t_18012	20_30
t_18013	20_31
t_18014	20_31
t_18015	20_31
t_18016	20_31
t_18017	20_31
t_18018	20_31
t_18019	20_31
t_18020	20_31
t_18021	20_31
t_18022	20_31
t_18023	20_31
t_18024	20_32
t_18025	20_32
t_18026	20_32
t_18027	20_32
t_18028	20_32
t_18029	20_32
t_18030	20_33
t_18031	20_33
t_18032	20_33
t_18033	20_33
t_18034	20_33
t_18035	20_33
t_18036	20_33
t_18037	20_33
t_18038	20_33
t_18039	20_33
t_18040	20_33
t_18041	20_33
t_18042	20_33
t_18043	20_33
t_18044	20_33
t_18045	20_33
t_18046	20_33
t_18047	20_33
t_18048	20_34
t_18049	20_34
t_18050	20_34
t_18051	20_34
t_18052	20_34
t_18053	20_34
t_18054	20_34
t_18055	20_34
t_18056	20_34
t_18057	20_34
t_18058	20_34
t_18059	20_34
t_18060	20_34
t_18061	20_34
t_18062	20_35
t_18063	20_35
t_18064	20_35
t_18065	20_35
t_18066	20_35
t_18067	20_35
t_18068	20_35
t_18069	20_35
t_18070	20_35
t_18071	20_35
t_18072	20_35
t_18073	20_35
t_18074	20_35
t_18075	20_35
t_18076	20_35
t_18077	20_35
t_18078	20_35
t_18079	20_35
t_18080	20_35
t_18081	20_35
t_18082	20_36
t_18083	20_36
t_18084	20_36
t_18085	20_36
t_18086	20_36
t_18087	20_36
t_18088	20_36
t_18089	20_36
t_18090	20_36
t_18091	20_36
t_18092	20_36
t_18093	20_36
t_18094	20_36
t_18095	20_36
t_18096	20_36
t_18097	20_36
t_18098	20_36
t_18099	20_36
t_18100	20_36
t_18101	20_36
t_18102	20_37
t_18103	20_37
t_18104	20_37
t_18105	20_37
t_18106	20_37
t_18107	20_37
t_18108	20_37
t_18109	20_37
t_18110	20_37
t_18111	20_37
t_18112	20_37
t_18113	20_37
t_18114	20_37
t_18115	20_37
t_18116	20_37
t_18117	20_37
t_18118	20_37
t_18119	20_37
t_18120	20_37
t_18121	20_37
t_18122	20_37
t_18123	20_37
t_18124	20_37
t_18125	20_37
t_18126	20_37
t_18127	20_38
t_18128	20_38
t_18129	20_38
t_18130	20_38
t_18131	20_38
t_18132	20_38
t_18133	20_38
t_18134	20_38
t_18135	20_38
t_18136	20_38
t_18137	20_38
t_18138	20_38
t_18139	20_38
t_18140	20_39
t_18141	20_39
t_18142	20_39
t_18143	20_39
t_18144	20_39
t_18145	20_39
t_18146	20_39
t_18147	20_39
t_18148	20_39
t_18149	20_39
t_18150	20_39
t_18151	20_40
t_18152	20_40
t_18153	20_40
t_18154	20_40
t_18155	20_40
t_18156	20_40
t_18157	20_40
t_18158	20_41
t_18159	20_41
t_18160	20_41
t_18161	20_41
t_18162	20_41
t_18163	20_41
t_18164	20_41
t_18165	20_41
t_18166	20_41
t_18167	20_41
t_18168	20_41
t_18169	20_41
t_18170	20_42
t_18171	20_42
t_18172	20_42
t_18173	20_42
t_18174	20_42
t_18175	20_42
t_18176	20_42
t_18177	20_42
t_18178	20_42
t_18179	20_42
t_18180	20_42
t_18181	20_42
t_18182	20_42
t_18183	20_42
t_18184	20_42
t_18185	20_42
t_18186	20_43
t_18187	20_43
t_18188	20_43
t_18189	20_43
t_18190	20_43
t_18191	20_43
t_18192	20_43
t_18193	20_43
t_18194	20_43
t_18195	20_43
t_18196	20_43
t_18197	20_44
t_18198	20_44
t_18199	20_44
t_18200	20_44
t_18201	20_44
t_18202	20_44
t_18203	20_44
t_18204	20_44
t_18205	20_44
t_18206	20_44
t_18207	20_44
t_18208	20_44
t_18209	20_45
t_18210	20_45
t_18211	20_45
t_18212	20_45
t_18213	20_45
t_18214	20_45
t_18215	20_45
t_18216	20_45
t_18217	20_46
t_18218	20_46
t_18219	20_46
t_18220	20_46
t_18221	20_46
t_18222	20_46
t_18223	20_46
t_18224	20_46
t_18225	20_46
t_18226	20_46
t_18227	20_46
t_18228	20_46
t_18229	20_46
t_18230	20_46
t_18231	20_46
t_18232	20_46
t_18233	20_46
t_18234	20_46
t_18235	20_46
t_18236	20_46
t_18237	20_46
t_18238	20_46
t_18239	20_46
t_18240	20_46
t_18241	20_46
t_18242	20_46
t_18243	20_47
t_18244	20_47
t_18245	20_47
t_18246	20_47
t_18247	20_47
t_18248	20_47
t_18249	20_47
t_18250	20_47
t_18251	20_47
t_18252	20_47
t_18253	20_47
t_18254	20_47
t_18255	20_47
t_18256	20_47
t_18257	20_47
t_18258	20_47
t_18259	21_1
t_18260	21_1
t_18261	21_1
t_18262	21_1
t_18263	21_1
t_18264	21_1
t_18265	21_1
t_18266	21_1
t_18267	21_1
t_18268	21_1
t_18269	21_1
t_18270	21_1
t_18271	21_1
t_18272	21_2
t_18273	21_2
t_18274	21_2
t_18275	21_2
t_18276	21_2
t_18277	21_2
t_18278	21_2
t_18279	21_2
t_18280	21_2
t_18281	21_2
t_18282	21_3
t_18283	21_3
t_18284	21_3
t_18285	21_3
t_18286	21_3
t_18287	21_3
t_18288	21_3
t_18289	21_3
t_18290	21_3
t_18291	21_3
t_18292	21_3
t_18293	21_3
t_18294	21_3
t_18295	21_3
t_18296	21_3
t_18297	21_4
t_18298	21_4
t_18299	21_4
t_18300	21_4
t_18301	21_4
t_18302	21_4
t_18303	21_4
t_18304	21_4
t_18305	21_4
t_18306	21_4
t_18307	21_4
t_18308	21_4
t_18309	21_4
t_18310	21_4
t_18311	21_4
t_18312	21_4
t_18313	21_4
t_18314	21_4
t_18315	21_4
t_18316	21_4
t_18317	21_4
t_18318	21_4
t_18319	21_4
t_18320	21_4
t_18321	21_4
t_18322	21_5
t_18323	21_5
t_18324	21_5
t_18325	21_5
t_18326	21_5
t_18327	21_5
t_18328	21_5
t_18329	21_5
t_18330	21_5
t_18331	21_5
t_18332	21_5
t_18333	21_5
t_18334	21_5
t_18335	21_5
t_18336	21_6
t_18337	21_6
t_18338	21_6
t_18339	21_6
t_18340	21_6
t_18341	21_6
t_18342	21_6
t_18343	21_6
t_18344	21_6
t_18345	21_6
t_18346	21_6
t_18347	21_6
t_18348	21_6
t_18349	21_6
t_18350	21_6
t_18351	21_6
t_18352	21_6
t_18353	21_6
t_18354	21_6
t_18355	21_7
t_18356	21_7
t_18357	21_7
t_18358	21_7
t_18359	21_7
t_18360	21_7
t_18361	21_7
t_18362	21_7
t_18363	21_7
t_18364	21_7
t_18365	21_7
t_18366	21_7
t_18367	21_7
t_18368	21_7
t_18369	21_7
t_18370	21_7
t_18371	21_7
t_18372	21_7
t_18373	21_7
t_18374	21_7
t_18375	21_8
t_18376	21_8
t_18377	21_8
t_18378	21_8
t_18379	21_8
t_18380	21_8
t_18381	21_8
t_18382	21_8
t_18383	21_8
t_18384	21_8
t_18385	21_8
t_18386	21_8
t_18387	21_8
t_18388	21_8
t_18389	21_8
t_18390	21_8
t_18391	21_8
t_18392	21_8
t_18393	21_8
t_18394	21_8
t_18395	21_8
t_18396	21_8
t_18397	21_8
t_18398	21_8
t_18399	21_8
t_18400	21_8
t_18401	21_8
t_18402	21_9
t_18403	21_9
t_18404	21_9
t_18405	21_9
t_18406	21_9
t_18407	21_9
t_18408	21_9
t_18409	21_9
t_18410	21_9
t_18411	21_9
t_18412	21_9
t_18413	21_9
t_18414	21_9
t_18415	21_9
t_18416	21_9
t_18417	21_9
t_18418	21_9
t_18419	21_9
t_18420	21_9
t_18421	21_9
t_18422	21_9
t_18423	21_9
t_18424	21_10
t_18425	21_10
t_18426	21_10
t_18427	21_10
t_18428	21_10
t_18429	21_10
t_18430	21_10
t_18431	21_10
t_18432	21_10
t_18433	21_10
t_18434	21_10
t_18435	21_10
t_18436	21_11
t_18437	21_11
t_18438	21_11
t_18439	21_11
t_18440	21_11
t_18441	21_11
t_18442	21_11
t_18443	21_11
t_18444	21_11
t_18445	21_11
t_18446	21_11
t_18447	21_11
t_18448	21_11
t_18449	21_11
t_18450	21_11
t_18451	21_11
t_18452	21_11
t_18453	21_11
t_18454	21_11
t_18455	21_11
t_18456	21_12
t_18457	21_12
t_18458	21_12
t_18459	21_12
t_18460	21_12
t_18461	21_12
t_18462	21_12
t_18463	21_12
t_18464	21_12
t_18465	21_12
t_18466	21_12
t_18467	21_12
t_18468	21_12
t_18469	21_12
t_18470	21_12
t_18471	21_12
t_18472	21_12
t_18473	21_12
t_18474	21_12
t_18475	21_12
t_18476	21_12
t_18477	21_12
t_18478	21_12
t_18479	21_12
t_18480	21_12
t_18481	21_12
t_18482	21_12
t_18483	21_12
t_18484	21_12
t_18485	21_12
t_18486	21_13
t_18487	21_13
t_18488	21_13
t_18489	21_13
t_18490	21_13
t_18491	21_14
t_18492	21_14
t_18493	21_14
t_18494	21_14
t_18495	21_14
t_18496	21_14
t_18497	21_14
t_18498	21_14
t_18499	21_14
t_18500	21_14
t_18501	21_15
t_18502	21_15
t_18503	21_15
t_18504	21_15
t_18505	21_15
t_18506	21_15
t_18507	21_15
t_18508	21_15
t_18509	21_15
t_18510	21_15
t_18511	21_15
t_18512	21_15
t_18513	21_15
t_18514	21_15
t_18515	21_15
t_18516	21_15
t_18517	21_15
t_18518	21_15
t_18519	21_16
t_18520	21_16
t_18521	21_16
t_18522	21_16
t_18523	21_16
t_18524	21_16
t_18525	21_16
t_18526	21_16
t_18527	21_16
t_18528	21_16
t_18529	21_16
t_18530	21_16
t_18531	21_16
t_18532	21_16
t_18533	21_16
t_18534	21_16
t_18535	21_16
t_18536	21_17
t_18537	21_17
t_18538	21_17
t_18539	21_17
t_18540	21_17
t_18541	21_17
t_18542	21_17
t_18543	21_17
t_18544	21_17
t_18545	21_17
t_18546	21_18
t_18547	21_18
t_18548	21_18
t_18549	21_18
t_18550	21_18
t_18551	21_18
t_18552	21_18
t_18553	21_18
t_18554	21_18
t_18555	21_18
t_18556	21_19
t_18557	21_19
t_18558	21_19
t_18559	21_19
t_18560	21_19
t_18561	21_19
t_18562	21_19
t_18563	21_19
t_18564	21_19
t_18565	21_20
t_18566	21_20
t_18567	21_20
t_18568	21_20
t_18569	21_20
t_18570	21_20
t_18571	21_20
t_18572	21_20
t_18573	21_20
t_18574	21_20
t_18575	21_20
t_18576	21_20
t_18577	21_20
t_18578	21_20
t_18579	21_20
t_18580	21_20
t_18581	21_21
t_18582	21_21
t_18583	21_21
t_18584	21_21
t_18585	21_21
t_18586	21_21
t_18587	21_21
t_18588	21_21
t_18589	21_21
t_18590	21_21
t_18591	21_21
t_18592	21_21
t_18593	21_21
t_18594	21_21
t_18595	21_21
t_18596	21_21
t_18597	21_21
t_18598	21_21
t_18599	21_21
t_18600	21_21
t_18601	21_21
t_18602	21_21
t_18603	21_21
t_18604	21_21
t_18605	21_21
t_18606	21_21
t_18607	21_21
t_18608	21_22
t_18609	21_22
t_18610	21_22
t_18611	21_22
t_18612	21_22
t_18613	21_22
t_18614	21_22
t_18615	21_22
t_18616	21_22
t_18617	21_22
t_18618	21_22
t_18619	21_23
t_18620	21_23
t_18621	21_23
t_18622	21_23
t_18623	21_23
t_18624	21_23
t_18625	21_23
t_18626	21_23
t_18627	21_23
t_18628	21_23
t_18629	21_23
t_18630	21_23
t_18631	21_23
t_18632	21_23
t_18633	21_23
t_18634	21_23
t_18635	21_23
t_18636	21_23
t_18637	21_23
t_18638	21_23
t_18639	21_23
t_18640	21_23
t_18641	21_23
t_18642	21_23
t_18643	21_23
t_18644	21_23
t_18645	21_24
t_18646	21_24
t_18647	21_24
t_18648	21_24
t_18649	21_24
t_18650	21_24
t_18651	21_24
t_18652	21_24
t_18653	21_24
t_18654	21_24
t_18655	21_24
t_18656	21_24
t_18657	21_24
t_18658	21_24
t_18659	21_24
t_18660	21_24
t_18661	21_24
t_18662	21_24
t_18663	21_24
t_18664	21_24
t_18665	21_24
t_18666	21_24
t_18667	21_24
t_18668	21_24
t_18669	21_24
t_18670	21_24
t_18671	21_24
t_18672	21_24
t_18673	21_25
t_18674	21_25
t_18675	21_25
t_18676	21_25
t_18677	21_25
t_18678	21_25
t_18679	21_25
t_18680	21_25
t_18681	21_25
t_18682	21_25
t_18683	21_25
t_18684	21_25
t_18685	21_25
t_18686	21_25
t_18687	21_25
t_18688	21_25
t_18689	21_25
t_18690	21_25
t_18691	21_25
t_18692	21_25
t_18693	21_25
t_18694	21_25
t_18695	21_25
t_18696	21_26
t_18697	21_26
t_18698	21_26
t_18699	21_26
t_18700	21_26
t_18701	21_26
t_18702	21_26
t_18703	21_26
t_18704	21_26
t_18705	21_26
t_18706	21_26
t_18707	21_26
t_18708	21_26
t_18709	21_26
t_18710	21_26
t_18711	21_26
t_18712	21_26
t_18713	21_26
t_18714	21_27
t_18715	21_27
t_18716	21_27
t_18717	21_27
t_18718	21_27
t_18719	21_27
t_18720	21_27
t_18721	21_27
t_18722	21_27
t_18723	21_27
t_18724	21_27
t_18725	21_27
t_18726	21_27
t_18727	21_27
t_18728	21_27
t_18729	21_27
t_18730	21_28
t_18731	21_28
t_18732	21_28
t_18733	21_28
t_18734	21_28
t_18735	21_28
t_18736	21_28
t_18737	21_28
t_18738	21_28
t_18739	21_28
t_18740	21_28
t_18741	21_28
t_18742	21_28
t_18743	21_28
t_18744	21_28
t_18745	21_28
t_18746	21_28
t_18747	21_28
t_18748	21_29
t_18749	21_29
t_18750	21_29
t_18751	21_29
t_18752	21_29
t_18753	21_29
t_18754	21_29
t_18755	21_29
t_18756	21_29
t_18757	21_29
t_18758	21_29
t_18759	21_29
t_18760	21_30
t_18761	21_30
t_18762	21_30
t_18763	21_30
t_18764	21_30
t_18765	21_30
t_18766	21_30
t_18767	21_30
t_18768	21_30
t_18769	21_30
t_18770	21_30
t_18771	21_30
t_18772	21_30
t_18773	21_30
t_18774	21_30
t_18775	21_31
t_18776	21_31
t_18777	21_31
t_18778	21_31
t_18779	21_31
t_18780	21_31
t_18781	21_31
t_18782	21_31
t_18783	21_31
t_18784	21_31
t_18785	21_31
t_18786	21_31
t_18787	21_31
t_18788	21_31
t_18789	21_31
t_18790	21_31
t_18791	21_31
t_18792	21_31
t_18793	21_32
t_18794	21_32
t_18795	21_32
t_18796	21_32
t_18797	21_32
t_18798	21_32
t_18799	21_32
t_18800	21_32
t_18801	21_32
t_18802	21_32
t_18803	21_32
t_18804	21_32
t_18805	21_32
t_18806	21_32
t_18807	21_32
t_18808	21_32
t_18809	21_32
t_18810	21_33
t_18811	21_33
t_18812	21_33
t_18813	21_33
t_18814	21_33
t_18815	21_33
t_18816	21_33
t_18817	21_33
t_18818	21_33
t_18819	21_33
t_18820	21_33
t_18821	21_33
t_18822	21_33
t_18823	21_33
t_18824	21_33
t_18825	21_34
t_18826	21_34
t_18827	21_34
t_18828	21_34
t_18829	21_34
t_18830	21_34
t_18831	21_34
t_18832	21_34
t_18833	21_34
t_18834	21_34
t_18835	21_34
t_18836	21_34
t_18837	21_34
t_18838	21_34
t_18839	21_34
t_18840	21_34
t_18841	21_34
t_18842	21_34
t_18843	21_34
t_18844	21_34
t_18845	21_34
t_18846	21_34
t_18847	21_34
t_18848	21_34
t_18849	21_34
t_18850	21_34
t_18851	21_34
t_18852	21_34
t_18853	21_35
t_18854	21_35
t_18855	21_35
t_18856	21_35
t_18857	21_35
t_18858	21_35
t_18859	21_35
t_18860	21_35
t_18861	21_35
t_18862	21_35
t_18863	21_35
t_18864	21_35
t_18865	21_36
t_18866	21_36
t_18867	21_36
t_18868	21_36
t_18869	21_36
t_18870	21_36
t_18871	21_36
t_18872	21_36
t_18873	21_36
t_18874	21_36
t_18875	21_36
t_18876	21_36
t_18877	21_36
t_18878	21_36
t_18879	21_36
t_18880	21_36
t_18881	21_36
t_18882	21_36
t_18883	21_36
t_18884	21_36
t_18885	21_36
t_18886	21_36
t_18887	21_36
t_18888	21_37
t_18889	21_37
t_18890	21_37
t_18891	21_37
t_18892	21_37
t_18893	21_37
t_18894	21_37
t_18895	21_37
t_18896	21_37
t_18897	21_37
t_18898	21_37
t_18899	21_37
t_18900	21_37
t_18901	21_37
t_18902	21_37
t_18903	21_37
t_18904	21_37
t_18905	21_37
t_18906	21_37
t_18907	21_37
t_18908	21_37
t_18909	21_38
t_18910	21_38
t_18911	21_38
t_18912	21_38
t_18913	21_38
t_18914	21_38
t_18915	21_38
t_18916	21_38
t_18917	21_38
t_18918	21_38
t_18919	21_38
t_18920	21_38
t_18921	21_38
t_18922	22_1
t_18923	22_1
t_18924	22_1
t_18925	22_1
t_18926	22_1
t_18927	22_1
t_18928	22_1
t_18929	22_1
t_18930	22_1
t_18931	22_1
t_18932	22_2
t_18933	22_2
t_18934	22_2
t_18935	22_2
t_18936	22_2
t_18937	22_2
t_18938	22_2
t_18939	22_2
t_18940	22_2
t_18941	22_2
t_18942	22_2
t_18943	22_2
t_18944	22_2
t_18945	22_2
t_18946	22_2
t_18947	22_2
t_18948	22_2
t_18949	22_3
t_18950	22_3
t_18951	22_3
t_18952	22_3
t_18953	22_3
t_18954	22_3
t_18955	22_3
t_18956	22_3
t_18957	22_3
t_18958	22_3
t_18959	22_3
t_18960	22_3
t_18961	22_3
t_18962	22_3
t_18963	22_3
t_18964	22_3
t_18965	22_4
t_18966	22_4
t_18967	22_4
t_18968	22_4
t_18969	22_4
t_18970	22_4
t_18971	22_4
t_18972	22_4
t_18973	22_4
t_18974	22_4
t_18975	22_4
t_18976	22_4
t_18977	22_4
t_18978	22_5
t_18979	22_5
t_18980	22_5
t_18981	22_5
t_18982	22_5
t_18983	22_5
t_18984	22_5
t_18985	22_5
t_18986	22_6
t_18987	22_6
t_18988	22_6
t_18989	22_6
t_18990	22_6
t_18991	22_6
t_18992	22_6
t_18993	22_6
t_18994	22_6
t_18995	22_6
t_18996	22_6
t_18997	22_6
t_18998	22_6
t_18999	22_7
t_19000	22_7
t_19001	22_7
t_19002	22_7
t_19003	22_7
t_19004	22_7
t_19005	22_7
t_19006	22_7
t_19007	22_7
t_19008	22_7
t_19009	22_7
t_19010	22_7
t_19011	22_7
t_19012	22_8
t_19013	22_8
t_19014	22_8
t_19015	22_8
t_19016	22_8
t_19017	22_8
t_19018	22_8
t_19019	22_8
t_19020	22_8
t_19021	22_8
t_19022	22_8
t_19023	22_8
t_19024	22_8
t_19025	22_8
t_19026	22_9
t_19027	22_9
t_19028	22_9
t_19029	22_9
t_19030	22_9
t_19031	22_9
t_19032	22_9
t_19033	22_9
t_19034	22_10
t_19035	22_10
t_19036	22_10
t_19037	22_10
t_19038	22_10
t_19039	22_10
t_19040	22_10
t_19041	22_10
t_19042	22_10
t_19043	22_10
t_19044	22_10
t_19045	22_10
t_19046	22_10
t_19047	22_10
t_19048	22_10
t_19049	22_10
t_19050	22_10
t_19051	22_10
t_19052	22_10
t_19053	22_10
t_19054	22_10
t_19055	22_10
t_19056	22_10
t_19057	22_10
t_19058	22_10
t_19059	22_10
t_19060	22_11
t_19061	22_11
t_19062	22_11
t_19063	22_11
t_19064	22_11
t_19065	22_11
t_19066	22_11
t_19067	22_11
t_19068	22_11
t_19069	22_11
t_19070	22_11
t_19071	22_11
t_19072	22_11
t_19073	22_11
t_19074	22_11
t_19075	22_11
t_19076	22_11
t_19077	22_11
t_19078	22_11
t_19079	22_11
t_19080	22_11
t_19081	22_11
t_19082	22_11
t_19083	22_12
t_19084	22_12
t_19085	22_12
t_19086	22_12
t_19087	22_12
t_19088	22_12
t_19089	22_12
t_19090	22_12
t_19091	22_12
t_19092	22_12
t_19093	22_12
t_19094	22_13
t_19095	22_13
t_19096	22_13
t_19097	22_13
t_19098	22_13
t_19099	22_13
t_19100	22_13
t_19101	22_13
t_19102	22_13
t_19103	22_13
t_19104	22_13
t_19105	22_13
t_19106	22_14
t_19107	22_14
t_19108	22_14
t_19109	22_14
t_19110	22_14
t_19111	22_14
t_19112	22_14
t_19113	22_14
t_19114	22_14
t_19115	22_14
t_19116	22_14
t_19117	22_14
t_19118	22_14
t_19119	22_15
t_19120	22_15
t_19121	22_15
t_19122	22_15
t_19123	22_15
t_19124	22_15
t_19125	22_15
t_19126	22_15
t_19127	22_15
t_19128	22_15
t_19129	22_15
t_19130	22_15
t_19131	22_15
t_19132	22_15
t_19133	22_15
t_19134	22_15
t_19135	22_15
t_19136	22_16
t_19137	22_16
t_19138	22_16
t_19139	22_16
t_19140	22_16
t_19141	22_16
t_19142	22_16
t_19143	22_16
t_19144	22_16
t_19145	22_16
t_19146	22_16
t_19147	22_16
t_19148	22_16
t_19149	22_16
t_19150	22_16
t_19151	22_16
t_19152	22_16
t_19153	22_17
t_19154	22_17
t_19155	22_17
t_19156	22_17
t_19157	22_17
t_19158	22_17
t_19159	22_17
t_19160	22_17
t_19161	22_17
t_19162	22_17
t_19163	22_17
t_19164	22_17
t_19165	22_18
t_19166	22_18
t_19167	22_18
t_19168	22_18
t_19169	22_18
t_19170	22_18
t_19171	22_18
t_19172	22_18
t_19173	22_18
t_19174	22_18
t_19175	22_18
t_19176	22_18
t_19177	22_18
t_19178	22_18
t_19179	22_18
t_19180	22_18
t_19181	22_18
t_19182	22_18
t_19183	22_18
t_19184	22_18
t_19185	22_18
t_19186	22_18
t_19187	22_18
t_19188	22_19
t_19189	22_19
t_19190	22_19
t_19191	22_19
t_19192	22_19
t_19193	22_19
t_19194	22_19
t_19195	22_19
t_19196	22_19
t_19197	22_19
t_19198	22_19
t_19199	22_19
t_19200	22_19
t_19201	22_19
t_19202	22_19
t_19203	22_19
t_19204	22_19
t_19205	22_19
t_19206	22_19
t_19207	22_19
t_19208	22_19
t_19209	22_19
t_19210	22_19
t_19211	22_19
t_19212	22_19
t_19213	22_19
t_19214	22_19
t_19215	22_20
t_19216	22_20
t_19217	22_20
t_19218	22_20
t_19219	22_20
t_19220	22_20
t_19221	22_20
t_19222	22_20
t_19223	22_20
t_19224	22_20
t_19225	22_20
t_19226	22_20
t_19227	22_20
t_19228	22_20
t_19229	22_20
t_19230	22_20
t_19231	22_20
t_19232	22_20
t_19233	22_20
t_19234	22_20
t_19235	22_20
t_19236	22_20
t_19237	22_20
t_19238	22_20
t_19239	22_20
t_19240	22_20
t_19241	22_21
t_19242	22_21
t_19243	22_21
t_19244	22_21
t_19245	22_21
t_19246	22_21
t_19247	22_21
t_19248	22_21
t_19249	22_21
t_19250	22_21
t_19251	22_21
t_19252	22_21
t_19253	22_21
t_19254	22_22
t_19255	22_22
t_19256	22_22
t_19257	22_22
t_19258	22_22
t_19259	22_22
t_19260	22_22
t_19261	22_22
t_19262	22_22
t_19263	22_22
t_19264	22_22
t_19265	22_22
t_19266	22_22
t_19267	22_22
t_19268	22_22
t_19269	22_22
t_19270	22_22
t_19271	22_22
t_19272	22_22
t_19273	22_22
t_19274	22_23
t_19275	22_23
t_19276	22_23
t_19277	22_23
t_19278	22_23
t_19279	22_23
t_19280	22_23
t_19281	22_23
t_19282	22_23
t_19283	22_23
t_19284	22_23
t_19285	22_23
t_19286	22_23
t_19287	22_23
t_19288	22_23
t_19289	22_23
t_19290	22_23
t_19291	22_24
t_19292	22_24
t_19293	22_24
t_19294	22_24
t_19295	22_24
t_19296	22_24
t_19297	22_24
t_19298	22_24
t_19299	22_24
t_19300	22_24
t_19301	22_24
t_19302	22_24
t_19303	22_24
t_19304	22_24
t_19305	22_25
t_19306	22_25
t_19307	22_25
t_19308	22_25
t_19309	22_25
t_19310	22_25
t_19311	22_25
t_19312	22_25
t_19313	22_25
t_19314	22_25
t_19315	22_25
t_19316	22_25
t_19317	22_25
t_19318	22_25
t_19319	22_25
t_19320	22_25
t_19321	22_25
t_19322	22_26
t_19323	22_26
t_19324	22_26
t_19325	22_26
t_19326	22_26
t_19327	22_26
t_19328	22_26
t_19329	22_26
t_19330	22_26
t_19331	22_26
t_19332	22_26
t_19333	22_26
t_19334	22_26
t_19335	22_26
t_19336	22_26
t_19337	22_26
t_19338	22_26
t_19339	22_26
t_19340	22_26
t_19341	22_26
t_19342	22_26
t_19343	22_26
t_19344	22_27
t_19345	22_27
t_19346	22_27
t_19347	22_27
t_19348	22_27
t_19349	22_27
t_19350	22_27
t_19351	22_27
t_19352	22_27
t_19353	22_27
t_19354	22_27
t_19355	22_27
t_19356	22_27
t_19357	22_27
t_19358	22_27
t_19359	22_27
t_19360	22_27
t_19361	22_27
t_19362	22_27
t_19363	22_27
t_19364	22_27
t_19365	22_27
t_19366	22_27
t_19367	22_27
t_19368	22_28
t_19369	22_28
t_19370	22_28
t_19371	22_28
t_19372	22_28
t_19373	22_28
t_19374	22_28
t_19375	22_28
t_19376	22_28
t_19377	22_28
t_19378	22_28
t_19379	22_28
t_19380	22_29
t_19381	22_29
t_19382	22_29
t_19383	22_29
t_19384	22_29
t_19385	22_29
t_19386	22_29
t_19387	22_29
t_19388	22_29
t_19389	22_29
t_19390	22_29
t_19391	22_29
t_19392	22_29
t_19393	22_30
t_19394	22_30
t_19395	22_30
t_19396	22_30
t_19397	22_30
t_19398	22_30
t_19399	22_30
t_19400	22_30
t_19401	22_30
t_19402	22_30
t_19403	22_30
t_19404	22_30
t_19405	22_30
t_19406	22_30
t_19407	22_30
t_19408	22_30
t_19409	22_30
t_19410	22_30
t_19411	22_30
t_19412	22_30
t_19413	22_30
t_19414	22_30
t_19415	22_30
t_19416	22_30
t_19417	22_31
t_19418	22_31
t_19419	22_31
t_19420	22_31
t_19421	22_31
t_19422	22_31
t_19423	22_31
t_19424	22_31
t_19425	22_31
t_19426	22_31
t_19427	22_31
t_19428	22_31
t_19429	22_31
t_19430	22_31
t_19431	22_32
t_19432	22_32
t_19433	22_32
t_19434	22_32
t_19435	22_32
t_19436	22_32
t_19437	22_32
t_19438	22_32
t_19439	22_32
t_19440	22_32
t_19441	22_32
t_19442	22_32
t_19443	22_32
t_19444	22_32
t_19445	22_32
t_19446	22_32
t_19447	22_32
t_19448	22_32
t_19449	22_32
t_19450	22_32
t_19451	22_32
t_19452	22_33
t_19453	22_33
t_19454	22_33
t_19455	22_33
t_19456	22_33
t_19457	22_33
t_19458	22_33
t_19459	22_33
t_19460	22_33
t_19461	22_33
t_19462	22_33
t_19463	22_33
t_19464	22_33
t_19465	22_33
t_19466	22_33
t_19467	22_33
t_19468	22_33
t_19469	22_33
t_19470	22_34
t_19471	22_34
t_19472	22_34
t_19473	22_34
t_19474	22_34
t_19475	22_34
t_19476	22_34
t_19477	22_34
t_19478	22_34
t_19479	22_34
t_19480	22_34
t_19481	22_34
t_19482	22_34
t_19483	22_34
t_19484	22_34
t_19485	22_34
t_19486	22_34
t_19487	22_34
t_19488	22_35
t_19489	22_35
t_19490	22_35
t_19491	22_35
t_19492	22_35
t_19493	22_35
t_19494	22_35
t_19495	22_35
t_19496	22_35
t_19497	22_35
t_19498	22_35
t_19499	22_35
t_19500	22_35
t_19501	22_35
t_19502	22_35
t_19503	22_35
t_19504	22_35
t_19505	22_35
t_19506	22_35
t_19507	22_35
t_19508	22_35
t_19509	22_35
t_19510	22_36
t_19511	22_36
t_19512	22_36
t_19513	22_36
t_19514	22_36
t_19515	22_36
t_19516	22_36
t_19517	22_36
t_19518	22_36
t_19519	22_36
t_19520	22_36
t_19521	22_36
t_19522	22_36
t_19523	22_36
t_19524	22_36
t_19525	22_36
t_19526	22_36
t_19527	22_36
t_19528	22_36
t_19529	22_36
t_19530	22_36
t_19531	22_36
t_19532	22_36
t_19533	22_36
t_19534	22_36
t_19535	22_36
t_19536	22_37
t_19537	22_37
t_19538	22_37
t_19539	22_37
t_19540	22_37
t_19541	22_37
t_19542	22_37
t_19543	22_37
t_19544	22_37
t_19545	22_37
t_19546	22_37
t_19547	22_37
t_19548	22_37
t_19549	22_37
t_19550	22_37
t_19551	22_37
t_19552	22_37
t_19553	22_37
t_19554	22_37
t_19555	22_37
t_19556	22_37
t_19557	22_37
t_19558	22_37
t_19559	22_37
t_19560	22_37
t_19561	22_37
t_19562	22_38
t_19563	22_38
t_19564	22_38
t_19565	22_38
t_19566	22_38
t_19567	22_38
t_19568	22_38
t_19569	22_38
t_19570	22_38
t_19571	22_38
t_19572	22_38
t_19573	22_38
t_19574	22_38
t_19575	22_38
t_19576	22_38
t_19577	22_38
t_19578	22_38
t_19579	22_39
t_19580	22_39
t_19581	22_39
t_19582	22_39
t_19583	22_39
t_19584	22_39
t_19585	22_39
t_19586	22_39
t_19587	22_39
t_19588	22_39
t_19589	22_39
t_19590	22_39
t_19591	22_39
t_19592	22_39
t_19593	22_39
t_19594	22_39
t_19595	22_39
t_19596	22_39
t_19597	22_39
t_19598	22_39
t_19599	22_39
t_19600	22_40
t_19601	22_40
t_19602	22_40
t_19603	22_40
t_19604	22_40
t_19605	22_40
t_19606	22_40
t_19607	22_40
t_19608	22_40
t_19609	22_40
t_19610	22_40
t_19611	22_40
t_19612	22_40
t_19613	22_41
t_19614	22_41
t_19615	22_41
t_19616	22_41
t_19617	22_41
t_19618	22_41
t_19619	22_41
t_19620	22_41
t_19621	22_41
t_19622	22_41
t_19623	22_41
t_19624	22_41
t_19625	22_41
t_19626	22_41
t_19627	22_41
t_19628	22_41
t_19629	22_41
t_19630	22_42
t_19631	22_42
t_19632	22_42
t_19633	22_42
t_19634	22_42
t_19635	22_42
t_19636	22_42
t_19637	22_42
t_19638	22_42
t_19639	22_42
t_19640	22_42
t_19641	22_42
t_19642	22_42
t_19643	22_42
t_19644	22_42
t_19645	22_42
t_19646	22_42
t_19647	22_42
t_19648	22_42
t_19649	22_43
t_19650	22_43
t_19651	22_43
t_19652	22_43
t_19653	22_43
t_19654	22_43
t_19655	22_43
t_19656	22_43
t_19657	22_43
t_19658	22_43
t_19659	22_43
t_19660	22_44
t_19661	22_44
t_19662	22_44
t_19663	22_44
t_19664	22_44
t_19665	22_44
t_19666	22_44
t_19667	22_44
t_19668	22_44
t_19669	22_44
t_19670	22_44
t_19671	22_44
t_19672	22_44
t_19673	22_44
t_19674	22_44
t_19675	22_44
t_19676	22_44
t_19677	22_44
t_19678	22_44
t_19679	22_44
t_19680	22_44
t_19681	22_45
t_19682	22_45
t_19683	22_45
t_19684	22_45
t_19685	22_45
t_19686	22_45
t_19687	22_45
t_19688	22_45
t_19689	22_45
t_19690	22_45
t_19691	22_45
t_19692	22_45
t_19693	22_45
t_19694	22_45
t_19695	22_45
t_19696	22_45
t_19697	22_45
t_19698	22_45
t_19699	22_45
t_19700	22_45
t_19701	22_45
t_19702	22_45
t_19703	22_46
t_19704	22_46
t_19705	22_46
t_19706	22_46
t_19707	22_46
t_19708	22_46
t_19709	22_46
t_19710	22_46
t_19711	22_46
t_19712	22_47
t_19713	22_47
t_19714	22_47
t_19715	22_47
t_19716	22_47
t_19717	22_47
t_19718	22_47
t_19719	22_47
t_19720	22_47
t_19721	22_47
t_19722	22_47
t_19723	22_47
t_19724	22_47
t_19725	22_47
t_19726	22_47
t_19727	22_47
t_19728	22_47
t_19729	22_47
t_19730	22_47
t_19731	22_47
t_19732	22_47
t_19733	22_47
t_19734	22_47
t_19735	22_48
t_19736	22_48
t_19737	22_48
t_19738	22_48
t_19739	22_48
t_19740	22_48
t_19741	22_48
t_19742	22_48
t_19743	22_48
t_19744	22_48
t_19745	22_48
t_19746	22_48
t_19747	22_48
t_19748	22_49
t_19749	22_49
t_19750	22_49
t_19751	22_49
t_19752	22_49
t_19753	22_49
t_19754	22_49
t_19755	22_49
t_19756	22_49
t_19757	22_49
t_19758	22_49
t_19759	22_49
t_19760	22_49
t_19761	22_49
t_19762	22_49
t_19763	22_50
t_19764	22_50
t_19765	22_50
t_19766	22_50
t_19767	22_50
t_19768	22_50
t_19769	22_50
t_19770	22_50
t_19771	22_50
t_19772	22_50
t_19773	22_50
t_19774	22_50
t_19775	22_50
t_19776	22_50
t_19777	22_50
t_19778	22_50
t_19779	22_50
t_19780	22_50
t_19781	22_51
t_19782	22_51
t_19783	22_51
t_19784	22_51
t_19785	22_51
t_19786	22_51
t_19787	22_51
t_19788	22_51
t_19789	22_51
t_19790	22_51
t_19791	22_51
t_19792	22_51
t_19793	22_51
t_19794	22_51
t_19795	22_51
t_19796	22_51
t_19797	22_51
t_19798	22_51
t_19799	22_52
t_19800	22_52
t_19801	22_52
t_19802	22_52
t_19803	22_52
t_19804	22_52
t_19805	22_52
t_19806	22_52
t_19807	22_52
t_19808	22_52
t_19809	22_52
t_19810	22_52
t_19811	22_52
t_19812	22_52
t_19813	22_52
t_19814	22_52
t_19815	22_52
t_19816	22_52
t_19817	22_52
t_19818	22_52
t_19819	22_52
t_19820	22_52
t_19821	22_52
t_19822	22_52
t_19823	22_53
t_19824	22_53
t_19825	22_53
t_19826	22_53
t_19827	22_53
t_19828	22_53
t_19829	22_53
t_19830	22_53
t_19831	22_53
t_19832	22_53
t_19833	22_53
t_19834	22_53
t_19835	22_53
t_19836	22_53
t_19837	22_53
t_19838	22_53
t_19839	22_53
t_19840	22_53
t_19841	22_53
t_19842	22_53
t_19843	22_53
t_19844	22_53
t_19845	22_53
t_19846	22_53
t_19847	22_53
t_19848	22_53
t_19849	22_53
t_19850	22_53
t_19851	22_54
t_19852	22_54
t_19853	22_54
t_19854	22_54
t_19855	22_54
t_19856	22_54
t_19857	22_54
t_19858	22_54
t_19859	22_54
t_19860	22_54
t_19861	22_54
t_19862	22_54
t_19863	22_54
t_19864	22_54
t_19865	22_54
t_19866	22_54
t_19867	22_54
t_19868	22_54
t_19869	22_55
t_19870	22_55
t_19871	22_55
t_19872	22_55
t_19873	22_55
t_19874	22_55
t_19875	22_55
t_19876	22_55
t_19877	22_55
t_19878	22_55
t_19879	22_55
t_19880	22_55
t_19881	22_55
t_19882	22_55
t_19883	22_55
t_19884	22_56
t_19885	22_56
t_19886	22_56
t_19887	22_56
t_19888	22_56
t_19889	22_56
t_19890	22_56
t_19891	22_56
t_19892	22_56
t_19893	22_56
t_19894	22_56
t_19895	22_56
t_19896	22_56
t_19897	22_56
t_19898	22_56
t_19899	22_56
t_19900	22_56
t_19901	22_56
t_19902	22_56
t_19903	22_57
t_19904	22_57
t_19905	22_57
t_19906	22_57
t_19907	22_57
t_19908	22_57
t_19909	22_57
t_19910	22_57
t_19911	22_57
t_19912	22_57
t_19913	22_58
t_19914	22_58
t_19915	22_58
t_19916	22_58
t_19917	22_58
t_19918	22_58
t_19919	22_58
t_19920	22_58
t_19921	22_58
t_19922	22_58
t_19923	22_58
t_19924	22_58
t_19925	22_58
t_19926	22_58
t_19927	22_58
t_19928	22_58
t_19929	22_58
t_19930	22_58
t_19931	22_58
t_19932	22_58
t_19933	22_58
t_19934	22_58
t_19935	22_59
t_19936	22_59
t_19937	22_59
t_19938	22_59
t_19939	22_59
t_19940	22_59
t_19941	22_59
t_19942	22_59
t_19943	22_59
t_19944	22_59
t_19945	22_59
t_19946	22_59
t_19947	22_59
t_19948	22_59
t_19949	22_59
t_19950	22_59
t_19951	22_59
t_19952	22_59
t_19953	22_59
t_19954	22_59
t_19955	22_59
t_19956	22_59
t_19957	22_60
t_19958	22_60
t_19959	22_60
t_19960	22_60
t_19961	22_60
t_19962	22_60
t_19963	22_60
t_19964	22_60
t_19965	22_60
t_19966	22_60
t_19967	22_60
t_19968	22_60
t_19969	22_60
t_19970	22_60
t_19971	22_60
t_19972	22_60
t_19973	22_60
t_19974	22_60
t_19975	22_60
t_19976	22_61
t_19977	22_61
t_19978	22_61
t_19979	22_61
t_19980	22_61
t_19981	22_61
t_19982	22_61
t_19983	22_61
t_19984	22_61
t_19985	22_61
t_19986	22_61
t_19987	22_61
t_19988	22_61
t_19989	22_61
t_19990	22_61
t_19991	22_61
t_19992	22_61
t_19993	22_61
t_19994	22_61
t_19995	22_61
t_19996	22_61
t_19997	22_61
t_19998	22_61
t_19999	22_61
t_20000	22_61
t_20001	22_61
t_20002	22_61
t_20003	22_61
t_20004	22_62
t_20005	22_62
t_20006	22_62
t_20007	22_62
t_20008	22_62
t_20009	22_62
t_20010	22_62
t_20011	22_62
t_20012	22_63
t_20013	22_63
t_20014	22_63
t_20015	22_63
t_20016	22_63
t_20017	22_63
t_20018	22_63
t_20019	22_63
t_20020	22_63
t_20021	22_63
t_20022	22_64
t_20023	22_64
t_20024	22_64
t_20025	22_64
t_20026	22_64
t_20027	22_64
t_20028	22_64
t_20029	22_64
t_20030	22_64
t_20031	22_64
t_20032	22_64
t_20033	22_64
t_20034	22_64
t_20035	22_65
t_20036	22_65
t_20037	22_65
t_20038	22_65
t_20039	22_65
t_20040	22_65
t_20041	22_65
t_20042	22_65
t_20043	22_66
t_20044	22_66
t_20045	22_66
t_20046	22_66
t_20047	22_66
t_20048	22_66
t_20049	22_66
t_20050	22_66
t_20051	22_66
t_20052	22_66
t_20053	22_66
t_20054	22_66
t_20055	22_66
t_20056	22_66
t_20057	22_66
t_20058	22_66
t_20059	22_66
t_20060	22_66
t_20061	22_66
t_20062	22_66
t_20063	22_66
t_20064	22_66
t_20065	22_66
t_20066	22_66
t_20067	22_67
t_20068	22_67
t_20069	22_67
t_20070	22_67
t_20071	22_67
t_20072	22_67
t_20073	22_67
t_20074	22_67
t_20075	22_67
t_20076	22_67
t_20077	22_67
t_20078	22_67
t_20079	22_67
t_20080	22_67
t_20081	22_67
t_20082	22_67
t_20083	22_67
t_20084	22_67
t_20085	22_67
t_20086	22_67
t_20087	22_68
t_20088	22_68
t_20089	22_68
t_20090	22_68
t_20091	22_68
t_20092	22_68
t_20093	22_68
t_20094	22_69
t_20095	22_69
t_20096	22_69
t_20097	22_69
t_20098	22_69
t_20099	22_69
t_20100	22_69
t_20101	22_69
t_20102	22_69
t_20103	22_69
t_20104	22_69
t_20105	22_69
t_20106	22_69
t_20107	22_69
t_20108	22_69
t_20109	22_69
t_20110	22_69
t_20111	22_70
t_20112	22_70
t_20113	22_70
t_20114	22_70
t_20115	22_70
t_20116	22_70
t_20117	22_70
t_20118	22_70
t_20119	22_70
t_20120	22_70
t_20121	22_70
t_20122	22_70
t_20123	22_70
t_20124	22_70
t_20125	22_70
t_20126	22_70
t_20127	22_70
t_20128	22_70
t_20129	22_70
t_20130	22_70
t_20131	22_70
t_20132	22_70
t_20133	22_71
t_20134	22_71
t_20135	22_71
t_20136	22_71
t_20137	22_71
t_20138	22_71
t_20139	22_71
t_20140	22_71
t_20141	22_71
t_20142	22_71
t_20143	22_71
t_20144	22_71
t_20145	22_71
t_20146	22_71
t_20147	22_71
t_20148	22_71
t_20149	22_71
t_20150	23_1
t_20151	23_1
t_20152	23_1
t_20153	23_1
t_20154	23_1
t_20155	23_1
t_20156	23_1
t_20157	23_1
t_20158	23_1
t_20159	23_1
t_20160	23_1
t_20161	23_1
t_20162	23_2
t_20163	23_2
t_20164	23_2
t_20165	23_2
t_20166	23_2
t_20167	23_2
t_20168	23_2
t_20169	23_2
t_20170	23_2
t_20171	23_2
t_20172	23_2
t_20173	23_2
t_20174	23_2
t_20175	23_2
t_20176	23_2
t_20177	23_2
t_20178	23_2
t_20179	23_2
t_20180	23_2
t_20181	23_2
t_20182	23_2
t_20183	23_2
t_20184	23_2
t_20185	23_3
t_20186	23_3
t_20187	23_3
t_20188	23_3
t_20189	23_3
t_20190	23_3
t_20191	23_3
t_20192	23_3
t_20193	23_3
t_20194	23_3
t_20195	23_3
t_20196	23_3
t_20197	23_3
t_20198	23_3
t_20199	23_3
t_20200	23_3
t_20201	23_3
t_20202	23_3
t_20203	23_3
t_20204	23_3
t_20205	23_3
t_20206	23_4
t_20207	23_4
t_20208	23_4
t_20209	23_4
t_20210	23_4
t_20211	23_4
t_20212	23_4
t_20213	23_4
t_20214	23_4
t_20215	23_4
t_20216	23_4
t_20217	23_4
t_20218	23_4
t_20219	23_4
t_20220	23_4
t_20221	23_4
t_20222	23_4
t_20223	23_4
t_20224	23_5
t_20225	23_5
t_20226	23_5
t_20227	23_5
t_20228	23_5
t_20229	23_5
t_20230	23_5
t_20231	23_5
t_20232	23_5
t_20233	23_5
t_20234	23_5
t_20235	23_5
t_20236	23_5
t_20237	23_5
t_20238	23_5
t_20239	23_5
t_20240	23_5
t_20241	23_5
t_20242	23_5
t_20243	23_5
t_20244	23_5
t_20245	23_5
t_20246	23_6
t_20247	23_6
t_20248	23_6
t_20249	23_6
t_20250	23_6
t_20251	23_6
t_20252	23_6
t_20253	23_6
t_20254	23_6
t_20255	23_6
t_20256	23_6
t_20257	23_6
t_20258	23_7
t_20259	23_7
t_20260	23_7
t_20261	23_7
t_20262	23_7
t_20263	23_7
t_20264	23_7
t_20265	23_7
t_20266	23_7
t_20267	23_7
t_20268	23_7
t_20269	23_7
t_20270	23_7
t_20271	23_7
t_20272	23_7
t_20273	23_7
t_20274	23_7
t_20275	23_7
t_20276	23_7
t_20277	23_7
t_20278	23_7
t_20279	23_7
t_20280	23_7
t_20281	23_8
t_20282	23_8
t_20283	23_8
t_20284	23_8
t_20285	23_8
t_20286	23_8
t_20287	23_8
t_20288	23_8
t_20289	23_8
t_20290	23_8
t_20291	23_8
t_20292	23_8
t_20293	23_8
t_20294	23_8
t_20295	23_8
t_20296	23_8
t_20297	23_8
t_20298	23_8
t_20299	23_8
t_20300	23_8
t_20301	23_8
t_20302	23_8
t_20303	23_8
t_20304	23_8
t_20305	23_8
t_20306	23_8
t_20307	23_8
t_20308	23_8
t_20309	23_8
t_20310	23_8
t_20311	23_8
t_20312	23_8
t_20313	23_9
t_20314	23_9
t_20315	23_9
t_20316	23_9
t_20317	23_9
t_20318	23_9
t_20319	23_9
t_20320	23_9
t_20321	23_9
t_20322	23_9
t_20323	23_9
t_20324	23_9
t_20325	23_9
t_20326	23_10
t_20327	23_10
t_20328	23_10
t_20329	23_10
t_20330	23_10
t_20331	23_10
t_20332	23_10
t_20333	23_10
t_20334	23_10
t_20335	23_10
t_20336	23_10
t_20337	23_11
t_20338	23_11
t_20339	23_11
t_20340	23_11
t_20341	23_11
t_20342	23_11
t_20343	23_11
t_20344	23_11
t_20345	23_11
t_20346	23_11
t_20347	23_11
t_20348	23_11
t_20349	23_11
t_20350	23_11
t_20351	23_11
t_20352	23_11
t_20353	23_11
t_20354	23_11
t_20355	23_11
t_20356	23_12
t_20357	23_12
t_20358	23_12
t_20359	23_12
t_20360	23_12
t_20361	23_12
t_20362	23_12
t_20363	23_12
t_20364	23_12
t_20365	23_12
t_20366	23_12
t_20367	23_12
t_20368	23_12
t_20369	23_12
t_20370	23_12
t_20371	23_12
t_20372	23_12
t_20373	23_12
t_20374	23_12
t_20375	23_12
t_20376	23_12
t_20377	23_12
t_20378	23_12
t_20379	23_12
t_20380	23_13
t_20381	23_13
t_20382	23_13
t_20383	23_13
t_20384	23_13
t_20385	23_13
t_20386	23_13
t_20387	23_13
t_20388	23_13
t_20389	23_13
t_20390	23_13
t_20391	23_14
t_20392	23_14
t_20393	23_14
t_20394	23_14
t_20395	23_14
t_20396	23_14
t_20397	23_14
t_20398	23_14
t_20399	23_14
t_20400	23_14
t_20401	23_14
t_20402	23_14
t_20403	23_14
t_20404	23_14
t_20405	23_14
t_20406	23_14
t_20407	23_14
t_20408	23_14
t_20409	23_14
t_20410	23_14
t_20411	23_14
t_20412	23_14
t_20413	23_14
t_20414	23_14
t_20415	23_14
t_20416	23_14
t_20417	23_14
t_20418	23_14
t_20419	23_14
t_20420	23_14
t_20421	23_14
t_20422	23_15
t_20423	23_15
t_20424	23_15
t_20425	23_15
t_20426	23_15
t_20427	23_15
t_20428	23_15
t_20429	23_15
t_20430	23_15
t_20431	23_15
t_20432	23_15
t_20433	23_15
t_20434	23_15
t_20435	23_15
t_20436	23_15
t_20437	23_15
t_20438	23_15
t_20439	23_15
t_20440	23_15
t_20441	23_15
t_20442	23_16
t_20443	23_16
t_20444	23_16
t_20445	23_16
t_20446	23_16
t_20447	23_18
t_20448	23_18
t_20449	23_18
t_20450	23_18
t_20451	23_18
t_20452	23_18
t_20453	23_18
t_20454	23_18
t_20455	23_18
t_20456	23_18
t_20457	23_18
t_20458	23_18
t_20459	23_18
t_20460	23_19
t_20461	23_19
t_20462	23_19
t_20463	23_19
t_20464	23_19
t_20465	23_19
t_20466	23_19
t_20467	23_19
t_20468	23_19
t_20469	23_19
t_20470	23_19
t_20471	23_19
t_20472	23_19
t_20473	23_19
t_20474	23_19
t_20475	23_19
t_20476	23_20
t_20477	23_20
t_20478	23_20
t_20479	23_20
t_20480	23_20
t_20481	23_20
t_20482	23_20
t_20483	23_20
t_20484	23_20
t_20485	23_20
t_20486	23_20
t_20487	23_20
t_20488	23_21
t_20489	23_21
t_20490	23_21
t_20491	23_21
t_20492	23_21
t_20493	23_21
t_20494	23_21
t_20495	23_21
t_20496	23_22
t_20497	23_22
t_20498	23_22
t_20499	23_22
t_20500	23_22
t_20501	23_22
t_20502	23_22
t_20503	23_22
t_20504	23_22
t_20505	23_22
t_20506	23_22
t_20507	23_22
t_20508	23_22
t_20509	23_22
t_20510	23_22
t_20511	23_22
t_20512	23_22
t_20513	23_22
t_20514	23_22
t_20515	23_22
t_20516	23_22
t_20517	23_22
t_20518	23_22
t_20519	23_22
t_20520	23_23
t_20521	23_23
t_20522	23_23
t_20523	23_23
t_20524	23_23
t_20525	23_23
t_20526	23_23
t_20527	23_23
t_20528	23_23
t_20529	23_23
t_20530	23_23
t_20531	23_23
t_20532	23_23
t_20533	23_23
t_20534	23_23
t_20535	23_24
t_20536	23_24
t_20537	23_24
t_20538	23_24
t_20539	23_24
t_20540	23_24
t_20541	23_24
t_20542	23_24
t_20543	23_25
t_20544	23_25
t_20545	23_25
t_20546	23_25
t_20547	23_25
t_20548	23_25
t_20549	23_25
t_20550	23_25
t_20551	23_25
t_20552	23_25
t_20553	23_25
t_20554	23_25
t_20555	23_25
t_20556	23_25
t_20557	23_25
t_20558	23_25
t_20559	23_25
t_20560	23_25
t_20561	23_25
t_20562	23_25
t_20563	23_25
t_20564	23_26
t_20565	23_26
t_20566	23_26
t_20567	23_26
t_20568	23_26
t_20569	23_26
t_20570	23_26
t_20571	23_26
t_20572	23_26
t_20573	23_26
t_20574	23_26
t_20575	23_26
t_20576	23_26
t_20577	23_26
t_20578	23_26
t_20579	23_26
t_20580	23_26
t_20581	23_26
t_20582	23_26
t_20583	23_26
t_20584	23_26
t_20585	23_27
t_20586	23_27
t_20587	23_27
t_20588	23_27
t_20589	23_27
t_20590	23_27
t_20591	23_27
t_20592	23_27
t_20593	23_27
t_20594	23_27
t_20595	23_27
t_20596	23_27
t_20597	23_27
t_20598	23_27
t_20599	23_27
t_20600	23_28
t_20601	23_28
t_20602	23_28
t_20603	23_28
t_20604	23_28
t_20605	23_28
t_20606	23_28
t_20607	23_28
t_20608	23_28
t_20609	23_28
t_20610	23_28
t_20611	23_28
t_20612	23_28
t_20613	23_28
t_20614	23_28
t_20615	23_28
t_20616	23_28
t_20617	23_28
t_20618	23_28
t_20619	23_28
t_20620	23_28
t_20621	23_28
t_20622	23_28
t_20623	23_28
t_20624	23_29
t_20625	23_29
t_20626	23_29
t_20627	23_29
t_20628	23_29
t_20629	23_29
t_20630	23_29
t_20631	23_29
t_20632	23_29
t_20633	23_29
t_20634	23_29
t_20635	23_29
t_20636	23_29
t_20637	23_29
t_20638	23_29
t_20639	23_29
t_20640	23_29
t_20641	23_29
t_20642	23_29
t_20643	23_29
t_20644	23_29
t_20645	23_29
t_20646	23_30
t_20647	23_30
t_20648	23_30
t_20649	23_30
t_20650	23_30
t_20651	23_30
t_20652	23_30
t_20653	23_30
t_20654	23_30
t_20655	23_30
t_20656	23_30
t_20657	23_30
t_20658	23_30
t_20659	23_30
t_20660	23_30
t_20661	23_31
t_20662	23_31
t_20663	23_31
t_20664	23_31
t_20665	23_31
t_20666	23_31
t_20667	23_31
t_20668	23_31
t_20669	23_31
t_20670	23_31
t_20671	23_31
t_20672	23_31
t_20673	23_31
t_20674	23_31
t_20675	23_32
t_20676	23_32
t_20677	23_32
t_20678	23_32
t_20679	23_32
t_20680	23_32
t_20681	23_32
t_20682	23_32
t_20683	23_32
t_20684	23_32
t_20685	23_33
t_20686	23_33
t_20687	23_33
t_20688	23_33
t_20689	23_33
t_20690	23_33
t_20691	23_33
t_20692	23_33
t_20693	23_33
t_20694	23_33
t_20695	23_33
t_20696	23_33
t_20697	23_33
t_20698	23_33
t_20699	23_33
t_20700	23_33
t_20701	23_33
t_20702	23_33
t_20703	23_33
t_20704	23_33
t_20705	23_33
t_20706	23_33
t_20707	23_33
t_20708	23_33
t_20709	23_33
t_20710	23_33
t_20711	23_34
t_20712	23_34
t_20713	23_34
t_20714	23_34
t_20715	23_34
t_20716	23_34
t_20717	23_34
t_20718	23_34
t_20719	23_34
t_20720	23_34
t_20721	23_34
t_20722	23_34
t_20723	23_34
t_20724	23_34
t_20725	23_34
t_20726	23_34
t_20727	23_34
t_20728	23_34
t_20729	23_34
t_20730	23_34
t_20731	23_34
t_20732	23_34
t_20733	23_34
t_20734	23_34
t_20735	23_34
t_20736	23_35
t_20737	23_35
t_20738	23_35
t_20739	23_35
t_20740	23_35
t_20741	23_35
t_20742	23_35
t_20743	23_35
t_20744	23_35
t_20745	23_35
t_20746	23_35
t_20747	23_35
t_20748	23_35
t_20749	23_35
t_20750	23_35
t_20751	23_35
t_20752	23_35
t_20753	23_35
t_20754	23_35
t_20755	23_35
t_20756	23_35
t_20757	23_35
t_20758	23_35
t_20759	23_35
t_20760	23_35
t_20761	23_35
t_20762	23_35
t_20763	23_35
t_20764	23_36
t_20765	23_36
t_20766	23_36
t_20767	23_36
t_20768	23_36
t_20769	23_36
t_20770	23_36
t_20771	23_36
t_20772	23_36
t_20773	23_36
t_20774	23_36
t_20775	23_37
t_20776	23_37
t_20777	23_37
t_20778	23_37
t_20779	23_37
t_20780	23_37
t_20781	23_37
t_20782	23_37
t_20783	23_37
t_20784	23_37
t_20785	23_37
t_20786	23_37
t_20787	23_37
t_20788	23_38
t_20789	23_38
t_20790	23_38
t_20791	23_38
t_20792	23_38
t_20793	23_38
t_20794	23_38
t_20795	23_38
t_20796	23_38
t_20797	23_38
t_20798	23_38
t_20799	23_38
t_20800	23_39
t_20801	23_39
t_20802	23_39
t_20803	23_39
t_20804	23_39
t_20805	23_39
t_20806	23_39
t_20807	23_39
t_20808	23_39
t_20809	23_39
t_20810	23_39
t_20811	23_39
t_20812	23_39
t_20813	23_39
t_20814	23_39
t_20815	23_39
t_20816	23_39
t_20817	23_39
t_20818	23_40
t_20819	23_40
t_20820	23_40
t_20821	23_40
t_20822	23_40
t_20823	23_40
t_20824	23_40
t_20825	23_40
t_20826	23_40
t_20827	23_40
t_20828	23_40
t_20829	23_40
t_20830	23_40
t_20831	23_40
t_20832	23_40
t_20833	23_40
t_20834	23_40
t_20835	23_40
t_20836	23_40
t_20837	23_40
t_20838	23_40
t_20839	23_40
t_20840	23_40
t_20841	23_40
t_20842	23_40
t_20843	23_41
t_20844	23_41
t_20845	23_41
t_20846	23_41
t_20847	23_41
t_20848	23_41
t_20849	23_41
t_20850	23_41
t_20851	23_41
t_20852	23_41
t_20853	23_41
t_20854	23_41
t_20855	23_42
t_20856	23_42
t_20857	23_42
t_20858	23_42
t_20859	23_42
t_20860	23_42
t_20861	23_42
t_20862	23_42
t_20863	23_42
t_20864	23_42
t_20865	23_42
t_20866	23_42
t_20867	23_42
t_20868	23_43
t_20869	23_43
t_20870	23_43
t_20871	23_43
t_20872	23_43
t_20873	23_43
t_20874	23_43
t_20875	23_43
t_20876	23_43
t_20877	23_43
t_20878	23_43
t_20879	23_43
t_20880	23_43
t_20881	23_43
t_20882	23_43
t_20883	23_44
t_20884	23_44
t_20885	23_44
t_20886	23_44
t_20887	23_44
t_20888	23_44
t_20889	23_44
t_20890	23_44
t_20891	23_44
t_20892	23_44
t_20893	23_44
t_20894	23_44
t_20895	23_44
t_20896	23_44
t_20897	23_44
t_20898	23_44
t_20899	23_45
t_20900	23_45
t_20901	23_45
t_20902	23_45
t_20903	23_45
t_20904	23_45
t_20905	23_45
t_20906	23_45
t_20907	23_45
t_20908	23_45
t_20909	23_45
t_20910	23_45
t_20911	23_46
t_20912	23_46
t_20913	23_46
t_20914	23_46
t_20915	23_46
t_20916	23_46
t_20917	23_46
t_20918	23_46
t_20919	23_46
t_20920	23_46
t_20921	23_46
t_20922	23_46
t_20923	23_46
t_20924	23_46
t_20925	23_46
t_20926	23_46
t_20927	23_46
t_20928	23_46
t_20929	23_46
t_20930	23_46
t_20931	23_46
t_20932	23_46
t_20933	23_47
t_20934	23_47
t_20935	23_47
t_20936	23_47
t_20937	23_47
t_20938	23_47
t_20939	23_47
t_20940	23_47
t_20941	23_47
t_20942	23_47
t_20943	23_47
t_20944	23_47
t_20945	23_47
t_20946	23_47
t_20947	23_47
t_20948	23_47
t_20949	23_47
t_20950	23_48
t_20951	23_48
t_20952	23_48
t_20953	23_48
t_20954	23_48
t_20955	23_48
t_20956	23_48
t_20957	23_48
t_20958	23_48
t_20959	23_48
t_20960	23_48
t_20961	23_48
t_20962	23_48
t_20963	23_48
t_20964	23_48
t_20965	23_48
t_20966	23_48
t_20967	23_48
t_20968	23_48
t_20969	23_49
t_20970	23_49
t_20971	23_49
t_20972	23_49
t_20973	23_49
t_20974	23_49
t_20975	23_49
t_20976	23_49
t_20977	23_49
t_20978	23_49
t_20979	23_49
t_20980	23_49
t_20981	23_49
t_20982	23_49
t_20983	23_49
t_20984	23_49
t_20985	23_49
t_20986	23_49
t_20987	23_49
t_20988	23_49
t_20989	23_49
t_20990	23_50
t_20991	23_50
t_20992	23_50
t_20993	23_50
t_20994	23_50
t_20995	23_50
t_20996	23_50
t_20997	23_50
t_20998	23_50
t_20999	23_50
t_21000	23_50
t_21001	23_50
t_21002	23_50
t_21003	23_51
t_21004	23_51
t_21005	23_51
t_21006	23_51
t_21007	23_51
t_21008	23_51
t_21009	23_51
t_21010	23_51
t_21011	23_51
t_21012	23_51
t_21013	23_51
t_21014	23_51
t_21015	23_51
t_21016	23_51
t_21017	23_51
t_21018	23_51
t_21019	23_51
t_21020	23_51
t_21021	23_51
t_21022	23_51
t_21023	23_51
t_21024	23_51
t_21025	23_51
t_21026	23_51
t_21027	23_51
t_21028	23_51
t_21029	23_52
t_21030	23_52
t_21031	23_52
t_21032	23_52
t_21033	23_52
t_21034	23_52
t_21035	23_52
t_21036	23_52
t_21037	23_52
t_21038	23_52
t_21039	23_53
t_21040	23_53
t_21041	23_53
t_21042	23_53
t_21043	23_53
t_21044	23_53
t_21045	23_53
t_21046	23_53
t_21047	23_53
t_21048	23_53
t_21049	23_53
t_21050	23_53
t_21051	23_53
t_21052	23_53
t_21053	23_53
t_21054	23_53
t_21055	23_53
t_21056	23_53
t_21057	23_53
t_21058	23_54
t_21059	23_54
t_21060	23_54
t_21061	23_54
t_21062	23_54
t_21063	23_54
t_21064	23_54
t_21065	23_54
t_21066	23_54
t_21067	23_55
t_21068	23_55
t_21069	23_55
t_21070	23_55
t_21071	23_55
t_21072	23_55
t_21073	23_55
t_21074	23_55
t_21075	23_55
t_21076	23_55
t_21077	23_55
t_21078	23_55
t_21079	23_55
t_21080	23_55
t_21081	23_55
t_21082	23_55
t_21083	23_55
t_21084	23_55
t_21085	23_55
t_21086	23_55
t_21087	23_55
t_21088	23_55
t_21089	23_55
t_21090	23_56
t_21091	23_56
t_21092	23_56
t_21093	23_56
t_21094	23_56
t_21095	23_56
t_21096	23_56
t_21097	23_56
t_21098	23_56
t_21099	23_56
t_21100	23_56
t_21101	23_56
t_21102	23_56
t_21103	23_56
t_21104	23_56
t_21105	23_56
t_21106	24_1
t_21107	24_1
t_21108	24_1
t_21109	24_1
t_21110	24_1
t_21111	24_1
t_21112	24_1
t_21113	24_1
t_21114	24_1
t_21115	24_1
t_21116	24_1
t_21117	24_1
t_21118	24_1
t_21119	24_1
t_21120	24_1
t_21121	24_1
t_21122	24_2
t_21123	24_2
t_21124	24_2
t_21125	24_2
t_21126	24_2
t_21127	24_2
t_21128	24_2
t_21129	24_2
t_21130	24_2
t_21131	24_3
t_21132	24_3
t_21133	24_3
t_21134	24_3
t_21135	24_3
t_21136	24_3
t_21137	24_3
t_21138	24_3
t_21139	24_3
t_21140	24_3
t_21141	24_3
t_21142	24_3
t_21143	24_4
t_21144	24_4
t_21145	24_4
t_21146	24_4
t_21147	24_4
t_21148	24_4
t_21149	24_4
t_21150	24_4
t_21151	24_4
t_21152	24_4
t_21153	24_4
t_21154	24_4
t_21155	24_4
t_21156	24_4
t_21157	24_4
t_21158	24_4
t_21159	24_4
t_21160	24_4
t_21161	24_5
t_21162	24_5
t_21163	24_5
t_21164	24_5
t_21165	24_5
t_21166	24_5
t_21167	24_5
t_21168	24_5
t_21169	24_5
t_21170	24_5
t_21171	24_5
t_21172	24_5
t_21173	24_5
t_21174	24_5
t_21175	24_5
t_21176	24_5
t_21177	24_5
t_21178	24_5
t_21179	24_5
t_21180	24_5
t_21181	24_5
t_21182	24_5
t_21183	24_5
t_21184	24_6
t_21185	24_6
t_21186	24_6
t_21187	24_6
t_21188	24_6
t_21189	24_6
t_21190	24_6
t_21191	24_6
t_21192	24_6
t_21193	24_6
t_21194	24_6
t_21195	24_6
t_21196	24_6
t_21197	24_6
t_21198	24_6
t_21199	24_6
t_21200	24_6
t_21201	24_6
t_21202	24_7
t_21203	24_7
t_21204	24_7
t_21205	24_7
t_21206	24_7
t_21207	24_7
t_21208	24_7
t_21209	24_7
t_21210	24_7
t_21211	24_7
t_21212	24_7
t_21213	24_7
t_21214	24_7
t_21215	24_7
t_21216	24_7
t_21217	24_7
t_21218	24_7
t_21219	24_7
t_21220	24_7
t_21221	24_7
t_21222	24_8
t_21223	24_8
t_21224	24_8
t_21225	24_8
t_21226	24_8
t_21227	24_8
t_21228	24_9
t_21229	24_9
t_21230	24_9
t_21231	24_9
t_21232	24_9
t_21233	24_9
t_21234	24_9
t_21235	24_9
t_21236	24_9
t_21237	24_9
t_21238	24_9
t_21239	24_9
t_21240	24_9
t_21241	24_9
t_21242	24_9
t_21243	24_9
t_21244	24_9
t_21245	24_10
t_21246	24_10
t_21247	24_10
t_21248	24_10
t_21249	24_10
t_21250	24_10
t_21251	24_10
t_21252	24_10
t_21253	24_10
t_21254	24_10
t_21255	24_10
t_21256	24_10
t_21257	24_10
t_21258	24_10
t_21259	24_10
t_21260	24_10
t_21261	24_10
t_21262	24_10
t_21263	24_10
t_21264	24_10
t_21265	24_10
t_21266	24_10
t_21267	24_10
t_21268	24_11
t_21269	24_11
t_21270	24_11
t_21271	24_11
t_21272	24_11
t_21273	24_11
t_21274	24_11
t_21275	24_11
t_21276	24_11
t_21277	24_11
t_21278	24_11
t_21279	24_11
t_21280	24_11
t_21281	24_11
t_21282	24_12
t_21283	24_12
t_21284	24_12
t_21285	24_12
t_21286	24_12
t_21287	24_12
t_21288	24_12
t_21289	24_12
t_21290	24_12
t_21291	24_12
t_21292	24_12
t_21293	24_12
t_21294	24_12
t_21295	24_12
t_21296	24_12
t_21297	24_12
t_21298	24_12
t_21299	24_12
t_21300	24_12
t_21301	24_12
t_21302	24_12
t_21303	24_12
t_21304	24_12
t_21305	24_12
t_21306	24_12
t_21307	24_12
t_21308	24_13
t_21309	24_13
t_21310	24_13
t_21311	24_13
t_21312	24_13
t_21313	24_13
t_21314	24_13
t_21315	24_13
t_21316	24_13
t_21317	24_13
t_21318	24_13
t_21319	24_13
t_21320	24_13
t_21321	24_13
t_21322	24_13
t_21323	24_13
t_21324	24_13
t_21325	24_13
t_21326	24_13
t_21327	24_13
t_21328	24_13
t_21329	24_13
t_21330	24_13
t_21331	24_14
t_21332	24_14
t_21333	24_14
t_21334	24_14
t_21335	24_14
t_21336	24_14
t_21337	24_14
t_21338	24_14
t_21339	24_14
t_21340	24_14
t_21341	24_14
t_21342	24_15
t_21343	24_15
t_21344	24_15
t_21345	24_15
t_21346	24_15
t_21347	24_15
t_21348	24_15
t_21349	24_15
t_21350	24_15
t_21351	24_15
t_21352	24_15
t_21353	24_15
t_21354	24_15
t_21355	24_15
t_21356	24_15
t_21357	24_15
t_21358	24_15
t_21359	24_16
t_21360	24_16
t_21361	24_16
t_21362	24_16
t_21363	24_16
t_21364	24_16
t_21365	24_16
t_21366	24_16
t_21367	24_16
t_21368	24_16
t_21369	24_17
t_21370	24_17
t_21371	24_17
t_21372	24_17
t_21373	24_17
t_21374	24_17
t_21375	24_17
t_21376	24_17
t_21377	24_17
t_21378	24_17
t_21379	24_17
t_21380	24_17
t_21381	24_17
t_21382	24_17
t_21383	24_17
t_21384	24_17
t_21385	24_17
t_21386	24_17
t_21387	24_18
t_21388	24_18
t_21389	24_18
t_21390	24_18
t_21391	24_18
t_21392	24_18
t_21393	24_18
t_21394	24_18
t_21395	24_18
t_21396	24_18
t_21397	24_18
t_21398	24_18
t_21399	24_18
t_21400	24_18
t_21401	24_18
t_21402	24_18
t_21403	24_18
t_21404	24_18
t_21405	24_18
t_21406	24_18
t_21407	24_18
t_21408	24_18
t_21409	24_18
t_21410	24_18
t_21411	24_19
t_21412	24_19
t_21413	24_19
t_21414	24_19
t_21415	24_19
t_21416	24_19
t_21417	24_19
t_21418	24_19
t_21419	24_19
t_21420	24_19
t_21421	24_19
t_21422	24_19
t_21423	24_19
t_21424	24_19
t_21425	24_19
t_21426	24_19
t_21427	24_19
t_21428	24_19
t_21429	24_19
t_21430	24_19
t_21431	24_19
t_21432	24_19
t_21433	24_19
t_21434	24_19
t_21435	24_19
t_21436	24_19
t_21437	24_19
t_21438	24_19
t_21439	24_19
t_21440	24_19
t_21441	24_19
t_21442	24_19
t_21443	24_20
t_21444	24_20
t_21445	24_20
t_21446	24_20
t_21447	24_20
t_21448	24_20
t_21449	24_20
t_21450	24_20
t_21451	24_20
t_21452	24_20
t_21453	24_20
t_21454	24_20
t_21455	24_20
t_21456	24_20
t_21457	24_20
t_21458	24_20
t_21459	24_20
t_21460	24_21
t_21461	24_21
t_21462	24_21
t_21463	24_21
t_21464	24_21
t_21465	24_21
t_21466	24_21
t_21467	24_21
t_21468	24_21
t_21469	24_21
t_21470	24_21
t_21471	24_21
t_21472	24_21
t_21473	24_21
t_21474	24_21
t_21475	24_21
t_21476	24_21
t_21477	24_21
t_21478	24_21
t_21479	24_21
t_21480	24_21
t_21481	24_21
t_21482	24_21
t_21483	24_21
t_21484	24_21
t_21485	24_21
t_21486	24_21
t_21487	24_22
t_21488	24_22
t_21489	24_22
t_21490	24_22
t_21491	24_22
t_21492	24_22
t_21493	24_22
t_21494	24_22
t_21495	24_22
t_21496	24_22
t_21497	24_22
t_21498	24_22
t_21499	24_22
t_21500	24_22
t_21501	24_23
t_21502	24_23
t_21503	24_23
t_21504	24_23
t_21505	24_23
t_21506	24_23
t_21507	24_23
t_21508	24_23
t_21509	24_23
t_21510	24_23
t_21511	24_23
t_21512	24_23
t_21513	24_23
t_21514	24_23
t_21515	24_23
t_21516	24_23
t_21517	24_23
t_21518	24_23
t_21519	24_24
t_21520	24_24
t_21521	24_24
t_21522	24_24
t_21523	24_24
t_21524	24_24
t_21525	24_24
t_21526	24_24
t_21527	24_24
t_21528	24_24
t_21529	24_24
t_21530	24_24
t_21531	24_24
t_21532	24_24
t_21533	24_24
t_21534	24_24
t_21535	24_24
t_21536	24_24
t_21537	24_24
t_21538	24_24
t_21539	24_24
t_21540	24_24
t_21541	24_24
t_21542	24_25
t_21543	24_25
t_21544	24_25
t_21545	24_25
t_21546	24_25
t_21547	24_25
t_21548	24_25
t_21549	24_25
t_21550	24_25
t_21551	24_25
t_21552	24_25
t_21553	24_25
t_21554	24_25
t_21555	24_25
t_21556	24_25
t_21557	24_25
t_21558	24_25
t_21559	24_25
t_21560	24_25
t_21561	24_25
t_21562	24_26
t_21563	24_26
t_21564	24_26
t_21565	24_26
t_21566	24_26
t_21567	24_26
t_21568	24_26
t_21569	24_26
t_21570	24_26
t_21571	24_26
t_21572	24_26
t_21573	24_26
t_21574	24_26
t_21575	24_27
t_21576	24_27
t_21577	24_27
t_21578	24_27
t_21579	24_27
t_21580	24_27
t_21581	24_27
t_21582	24_27
t_21583	24_27
t_21584	24_27
t_21585	24_27
t_21586	24_27
t_21587	24_27
t_21588	24_27
t_21589	24_27
t_21590	24_27
t_21591	24_27
t_21592	24_27
t_21593	24_27
t_21594	24_28
t_21595	24_28
t_21596	24_28
t_21597	24_28
t_21598	24_28
t_21599	24_28
t_21600	24_28
t_21601	24_28
t_21602	24_28
t_21603	24_28
t_21604	24_28
t_21605	24_28
t_21606	24_28
t_21607	24_28
t_21608	24_29
t_21609	24_29
t_21610	24_29
t_21611	24_29
t_21612	24_29
t_21613	24_29
t_21614	24_29
t_21615	24_29
t_21616	24_29
t_21617	24_29
t_21618	24_29
t_21619	24_29
t_21620	24_29
t_21621	24_29
t_21622	24_29
t_21623	24_29
t_21624	24_29
t_21625	24_29
t_21626	24_29
t_21627	24_29
t_21628	24_29
t_21629	24_29
t_21630	24_29
t_21631	24_29
t_21632	24_29
t_21633	24_30
t_21634	24_30
t_21635	24_30
t_21636	24_30
t_21637	24_30
t_21638	24_30
t_21639	24_30
t_21640	24_30
t_21641	24_30
t_21642	24_30
t_21643	24_30
t_21644	24_30
t_21645	24_30
t_21646	24_30
t_21647	24_30
t_21648	24_30
t_21649	24_30
t_21650	24_31
t_21651	24_31
t_21652	24_31
t_21653	24_31
t_21654	24_31
t_21655	24_31
t_21656	24_31
t_21657	24_31
t_21658	24_31
t_21659	24_31
t_21660	24_31
t_21661	24_31
t_21662	24_31
t_21663	24_31
t_21664	24_31
t_21665	24_31
t_21666	24_32
t_21667	24_32
t_21668	24_32
t_21669	24_32
t_21670	24_32
t_21671	24_32
t_21672	24_32
t_21673	24_32
t_21674	24_32
t_21675	24_32
t_21676	24_32
t_21677	24_32
t_21678	24_32
t_21679	24_32
t_21680	24_32
t_21681	24_32
t_21682	24_32
t_21683	24_32
t_21684	24_32
t_21685	24_32
t_21686	24_32
t_21687	24_32
t_21688	24_32
t_21689	24_33
t_21690	24_33
t_21691	24_33
t_21692	24_33
t_21693	24_33
t_21694	24_33
t_21695	24_33
t_21696	24_33
t_21697	24_33
t_21698	24_33
t_21699	24_33
t_21700	24_33
t_21701	24_33
t_21702	24_33
t_21703	24_33
t_21704	24_33
t_21705	24_33
t_21706	24_33
t_21707	24_33
t_21708	24_34
t_21709	24_34
t_21710	24_34
t_21711	24_34
t_21712	24_34
t_21713	24_34
t_21714	24_34
t_21715	24_34
t_21716	24_34
t_21717	24_34
t_21718	24_35
t_21719	24_35
t_21720	24_35
t_21721	24_35
t_21722	24_35
t_21723	24_35
t_21724	24_35
t_21725	24_35
t_21726	24_35
t_21727	24_35
t_21728	24_35
t_21729	24_35
t_21730	24_35
t_21731	24_35
t_21732	24_35
t_21733	24_35
t_21734	24_35
t_21735	24_36
t_21736	24_36
t_21737	24_36
t_21738	24_36
t_21739	24_36
t_21740	24_36
t_21741	24_36
t_21742	24_36
t_21743	24_36
t_21744	24_36
t_21745	24_36
t_21746	24_36
t_21747	24_36
t_21748	24_36
t_21749	24_36
t_21750	24_36
t_21751	24_36
t_21752	24_37
t_21753	24_37
t_21754	24_37
t_21755	24_37
t_21756	24_37
t_21757	24_37
t_21758	24_37
t_21759	24_37
t_21760	24_37
t_21761	24_38
t_21762	24_38
t_21763	24_38
t_21764	24_38
t_21765	24_38
t_21766	24_38
t_21767	24_38
t_21768	24_38
t_21769	24_38
t_21770	24_38
t_21771	24_38
t_21772	24_38
t_21773	24_38
t_21774	24_38
t_21775	24_38
t_21776	24_38
t_21777	24_38
t_21778	24_39
t_21779	24_39
t_21780	24_39
t_21781	24_39
t_21782	24_39
t_21783	24_39
t_21784	24_39
t_21785	24_39
t_21786	24_39
t_21787	24_39
t_21788	24_39
t_21789	24_39
t_21790	24_39
t_21791	24_39
t_21792	24_39
t_21793	24_39
t_21794	24_39
t_21795	24_39
t_21796	24_39
t_21797	24_39
t_21798	24_39
t_21799	24_39
t_21800	24_39
t_21801	24_39
t_21802	24_39
t_21803	24_39
t_21804	24_39
t_21805	24_39
t_21806	24_39
t_21807	24_39
t_21808	24_40
t_21809	24_40
t_21810	24_40
t_21811	24_40
t_21812	24_40
t_21813	24_40
t_21814	24_40
t_21815	24_40
t_21816	24_40
t_21817	24_40
t_21818	24_40
t_21819	24_40
t_21820	24_40
t_21821	24_41
t_21822	24_41
t_21823	24_41
t_21824	24_41
t_21825	24_41
t_21826	24_41
t_21827	24_41
t_21828	24_41
t_21829	24_41
t_21830	24_41
t_21831	24_41
t_21832	24_41
t_21833	24_41
t_21834	24_41
t_21835	24_41
t_21836	24_41
t_21837	24_42
t_21838	24_42
t_21839	24_42
t_21840	24_42
t_21841	24_42
t_21842	24_42
t_21843	24_42
t_21844	24_42
t_21845	24_43
t_21846	24_43
t_21847	24_43
t_21848	24_43
t_21849	24_43
t_21850	24_43
t_21851	24_44
t_21852	24_44
t_21853	24_44
t_21854	24_44
t_21855	24_44
t_21856	24_44
t_21857	24_44
t_21858	24_44
t_21859	24_44
t_21860	24_44
t_21861	24_44
t_21862	24_44
t_21863	24_44
t_21864	24_44
t_21865	24_44
t_21866	24_44
t_21867	24_44
t_21868	24_44
t_21869	24_44
t_21870	24_44
t_21871	24_44
t_21872	24_44
t_21873	24_44
t_21874	24_44
t_21875	24_44
t_21876	24_44
t_21877	24_44
t_21878	24_44
t_21879	24_44
t_21880	24_44
t_21881	24_44
t_21882	24_44
t_21883	24_44
t_21884	24_44
t_21885	24_44
t_21886	24_45
t_21887	24_45
t_21888	24_45
t_21889	24_45
t_21890	24_45
t_21891	24_45
t_21892	24_45
t_21893	24_45
t_21894	24_45
t_21895	24_45
t_21896	24_46
t_21897	24_46
t_21898	24_46
t_21899	24_46
t_21900	24_46
t_21901	24_46
t_21902	24_46
t_21903	24_46
t_21904	24_46
t_21905	24_46
t_21906	24_46
t_21907	24_46
t_21908	24_46
t_21909	24_46
t_21910	24_46
t_21911	24_46
t_21912	24_46
t_21913	24_47
t_21914	24_47
t_21915	24_47
t_21916	24_47
t_21917	24_47
t_21918	24_47
t_21919	24_47
t_21920	24_47
t_21921	24_47
t_21922	24_47
t_21923	24_47
t_21924	24_47
t_21925	24_47
t_21926	24_47
t_21927	24_47
t_21928	24_47
t_21929	24_47
t_21930	24_47
t_21931	24_47
t_21932	24_47
t_21933	24_48
t_21934	24_48
t_21935	24_48
t_21936	24_48
t_21937	24_49
t_21938	24_49
t_21939	24_49
t_21940	24_49
t_21941	24_49
t_21942	24_49
t_21943	24_49
t_21944	24_49
t_21945	24_49
t_21946	24_49
t_21947	24_49
t_21948	24_49
t_21949	24_49
t_21950	24_49
t_21951	24_49
t_21952	24_49
t_21953	24_49
t_21954	24_49
t_21955	24_49
t_21956	24_49
t_21957	24_49
t_21958	24_49
t_21959	24_49
t_21960	24_49
t_21961	24_49
t_21962	24_50
t_21963	24_50
t_21964	24_50
t_21965	24_50
t_21966	24_50
t_21967	24_50
t_21968	24_50
t_21969	24_50
t_21970	24_50
t_21971	24_50
t_21972	24_50
t_21973	24_50
t_21974	24_50
t_21975	24_50
t_21976	24_50
t_21977	24_51
t_21978	24_51
t_21979	24_51
t_21980	24_51
t_21981	24_51
t_21982	24_51
t_21983	24_51
t_21984	24_51
t_21985	24_51
t_21986	24_51
t_21987	24_51
t_21988	24_51
t_21989	24_51
t_21990	24_51
t_21991	24_51
t_21992	24_51
t_21993	24_51
t_21994	24_51
t_21995	24_52
t_21996	24_52
t_21997	24_52
t_21998	24_52
t_21999	24_52
t_22000	24_52
t_22001	24_52
t_22002	24_52
t_22003	24_52
t_22004	24_52
t_22005	24_52
t_22006	24_52
t_22007	24_52
t_22008	24_53
t_22009	24_53
t_22010	24_53
t_22011	24_53
t_22012	24_53
t_22013	24_53
t_22014	24_53
t_22015	24_53
t_22016	24_53
t_22017	24_53
t_22018	24_53
